[INFO] debug log=C:\Users\kccistc\Downloads\로그 파일\uart_debug_20260926_150100_082912.log
[INFO] rows=233, port=COM9, baud=921600, rate=20.000Hz
[INFO] packet=36B, video=1440x720 @ 20.000fps
[INFO] video + UART start together. Q or ESC = stop
TK,1514,30310,17,90.0,70.0,100.0,90.0,0.05,1500,1277,1611,1500,2450,0.0,1,0
TK,1515,30330,17,90.0,70.0,100.0,90.0,0.05,1500,1277,1611,1500,2450,0.0,1,0
TK,1516,30350,17,90.0,70.0,100.0,90.0,0.05,1500,1277,1611,1500,2450,0.0,1,0
TK,1517,30370,18,90.0,70.0,100.0,90.0,0.05,1500,1277,1611,1500,2450,0.0,1,0
TK,1518,30390,17,90.0,70.0,100.0,90.0,0.05,1500,1277,1611,1500,2450,0.0,1,0
TK,1519,30410,17,90.0,70.0,100.0,90.0,0.05,1500,1277,1611,1500,2450,0.0,1,0
TK,1520,30430,17,90.0,70.0,100.0,90.0,0.05,1500,1277,1611,1500,2450,0.0,1,0
TK,1521,30450,17,90.0,70.0,100.0,90.0,0.05,1500,1277,1611,1500,2450,0.0,1,0
TK,1522,30470,17,90.0,70.0,100.0,90.0,0.05,1500,1277,1611,1500,2450,0.0,1,0
TK,1523,30490,18,90.0,70.0,100.0,90.0,0.05,1500,1277,1611,1500,2450,0.0,1,0
TK,1524,30510,17,90.0,70.0,100.0,90.0,0.05,1500,1277,1611,1500,2450,0.0,1,0
TK,1525,30530,18,90.0,70.0,100.0,90.0,0.05,1500,1277,1611,1500,2450,0.0,1,0
A1,1,30538,742,50,1,63,-1,0,,,,,
P3,1,15,5,0,0.434,-0.295,7.334,-0.566,-0.268,7.336,-0.609,-0.838,6.850,-0.435,-0.834,6.224,0.000,0.000,0.000,0.000,0.000,0.000
EV,30538,A1_LOST,1
A2,1,30538,1,-,0x0,,,,,,,,,
TK,1526,30550,20,90.0,70.0,100.0,90.0,0.05,1500,1277,1611,1500,2450,0.0,1,0
TK,1527,30570,19,90.0,70.0,100.0,90.0,0.05,1500,1277,1611,1500,2450,0.0,1,0
TK,1528,30590,18,90.0,70.0,100.0,90.0,0.05,1500,1277,1611,1500,2450,0.0,1,0
A1,2,30609,1041,71,1,63,-1,0,,,,,
P3,2,15,5,0,0.432,-0.296,7.317,-0.568,-0.268,7.332,-0.606,-0.843,6.849,-0.434,-0.834,6.223,0.000,0.000,0.000,0.000,0.000,0.000
A2,2,30609,1,-,0x0,,,,,,,,,
TK,1529,30610,20,90.0,70.0,100.0,90.0,0.05,1500,1277,1611,1500,2450,0.0,1,0
TK,1530,30630,18,90.0,70.0,100.0,90.0,0.05,1500,1277,1611,1500,2450,0.0,1,0
A1,3,30631,1023,22,1,63,-1,0,,,,,
P3,3,15,5,0,0.431,-0.297,7.311,-0.569,-0.268,7.330,-0.605,-0.845,6.848,-0.433,-0.833,6.222,0.000,0.000,0.000,0.000,0.000,0.000
A2,3,30631,1,-,0x0,,,,,,,,,
TK,1531,30650,20,90.0,70.0,100.0,90.0,0.05,1500,1277,1611,1500,2450,0.0,1,0
TK,1532,30670,18,90.0,70.0,100.0,90.0,0.05,1500,1277,1611,1500,2450,0.0,1,0
A1,4,30683,986,51,1,63,-1,0,,,,,
P3,4,15,5,0,0.431,-0.299,7.295,-0.571,-0.267,7.320,-0.602,-0.853,6.845,-0.432,-0.832,6.218,0.000,0.000,0.000,0.000,0.000,0.000
A2,4,30683,1,-,0x0,,,,,,,,,
TK,1533,30690,20,90.0,70.0,100.0,90.0,0.05,1500,1277,1611,1500,2450,0.0,1,0
TK,1534,30710,18,90.0,70.0,100.0,90.0,0.05,1500,1277,1611,1500,2450,0.0,1,0
TK,1535,30730,18,90.0,70.0,100.0,90.0,0.05,1500,1277,1611,1500,2450,0.0,1,0
A1,5,30733,973,50,1,63,-1,0,,,,,
P3,5,15,5,0,0.430,-0.301,7.277,-0.572,-0.266,7.308,-0.600,-0.862,6.840,-0.431,-0.830,6.213,0.000,0.000,0.000,0.000,0.000,0.000
A2,5,30733,1,-,0x0,,,,,,,,,
TK,1536,30750,20,90.0,70.0,100.0,90.0,0.05,1500,1277,1611,1500,2450,0.0,1,0
TK,1537,30770,18,90.0,70.0,100.0,90.0,0.05,1500,1277,1611,1500,2450,0.0,1,0
A1,6,30783,952,49,1,63,-1,0,,,,,
P3,6,15,5,0,0.430,-0.303,7.259,-0.574,-0.266,7.295,-0.597,-0.870,6.835,-0.430,-0.829,6.209,0.000,0.000,0.000,0.000,0.000,0.000
A2,6,30783,1,-,0x0,,,,,,,,,
TK,1538,30790,20,90.0,70.0,100.0,90.0,0.05,1500,1277,1611,1500,2450,0.0,1,0
TK,1539,30810,18,90.0,70.0,100.0,90.0,0.05,1500,1277,1611,1500,2450,0.0,1,0
TK,1540,30830,17,90.0,70.0,100.0,90.0,0.05,1500,1277,1611,1500,2450,0.0,1,0
A1,7,30833,938,50,1,63,-1,0,,,,,
P3,7,15,5,0,0.430,-0.305,7.238,-0.575,-0.265,7.279,-0.592,-0.877,6.827,-0.428,-0.828,6.200,0.000,0.000,0.000,0.000,0.000,0.000
A2,7,30833,1,-,0x0,,,,,,,,,
TK,1541,30850,20,90.0,70.0,100.0,90.0,0.05,1500,1277,1611,1500,2450,0.0,1,0
TK,1542,30870,18,90.0,70.0,100.0,90.0,0.05,1500,1277,1611,1500,2450,0.0,1,0
A1,8,30883,922,50,1,63,-1,0,,,,,
P3,8,15,5,0,0.430,-0.306,7.217,-0.576,-0.264,7.262,-0.586,-0.883,6.818,-0.427,-0.827,6.191,0.000,0.000,0.000,0.000,0.000,0.000
A2,8,30883,1,-,0x0,,,,,,,,,
TK,1543,30890,20,90.0,70.0,100.0,90.0,0.05,1500,1277,1611,1500,2450,0.0,1,0
TK,1544,30910,18,90.0,70.0,100.0,90.0,0.05,1500,1277,1611,1500,2450,0.0,1,0
TK,1545,30930,17,90.0,70.0,100.0,90.0,0.05,1500,1277,1611,1500,2450,0.0,1,0
A1,9,30934,1002,50,1,63,-1,0,,,,,
P3,9,15,5,0,0.430,-0.307,7.198,-0.576,-0.263,7.246,-0.581,-0.889,6.810,-0.426,-0.827,6.183,0.000,0.000,0.000,0.000,0.000,0.000
A2,9,30934,1,-,0x0,,,,,,,,,
TK,1546,30950,21,90.0,70.0,100.0,90.0,0.05,1500,1277,1611,1500,2450,0.0,1,0
TK,1547,30970,18,90.0,70.0,100.0,90.0,0.05,1500,1277,1611,1500,2450,0.0,1,0
A1,10,30983,994,49,1,63,-1,0,,,,,
P3,10,15,5,0,0.430,-0.308,7.180,-0.576,-0.263,7.230,-0.577,-0.895,6.803,-0.425,-0.827,6.176,0.000,0.000,0.000,0.000,0.000,0.000
A2,10,30983,1,-,0x0,,,,,,,,,
TK,1548,30990,21,90.0,70.0,100.0,90.0,0.05,1500,1277,1611,1500,2450,0.0,1,0
SM,31000,10,0,0,0,0,1548,1548,0,0,0,0,0,0,0,401
TK,1549,31011,18,90.0,70.0,100.0,90.0,0.05,1500,1277,1611,1500,2450,0.0,1,0
TK,1550,31031,18,90.0,70.0,100.0,90.0,0.05,1500,1277,1611,1500,2450,0.0,1,0
A1,11,31033,989,50,1,63,-1,0,,,,,
P3,11,15,5,0,0.430,-0.308,7.162,-0.576,-0.262,7.214,-0.573,-0.901,6.796,-0.425,-0.828,6.169,0.000,0.000,0.000,0.000,0.000,0.000
A2,11,31033,1,-,0x0,,,,,,,,,
TK,1551,31051,20,90.0,70.0,100.0,90.0,0.05,1500,1277,1611,1500,2450,0.0,1,0
TK,1552,31071,19,90.0,70.0,100.0,90.0,0.05,1500,1277,1611,1500,2450,0.0,1,0
A1,12,31082,972,49,1,63,-1,0,,,,,
P3,12,15,5,0,0.431,-0.309,7.144,-0.575,-0.260,7.198,-0.570,-0.909,6.792,-0.420,-0.833,6.164,0.000,0.000,0.000,0.000,0.000,0.000
A2,12,31082,1,-,0x0,,,,,,,,,
TK,1553,31091,20,90.0,70.0,100.0,90.0,0.05,1500,1277,1611,1500,2450,0.0,1,0
TK,1554,31111,19,90.0,70.0,100.0,90.0,0.05,1500,1277,1611,1500,2450,0.0,1,0
TK,1555,31131,17,90.0,70.0,100.0,90.0,0.05,1500,1277,1611,1500,2450,0.0,1,0
A1,13,31132,962,50,1,63,-1,0,,,,,
P3,13,15,5,0,0.431,-0.310,7.125,-0.575,-0.259,7.181,-0.568,-0.916,6.788,-0.413,-0.839,6.161,0.000,0.000,0.000,0.000,0.000,0.000
A2,13,31132,1,-,0x0,,,,,,,,,
TK,1556,31151,20,90.0,70.0,100.0,90.0,0.05,1500,1277,1611,1500,2450,0.0,1,0
TK,1557,31171,18,90.0,70.0,100.0,90.0,0.05,1500,1277,1611,1500,2450,0.0,1,0
A1,14,31182,960,50,1,63,-1,0,,,,,
P3,14,15,5,0,0.431,-0.311,7.107,-0.574,-0.257,7.164,-0.559,-0.922,6.784,-0.405,-0.847,6.157,0.000,0.000,0.000,0.000,0.000,0.000
A2,14,31182,1,-,0x0,,,,,,,,,
TK,1558,31191,21,90.0,70.0,100.0,90.0,0.05,1500,1277,1611,1500,2450,0.0,1,0
TK,1559,31211,18,90.0,70.0,100.0,90.0,0.05,1500,1277,1611,1500,2450,0.0,1,0
TK,1560,31231,18,90.0,70.0,100.0,90.0,0.05,1500,1277,1611,1500,2450,0.0,1,0
A1,15,31232,953,50,1,63,-1,0,,,,,
P3,15,15,5,0,0.432,-0.311,7.092,-0.573,-0.256,7.150,-0.549,-0.927,6.781,-0.399,-0.853,6.154,0.000,0.000,0.000,0.000,0.000,0.000
A2,15,31232,1,-,0x0,,,,,,,,,
TK,1561,31251,21,90.0,70.0,100.0,90.0,0.05,1500,1277,1611,1500,2450,0.0,1,0
TK,1562,31271,18,90.0,70.0,100.0,90.0,0.05,1500,1277,1611,1500,2450,0.0,1,0
A1,16,31285,953,53,1,63,-1,0,,,,,
P3,16,15,5,0,0.432,-0.312,7.078,-0.572,-0.256,7.137,-0.537,-0.927,6.776,-0.395,-0.858,6.147,0.000,0.000,0.000,0.000,0.000,0.000
A2,16,31285,1,-,0x0,,,,,,,,,
TK,1563,31291,20,90.0,70.0,100.0,90.0,0.05,1500,1277,1611,1500,2450,0.0,1,0
TK,1564,31311,18,90.0,70.0,100.0,90.0,0.05,1500,1277,1611,1500,2450,0.0,1,0
TK,1565,31331,17,90.0,70.0,100.0,90.0,0.05,1500,1277,1611,1500,2450,0.0,1,0
A1,17,31333,955,47,1,63,-1,0,,,,,
P3,17,15,5,0,0.433,-0.312,7.068,-0.572,-0.256,7.128,-0.527,-0.924,6.769,-0.393,-0.859,6.139,0.000,0.000,0.000,0.000,0.000,0.000
A2,17,31333,1,-,0x0,,,,,,,,,
TK,1566,31351,21,90.0,70.0,100.0,90.0,0.05,1500,1277,1611,1500,2450,0.0,1,0
TK,1567,31371,19,90.0,70.0,100.0,90.0,0.05,1500,1277,1611,1500,2450,0.0,1,0
A1,18,31383,956,50,1,63,-1,0,,,,,
P3,18,15,5,0,0.433,-0.312,7.059,-0.572,-0.256,7.120,-0.519,-0.920,6.760,-0.391,-0.861,6.129,0.000,0.000,0.000,0.000,0.000,0.000
A2,18,31383,0,-,0x0,,,,,,,,,
TK,1568,31391,21,90.0,70.0,100.0,90.0,0.05,1500,1277,1611,1500,2450,0.0,1,0
TK,1569,31411,18,90.0,70.0,100.0,90.0,0.05,1500,1277,1611,1500,2450,0.0,1,0
TK,1570,31431,18,90.0,70.0,100.0,90.0,0.05,1500,1277,1611,1500,2450,0.0,1,0
A1,19,31433,945,50,1,63,-1,0,,,,,
P3,19,15,5,0,0.433,-0.313,7.050,-0.573,-0.257,7.111,-0.513,-0.917,6.751,-0.388,-0.862,6.119,0.000,0.000,0.000,0.000,0.000,0.000
A2,19,31433,0,-,0x0,,,,,,,,,
TK,1571,31451,21,90.0,70.0,100.0,90.0,0.05,1500,1277,1611,1500,2450,0.0,1,0
TK,1572,31471,18,90.0,70.0,100.0,90.0,0.05,1500,1277,1611,1500,2450,0.0,1,0
[TX] frame=20 csv_frame=20 time=0.97s
A1,20,31484,946,52,1,63,-1,0,,,,,
P3,20,15,5,0,0.433,-0.312,7.041,-0.573,-0.257,7.103,-0.508,-0.912,6.740,-0.386,-0.862,6.107,0.000,0.000,0.000,0.000,0.000,0.000
A2,20,31485,1,-,0x0,,,,,,,,,
TK,1573,31491,21,90.0,70.0,100.0,90.0,0.05,1500,1277,1611,1500,2450,0.0,1,0
TK,1574,31511,19,90.0,70.0,100.0,90.0,0.05,1500,1277,1611,1500,2450,0.0,1,0
TK,1575,31531,17,90.0,70.0,100.0,90.0,0.05,1500,1277,1611,1500,2450,0.0,1,0
A1,21,31533,932,48,1,63,-1,0,,,,,
P3,21,15,5,0,0.433,-0.310,7.030,-0.573,-0.257,7.093,-0.504,-0.909,6.729,-0.384,-0.862,6.095,0.000,0.000,0.000,0.000,0.000,0.000
A2,21,31533,1,-,0x0,,,,,,,,,
TK,1576,31551,20,90.0,70.0,100.0,90.0,0.05,1500,1277,1611,1500,2450,0.0,1,0
TK,1577,31571,18,90.0,70.0,100.0,90.0,0.05,1500,1277,1611,1500,2450,0.0,1,0
A1,22,31584,924,51,1,63,-1,0,,,,,
P3,22,15,5,0,0.433,-0.309,7.019,-0.573,-0.257,7.082,-0.501,-0.906,6.715,-0.382,-0.862,6.081,0.000,0.000,0.000,0.000,0.000,0.000
A2,22,31584,1,-,0x0,,,,,,,,,
TK,1578,31591,20,90.0,70.0,100.0,90.0,0.05,1500,1277,1611,1500,2450,0.0,1,0
TK,1579,31611,18,90.0,70.0,100.0,90.0,0.05,1500,1277,1611,1500,2450,0.0,1,0
TK,1580,31631,17,90.0,70.0,100.0,90.0,0.05,1500,1277,1611,1500,2450,0.0,1,0
A1,23,31634,921,50,1,63,-1,0,,,,,
P3,23,15,5,0,0.434,-0.307,7.009,-0.573,-0.257,7.072,-0.499,-0.906,6.705,-0.380,-0.863,6.070,0.000,0.000,0.000,0.000,0.000,0.000
A2,23,31634,1,-,0x0,,,,,,,,,
TK,1581,31651,20,90.0,70.0,100.0,90.0,0.05,1500,1277,1611,1500,2450,0.0,1,0
TK,1582,31671,18,90.0,70.0,100.0,90.0,0.05,1500,1277,1611,1500,2450,0.0,1,0
A1,24,31683,923,49,1,63,-1,0,,,,,
P3,24,15,5,0,0.434,-0.305,6.998,-0.573,-0.257,7.061,-0.498,-0.905,6.694,-0.379,-0.863,6.059,0.000,0.000,0.000,0.000,0.000,0.000
A2,24,31683,1,-,0x0,,,,,,,,,
TK,1583,31691,20,90.0,70.0,100.0,90.0,0.05,1500,1277,1611,1500,2450,0.0,1,0
TK,1584,31711,18,90.0,70.0,100.0,90.0,0.05,1500,1277,1611,1500,2450,0.0,1,0
TK,1585,31731,18,90.0,70.0,100.0,90.0,0.05,1500,1277,1611,1500,2450,0.0,1,0
A1,25,31735,923,52,1,63,-1,0,,,,,
P3,25,15,5,0,0.434,-0.303,6.988,-0.573,-0.256,7.052,-0.498,-0.906,6.685,-0.379,-0.863,6.049,0.000,0.000,0.000,0.000,0.000,0.000
A2,25,31735,1,-,0x0,,,,,,,,,
TK,1586,31751,20,90.0,70.0,100.0,90.0,0.05,1500,1277,1611,1500,2450,0.0,1,0
TK,1587,31771,18,90.0,70.0,100.0,90.0,0.05,1500,1277,1611,1500,2450,0.0,1,0
A1,26,31783,900,48,1,63,-1,0,,,,,
P3,26,15,5,0,0.435,-0.301,6.978,-0.573,-0.255,7.042,-0.499,-0.901,6.672,-0.379,-0.861,6.036,0.000,0.000,0.000,0.000,0.000,0.000
A2,26,31783,0,-,0x0,,,,,,,,,
TK,1588,31791,20,90.0,70.0,100.0,90.0,0.05,1500,1277,1611,1500,2450,0.0,1,0
TK,1589,31811,18,90.0,70.0,100.0,90.0,0.05,1500,1277,1611,1500,2450,0.0,1,0
TK,1590,31831,17,90.0,70.0,100.0,90.0,0.05,1500,1277,1611,1500,2450,0.0,1,0
A1,27,31834,983,50,1,63,-1,0,,,,,
P3,27,15,5,0,0.435,-0.299,6.964,-0.573,-0.254,7.029,-0.503,-0.901,6.659,-0.379,-0.858,6.023,0.000,0.000,0.000,0.000,0.000,0.000
A2,27,31834,1,-,0x0,,,,,,,,,
TK,1591,31851,21,90.0,70.0,100.0,90.0,0.05,1500,1277,1611,1500,2450,0.0,1,0
TK,1592,31871,18,90.0,70.0,100.0,90.0,0.05,1500,1277,1611,1500,2450,0.0,1,0
A1,28,31883,975,49,1,63,-1,0,,,,,
P3,28,15,5,0,0.436,-0.298,6.950,-0.572,-0.252,7.015,-0.507,-0.900,6.645,-0.380,-0.856,6.009,0.000,0.000,0.000,0.000,0.000,0.000
A2,28,31883,1,-,0x0,,,,,,,,,
TK,1593,31891,21,90.0,70.0,100.0,90.0,0.05,1500,1277,1611,1500,2450,0.0,1,0
TK,1594,31911,19,90.0,70.0,100.0,90.0,0.05,1500,1277,1611,1500,2450,0.0,1,0
TK,1595,31931,18,90.0,70.0,100.0,90.0,0.05,1500,1277,1611,1500,2450,0.0,1,0
A1,29,31934,968,51,1,63,-1,0,,,,,
P3,29,15,5,0,0.436,-0.297,6.938,-0.572,-0.251,7.003,-0.511,-0.898,6.632,-0.381,-0.854,5.997,0.000,0.000,0.000,0.000,0.000,0.000
A2,29,31934,1,-,0x0,,,,,,,,,
TK,1596,31951,20,90.0,70.0,100.0,90.0,0.05,1500,1277,1611,1500,2450,0.0,1,0
TK,1597,31971,19,90.0,70.0,100.0,90.0,0.05,1500,1277,1611,1500,2450,0.0,1,0
A1,30,31986,959,52,1,63,-1,0,,,,,
P3,30,15,5,0,0.436,-0.295,6.925,-0.572,-0.250,6.990,-0.514,-0.897,6.618,-0.382,-0.851,5.983,0.000,0.000,0.000,0.000,0.000,0.000
A2,30,31986,1,-,0x0,,,,,,,,,
TK,1598,31991,20,90.0,70.0,100.0,90.0,0.05,1500,1277,1611,1500,2450,0.0,1,0
SM,32000,30,0,0,0,0,1598,1598,0,0,0,0,0,0,0,194
TK,1599,32012,19,90.0,70.0,100.0,90.0,0.05,1500,1277,1611,1500,2450,0.0,1,0
TK,1600,32032,18,90.0,70.0,100.0,90.0,0.05,1500,1277,1611,1500,2450,0.0,1,0
A1,31,32035,946,49,1,63,-1,0,,,,,
P3,31,15,5,0,0.436,-0.293,6.912,-0.572,-0.249,6.977,-0.516,-0.896,6.604,-0.383,-0.849,5.969,0.000,0.000,0.000,0.000,0.000,0.000
A2,31,32035,1,-,0x0,,,,,,,,,
TK,1601,32052,20,90.0,70.0,100.0,90.0,0.05,1500,1277,1611,1500,2450,0.0,1,0
TK,1602,32072,18,90.0,70.0,100.0,90.0,0.05,1500,1277,1611,1500,2450,0.0,1,0
A1,32,32083,930,49,1,63,-1,0,,,,,
P3,32,15,5,0,0.437,-0.291,6.897,-0.572,-0.248,6.963,-0.517,-0.896,6.591,-0.383,-0.847,5.956,0.000,0.000,0.000,0.000,0.000,0.000
A2,32,32084,1,-,0x0,,,,,,,,,
TK,1603,32092,20,90.0,70.0,100.0,90.0,0.05,1500,1277,1611,1500,2450,0.0,1,0
TK,1604,32112,18,90.0,70.0,100.0,90.0,0.05,1500,1277,1611,1500,2450,0.0,1,0
TK,1605,32132,18,90.0,70.0,100.0,90.0,0.05,1500,1277,1611,1500,2450,0.0,1,0
A1,33,32134,930,50,1,63,-1,0,,,,,
P3,33,15,5,0,0.437,-0.290,6.882,-0.572,-0.247,6.948,-0.518,-0.898,6.578,-0.384,-0.845,5.944,0.000,0.000,0.000,0.000,0.000,0.000
A2,33,32134,0,-,0x0,,,,,,,,,
TK,1606,32152,20,90.0,70.0,100.0,90.0,0.05,1500,1277,1611,1500,2450,0.0,1,0
TK,1607,32172,18,90.0,70.0,100.0,90.0,0.05,1500,1277,1611,1500,2450,0.0,1,0
A1,34,32184,932,50,1,63,-1,0,,,,,
P3,34,15,5,0,0.437,-0.288,6.868,-0.572,-0.246,6.934,-0.518,-0.901,6.567,-0.382,-0.844,5.933,0.000,0.000,0.000,0.000,0.000,0.000
A2,34,32184,1,-,0x0,,,,,,,,,
TK,1608,32192,20,90.0,70.0,100.0,90.0,0.05,1500,1277,1611,1500,2450,0.0,1,0
TK,1609,32212,18,90.0,70.0,100.0,90.0,0.05,1500,1277,1611,1500,2450,0.0,1,0
TK,1610,32232,17,90.0,70.0,100.0,90.0,0.05,1500,1277,1611,1500,2450,0.0,1,0
A1,35,32234,931,50,1,63,-1,0,,,,,
P3,35,15,5,0,0.436,-0.286,6.857,-0.572,-0.246,6.922,-0.517,-0.903,6.559,-0.379,-0.843,5.926,0.000,0.000,0.000,0.000,0.000,0.000
A2,35,32234,1,-,0x0,,,,,,,,,
TK,1611,32252,20,90.0,70.0,100.0,90.0,0.05,1500,1277,1611,1500,2450,0.0,1,0
TK,1612,32272,18,90.0,70.0,100.0,90.0,0.05,1500,1277,1611,1500,2450,0.0,1,0
A1,36,32283,935,49,1,63,-1,0,,,,,
P3,36,15,5,0,0.435,-0.284,6.846,-0.572,-0.245,6.912,-0.515,-0.906,6.553,-0.371,-0.843,5.920,0.000,0.000,0.000,0.000,0.000,0.000
A2,36,32283,1,-,0x0,,,,,,,,,
TK,1613,32292,21,90.0,70.0,100.0,90.0,0.05,1500,1277,1611,1500,2450,0.0,1,0
TK,1614,32312,18,90.0,70.0,100.0,90.0,0.05,1500,1277,1611,1500,2450,0.0,1,0
TK,1615,32332,17,90.0,70.0,100.0,90.0,0.05,1500,1277,1611,1500,2450,0.0,1,0
A1,37,32334,937,51,1,63,-1,0,,,,,
P3,37,15,5,0,0.434,-0.282,6.836,-0.572,-0.246,6.902,-0.511,-0.912,6.550,-0.362,-0.844,5.919,0.000,0.000,0.000,0.000,0.000,0.000
A2,37,32334,1,-,0x0,,,,,,,,,
TK,1616,32352,20,90.0,70.0,100.0,90.0,0.05,1500,1277,1611,1500,2450,0.0,1,0
TK,1617,32372,18,90.0,70.0,100.0,90.0,0.05,1500,1277,1611,1500,2450,0.0,1,0
A1,38,32383,939,49,1,63,-1,0,,,,,
P3,38,15,5,0,0.433,-0.281,6.826,-0.572,-0.246,6.891,-0.505,-0.918,6.548,-0.351,-0.842,5.918,0.000,0.000,0.000,0.000,0.000,0.000
A2,38,32383,1,-,0x0,,,,,,,,,
TK,1618,32392,20,90.0,70.0,100.0,90.0,0.05,1500,1277,1611,1500,2450,0.0,1,0
TK,1619,32412,19,90.0,70.0,100.0,90.0,0.05,1500,1277,1611,1500,2450,0.0,1,0
TK,1620,32432,18,90.0,70.0,100.0,90.0,0.05,1500,1277,1611,1500,2450,0.0,1,0
A1,39,32435,929,52,1,63,-1,0,,,,,
P3,39,15,5,0,0.432,-0.280,6.821,-0.571,-0.247,6.879,-0.496,-0.925,6.546,-0.338,-0.836,5.918,0.000,0.000,0.000,0.000,0.000,0.000
A2,39,32435,1,-,0x0,,,,,,,,,
TK,1621,32452,20,90.0,70.0,100.0,90.0,0.05,1500,1277,1611,1500,2450,0.0,1,0
[TX] frame=40 csv_frame=40 time=1.97s
TK,1622,32472,18,90.0,70.0,100.0,90.0,0.05,1500,1277,1611,1500,2450,0.0,1,0
A1,40,32486,924,51,1,63,-1,0,,,,,
P3,40,15,5,0,0.431,-0.278,6.826,-0.570,-0.247,6.869,-0.486,-0.933,6.549,-0.322,-0.828,5.924,0.000,0.000,0.000,0.000,0.000,0.000
A2,40,32486,1,-,0x0,,,,,,,,,
TK,1623,32492,20,90.0,70.0,100.0,90.0,0.05,1500,1277,1611,1500,2450,0.0,1,0
TK,1624,32512,18,90.0,70.0,100.0,90.0,0.05,1500,1277,1611,1500,2450,0.0,1,0
TK,1625,32532,18,90.0,70.0,100.0,90.0,0.05,1500,1277,1611,1500,2450,0.0,1,0
A1,41,32535,932,49,1,63,-1,0,,,,,
P3,41,15,5,0,0.430,-0.275,6.837,-0.569,-0.247,6.855,-0.473,-0.939,6.550,-0.294,-0.815,5.930,0.000,0.000,0.000,0.000,0.000,0.000
A2,41,32535,1,-,0x0,,,,,,,,,
TK,1626,32552,20,90.0,70.0,100.0,90.0,0.05,1500,1277,1611,1500,2450,0.0,1,0
TK,1627,32572,19,90.0,70.0,100.0,90.0,0.05,1500,1277,1611,1500,2450,0.0,1,0
A1,42,32586,1030,50,1,63,-1,0,,,,,
P3,42,15,5,0,0.428,-0.270,6.850,-0.567,-0.247,6.839,-0.456,-0.945,6.551,-0.248,-0.799,5.940,0.000,0.000,0.000,0.000,0.000,0.000
A2,42,32586,1,-,0x0,,,,,,,,,
TK,1628,32592,20,90.0,70.0,100.0,90.0,0.05,1500,1277,1611,1500,2450,0.0,1,0
TK,1629,32612,18,90.0,70.0,100.0,90.0,0.05,1500,1277,1611,1500,2450,0.0,1,0
TK,1630,32632,17,90.0,70.0,100.0,90.0,0.05,1500,1277,1611,1500,2450,0.0,1,0
A1,43,32636,995,50,1,63,-1,0,,,,,
P3,43,15,5,0,0.425,-0.264,6.860,-0.565,-0.247,6.819,-0.440,-0.950,6.551,-0.196,-0.783,5.953,0.000,0.000,0.000,0.000,0.000,0.000
A2,43,32636,1,-,0x0,,,,,,,,,
TK,1631,32652,20,90.0,70.0,100.0,90.0,0.05,1500,1277,1611,1500,2450,0.0,1,0
TK,1632,32672,18,90.0,70.0,100.0,90.0,0.05,1500,1277,1611,1500,2450,0.0,1,0
A1,44,32686,968,49,1,63,-1,0,,,,,
P3,44,15,5,0,0.422,-0.259,6.866,-0.562,-0.246,6.795,-0.424,-0.953,6.544,-0.143,-0.767,5.963,0.000,0.000,0.000,0.000,0.000,0.000
A2,44,32686,1,-,0x0,,,,,,,,,
TK,1633,32692,20,90.0,70.0,100.0,90.0,0.05,1500,1277,1611,1500,2450,0.0,1,0
TK,1634,32712,18,90.0,70.0,100.0,90.0,0.05,1500,1277,1611,1500,2450,0.0,1,0
TK,1635,32732,17,90.0,70.0,100.0,90.0,0.05,1500,1277,1611,1500,2450,0.0,1,0
A1,45,32736,934,51,1,63,-1,0,,,,,
P3,45,15,5,0,0.420,-0.253,6.868,-0.559,-0.244,6.768,-0.409,-0.955,6.536,-0.093,-0.752,5.973,0.000,0.000,0.000,0.000,0.000,0.000
A2,45,32736,1,-,0x0,,,,,,,,,
TK,1636,32752,20,90.0,70.0,100.0,90.0,0.05,1500,1277,1611,1500,2450,0.0,1,0
TK,1637,32772,18,90.0,70.0,100.0,90.0,0.05,1500,1277,1611,1500,2450,0.0,1,0
A1,46,32786,921,50,1,63,-1,0,,,,,
P3,46,15,5,0,0.418,-0.249,6.868,-0.558,-0.244,6.742,-0.398,-0.958,6.533,-0.052,-0.741,5.989,0.000,0.000,0.000,0.000,0.000,0.000
A2,46,32786,1,-,0x0,,,,,,,,,
TK,1638,32792,20,90.0,70.0,100.0,90.0,0.05,1500,1277,1611,1500,2450,0.0,1,0
TK,1639,32812,18,90.0,70.0,100.0,90.0,0.05,1500,1277,1611,1500,2450,0.0,1,0
TK,1640,32832,18,90.0,70.0,100.0,90.0,0.05,1500,1277,1611,1500,2450,0.0,1,0
A1,47,32835,912,48,1,63,-1,0,,,,,
P3,47,15,5,0,0.416,-0.246,6.867,-0.557,-0.243,6.722,-0.390,-0.961,6.530,-0.021,-0.734,6.004,0.000,0.000,0.000,0.000,0.000,0.000
A2,47,32835,1,-,0x0,,,,,,,,,
TK,1641,32852,21,90.0,70.0,100.0,90.0,0.05,1500,1277,1611,1500,2450,0.0,1,0
TK,1642,32872,18,90.0,70.0,100.0,90.0,0.05,1500,1277,1611,1500,2450,0.0,1,0
A1,48,32885,901,50,1,63,-1,0,,,,,
P3,48,15,5,0,0.414,-0.243,6.863,-0.557,-0.242,6.701,-0.383,-0.962,6.525,0.004,-0.729,6.015,0.000,0.000,0.000,0.000,0.000,0.000
A2,48,32885,1,-,0x0,,,,,,,,,
TK,1643,32892,21,90.0,70.0,100.0,90.0,0.05,1500,1277,1611,1500,2450,0.0,1,0
TK,1644,32912,18,90.0,70.0,100.0,90.0,0.05,1500,1277,1611,1500,2450,0.0,1,0
TK,1645,32932,18,90.0,70.0,100.0,90.0,0.05,1500,1277,1611,1500,2450,0.0,1,0
A1,49,32937,891,52,1,63,-1,0,,,,,
P3,49,15,5,0,0.412,-0.238,6.859,-0.558,-0.242,6.680,-0.378,-0.962,6.518,0.032,-0.724,6.026,0.000,0.000,0.000,0.000,0.000,0.000
A2,49,32937,1,-,0x0,,,,,,,,,
TK,1646,32952,21,90.0,70.0,100.0,90.0,0.05,1500,1277,1611,1500,2450,0.0,1,0
TK,1647,32972,18,90.0,70.0,100.0,90.0,0.05,1500,1277,1611,1500,2450,0.0,1,0
A1,50,32987,983,50,1,63,-1,0,,,,,
P3,50,15,5,0,0.410,-0.233,6.854,-0.558,-0.241,6.662,-0.373,-0.961,6.510,0.056,-0.721,6.037,0.000,0.000,0.000,0.000,0.000,0.000
A2,50,32987,1,-,0x0,,,,,,,,,
TK,1648,32992,20,90.0,70.0,100.0,90.0,0.05,1500,1277,1611,1500,2450,0.0,1,0
SM,33000,50,0,0,0,0,1648,1648,0,0,0,0,0,0,0,195
TK,1649,33013,19,90.0,70.0,100.0,90.0,0.05,1500,1277,1611,1500,2450,0.0,1,0
TK,1650,33033,18,90.0,70.0,100.0,90.0,0.05,1500,1277,1611,1500,2450,0.0,1,0
A1,51,33035,984,48,1,63,-1,0,,,,,
P3,51,15,5,0,0.408,-0.227,6.850,-0.558,-0.241,6.644,-0.368,-0.960,6.502,0.078,-0.717,6.046,0.000,0.000,0.000,0.000,0.000,0.000
A2,51,33035,1,-,0x0,,,,,,,,,
TK,1651,33053,20,90.0,70.0,100.0,90.0,0.05,1500,1277,1611,1500,2450,0.0,1,0
TK,1652,33073,19,90.0,70.0,100.0,90.0,0.05,1500,1277,1611,1500,2450,0.0,1,0
A1,52,33086,973,51,1,63,-1,0,,,,,
P3,52,15,5,0,0.404,-0.221,6.848,-0.557,-0.240,6.626,-0.362,-0.959,6.491,0.103,-0.714,6.057,0.000,0.000,0.000,0.000,0.000,0.000
A2,52,33086,1,-,0x0,,,,,,,,,
TK,1653,33093,20,90.0,70.0,100.0,90.0,0.05,1500,1277,1611,1500,2450,0.0,1,0
TK,1654,33113,18,90.0,70.0,100.0,90.0,0.05,1500,1277,1611,1500,2450,0.0,1,0
TK,1655,33133,18,90.0,70.0,100.0,90.0,0.05,1500,1277,1611,1500,2450,0.0,1,0
A1,53,33135,957,49,1,63,-1,0,,,,,
P3,53,15,5,0,0.399,-0.216,6.846,-0.557,-0.239,6.608,-0.357,-0.957,6.480,0.126,-0.711,6.065,0.000,0.000,0.000,0.000,0.000,0.000
A2,53,33135,1,-,0x0,,,,,,,,,
TK,1656,33153,20,90.0,70.0,100.0,90.0,0.05,1500,1277,1611,1500,2450,0.0,1,0
TK,1657,33173,18,90.0,70.0,100.0,90.0,0.05,1500,1277,1611,1500,2450,0.0,1,0
A1,54,33187,951,52,1,63,-1,0,,,,,
P3,54,15,5,0,0.394,-0.209,6.846,-0.556,-0.237,6.589,-0.349,-0.954,6.467,0.151,-0.709,6.075,0.000,0.000,0.000,0.000,0.000,0.000
A2,54,33187,1,-,0x0,,,,,,,,,
TK,1658,33193,20,90.0,70.0,100.0,90.0,0.05,1500,1277,1611,1500,2450,0.0,1,0
TK,1659,33213,18,90.0,70.0,100.0,90.0,0.05,1500,1277,1611,1500,2450,0.0,1,0
TK,1660,33233,17,90.0,70.0,100.0,90.0,0.05,1500,1277,1611,1500,2450,0.0,1,0
A1,55,33236,943,49,1,63,-1,0,,,,,
P3,55,15,5,0,0.388,-0.204,6.846,-0.555,-0.235,6.572,-0.342,-0.951,6.454,0.172,-0.706,6.082,0.000,0.000,0.000,0.000,0.000,0.000
A2,55,33236,1,-,0x0,,,,,,,,,
TK,1661,33253,20,90.0,70.0,100.0,90.0,0.05,1500,1277,1611,1500,2450,0.0,1,0
TK,1662,33273,18,90.0,70.0,100.0,90.0,0.05,1500,1277,1611,1500,2450,0.0,1,0
A1,56,33288,921,51,1,63,-1,0,,,,,
P3,56,15,5,0,0.383,-0.198,6.845,-0.553,-0.234,6.553,-0.333,-0.947,6.439,0.198,-0.703,6.094,0.000,0.000,0.000,0.000,0.000,0.000
A2,56,33288,1,-,0x0,,,,,,,,,
TK,1663,33293,20,90.0,70.0,100.0,90.0,0.05,1500,1277,1611,1500,2450,0.0,1,0
TK,1664,33313,18,90.0,70.0,100.0,90.0,0.05,1500,1277,1611,1500,2450,0.0,1,0
TK,1665,33333,17,90.0,70.0,100.0,90.0,0.05,1500,1277,1611,1500,2450,0.0,1,0
A1,57,33336,911,49,1,63,-1,0,,,,,
P3,57,15,5,0,0.379,-0.194,6.843,-0.552,-0.233,6.536,-0.324,-0.944,6.425,0.221,-0.701,6.106,0.000,0.000,0.000,0.000,0.000,0.000
A2,57,33336,1,-,0x0,,,,,,,,,
TK,1666,33353,21,90.0,70.0,100.0,90.0,0.05,1500,1277,1611,1500,2450,0.0,1,0
TK,1667,33373,18,90.0,70.0,100.0,90.0,0.05,1500,1277,1611,1500,2450,0.0,1,0
A1,58,33387,880,51,1,63,-1,0,,,,,
P3,58,15,5,0,0.374,-0.189,6.838,-0.550,-0.231,6.515,-0.315,-0.940,6.407,0.243,-0.697,6.114,0.000,0.000,0.000,0.000,0.000,0.000
A2,58,33387,1,-,0x0,,,,,,,,,
TK,1668,33393,21,90.0,70.0,100.0,90.0,0.05,1500,1277,1611,1500,2450,0.0,1,0
TK,1669,33413,19,90.0,70.0,100.0,90.0,0.05,1500,1277,1611,1500,2450,0.0,1,0
TK,1670,33433,18,90.0,70.0,100.0,90.0,0.05,1500,1277,1611,1500,2450,0.0,1,0
A1,59,33436,850,49,1,63,-1,0,,,,,
P3,59,15,5,0,0.370,-0.186,6.834,-0.548,-0.230,6.495,-0.305,-0.937,6.390,0.264,-0.695,6.124,0.000,0.000,0.000,0.000,0.000,0.000
A2,59,33436,0,-,0x0,,,,,,,,,
TK,1671,33453,21,90.0,70.0,100.0,90.0,0.05,1500,1277,1611,1500,2450,0.0,1,0
TK,1672,33473,18,90.0,70.0,100.0,90.0,0.05,1500,1277,1611,1500,2450,0.0,1,0
[TX] frame=60 csv_frame=60 time=2.97s
A1,60,33486,971,50,1,63,1,1,-47.3,20.0,10.5,30.7,0.00
P3,60,63,7,0,0.365,-0.182,6.829,-0.546,-0.230,6.473,-0.294,-0.933,6.370,0.285,-0.691,6.133,0.470,-0.549,5.873,0.414,-0.538,5.846
EV,33486,A1_BACK,60
A2,60,33486,13,N,0x0,-47.3,20.0,10.5,30.7,137.3,85.0,110.5,117.7,0.00
TK,1673,33493,21,90.0,70.0,100.0,90.0,0.00,1500,1278,1611,1500,2500,47.3,1,0
TK,1674,33513,19,90.1,70.1,100.1,90.1,0.00,1501,1279,1612,1501,2500,47.2,1,0
TK,1675,33533,19,90.3,70.3,100.3,90.3,0.00,1503,1280,1614,1503,2500,47.0,1,0
A1,61,33536,928,50,1,63,1,1,-49.2,19.8,11.3,30.9,0.00
P3,61,63,7,0,0.359,-0.178,6.823,-0.545,-0.230,6.452,-0.284,-0.930,6.352,0.304,-0.689,6.150,0.487,-0.546,5.889,0.432,-0.536,5.863
A2,61,33536,13,N,0x0,-49.2,19.8,11.3,30.9,139.2,85.2,111.3,117.9,0.00
TK,1676,33553,20,90.5,70.5,100.5,90.5,0.00,1505,1283,1616,1505,2500,48.7,1,0
TK,1677,33573,19,90.7,70.7,100.7,90.7,0.00,1508,1285,1619,1508,2500,48.5,1,0
A1,62,33587,873,51,1,63,1,1,-51.2,19.8,12.8,31.4,0.00
P3,62,63,7,0,0.354,-0.174,6.816,-0.542,-0.230,6.429,-0.274,-0.924,6.326,0.321,-0.684,6.157,0.503,-0.540,5.895,0.449,-0.530,5.870
A2,62,33587,13,N,0x0,-51.2,19.8,12.8,31.4,141.2,85.2,112.8,118.4,0.00
TK,1678,33593,20,91.0,71.0,101.0,91.0,0.00,1511,1288,1622,1511,2500,50.2,1,0
TK,1679,33613,19,91.3,71.3,101.3,91.3,0.00,1514,1292,1626,1514,2500,49.8,1,0
TK,1680,33633,18,91.7,71.7,101.7,91.7,0.00,1519,1296,1630,1519,2500,49.5,1,0
A1,63,33636,847,49,1,63,1,1,-52.9,19.6,12.8,31.4,0.00
P3,63,63,7,0,0.348,-0.170,6.807,-0.540,-0.230,6.404,-0.263,-0.917,6.292,0.335,-0.675,6.148,0.503,-0.540,5.895,0.449,-0.530,5.870
A2,63,33636,12,N,0x0,-52.9,19.6,12.8,31.4,142.9,85.4,112.8,118.4,0.00
TK,1681,33653,20,92.2,72.2,102.2,92.2,0.00,1524,1301,1635,1524,2500,50.7,1,0
TK,1682,33673,18,92.6,72.6,102.6,92.6,0.00,1529,1307,1640,1529,2500,50.3,1,0
A1,64,33686,831,50,1,63,1,1,-54.4,19.6,12.8,31.4,0.00
P3,64,63,7,0,0.342,-0.166,6.797,-0.538,-0.231,6.378,-0.254,-0.910,6.255,0.348,-0.665,6.133,0.503,-0.540,5.895,0.449,-0.530,5.870
A2,64,33686,13,N,0x0,-54.4,19.6,12.8,31.4,144.4,85.4,112.8,118.4,0.00
TK,1683,33693,20,93.2,73.2,103.2,93.2,0.00,1535,1312,1646,1535,2500,51.3,1,0
TK,1684,33713,19,93.7,73.7,103.7,93.7,0.00,1541,1319,1652,1541,2500,50.7,1,0
TK,1685,33733,18,94.3,74.3,104.3,94.3,0.00,1548,1326,1659,1548,2500,50.1,1,0
A1,65,33736,806,50,1,63,1,1,-55.7,19.6,12.8,31.4,0.00
P3,65,63,7,0,0.337,-0.163,6.782,-0.537,-0.231,6.349,-0.245,-0.902,6.215,0.359,-0.653,6.111,0.503,-0.540,5.895,0.449,-0.530,5.870
A2,65,33736,13,N,0x0,-55.7,19.6,12.8,31.4,145.7,85.4,112.8,118.4,0.00
TK,1686,33753,20,94.9,74.9,104.9,94.9,0.00,1554,1332,1666,1554,2500,50.7,1,0
TK,1687,33773,19,95.5,75.5,105.5,95.5,0.00,1561,1339,1672,1561,2500,50.1,1,0
A1,66,33787,885,51,1,63,1,1,-56.7,19.6,12.8,31.4,0.00
P3,66,63,7,0,0.332,-0.160,6.763,-0.536,-0.230,6.318,-0.237,-0.893,6.169,0.369,-0.641,6.080,0.503,-0.540,5.895,0.449,-0.530,5.870
A2,66,33787,13,N,0x0,-56.7,19.6,12.8,31.4,146.7,85.4,112.8,118.4,0.00
TK,1688,33793,20,96.1,76.1,106.1,96.1,0.00,1568,1346,1679,1568,2500,50.6,1,0
TK,1689,33813,19,96.7,76.7,106.7,96.7,0.00,1574,1352,1686,1574,2500,50.0,1,0
TK,1690,33833,18,97.3,77.3,107.3,97.3,0.00,1581,1359,1692,1581,2500,49.4,1,0
A1,67,33835,872,47,1,63,1,1,-57.4,19.6,12.8,31.4,0.00
P3,67,63,7,0,0.327,-0.158,6.745,-0.534,-0.230,6.287,-0.231,-0.885,6.125,0.376,-0.630,6.048,0.503,-0.540,5.895,0.449,-0.530,5.870
A2,67,33835,13,N,0x0,-57.4,19.6,12.8,31.4,147.4,85.4,112.8,118.4,0.00
TK,1691,33853,21,97.9,77.9,107.9,97.9,0.00,1588,1366,1699,1588,2500,49.5,1,0
TK,1692,33873,19,98.5,78.5,108.5,98.5,0.00,1594,1372,1706,1594,2500,48.9,1,0
A1,68,33888,847,53,1,63,1,1,-57.9,19.6,12.8,31.4,0.00
P3,68,63,7,0,0.321,-0.156,6.724,-0.532,-0.229,6.253,-0.225,-0.877,6.075,0.382,-0.617,6.009,0.503,-0.540,5.895,0.449,-0.530,5.870
A2,68,33888,13,N,0x0,-57.9,19.6,12.8,31.4,147.9,85.4,112.8,118.4,0.00
TK,1693,33893,19,99.1,79.1,109.1,99.1,0.00,1601,1379,1712,1601,2500,48.8,1,0
TK,1694,33913,32,99.7,79.7,109.7,99.7,0.00,1608,1386,1719,1608,2500,48.2,1,0
TK,1695,33933,32,100.3,80.3,110.2,100.3,0.00,1614,1392,1724,1614,2500,47.6,1,0
A1,69,33936,840,48,1,63,1,1,-58.2,19.8,12.8,31.4,0.00
P3,69,63,7,0,0.317,-0.155,6.703,-0.530,-0.228,6.219,-0.221,-0.868,6.027,0.386,-0.605,5.969,0.503,-0.540,5.895,0.449,-0.530,5.870
A2,69,33936,12,N,0x0,-58.2,19.8,12.8,31.4,148.2,85.2,112.8,118.4,0.00
TK,1696,33953,33,100.9,80.9,110.7,100.9,0.00,1621,1399,1730,1621,2500,47.3,1,0
TK,1697,33973,32,101.5,81.5,111.1,101.5,0.00,1628,1406,1734,1628,2500,46.7,1,0
A1,70,33988,825,51,1,63,1,1,-58.2,20.0,12.8,31.4,0.00
P3,70,63,7,0,0.312,-0.153,6.679,-0.527,-0.227,6.182,-0.217,-0.859,5.974,0.389,-0.591,5.923,0.503,-0.540,5.895,0.449,-0.530,5.870
A2,70,33988,13,N,0x0,-58.2,20.0,12.8,31.4,148.2,85.0,112.8,118.4,0.00
TK,1698,33994,46,102.1,82.1,111.5,102.1,0.00,1634,1412,1739,1634,2500,46.1,1,0
SM,34000,70,11,11,0,11,1698,1698,0,0,0,0,0,0,0,277
TK,1699,34014,45,102.7,82.6,111.9,102.7,0.00,1641,1417,1742,1641,2500,45.5,1,0
TK,1700,34034,44,103.3,83.1,112.1,103.3,0.00,1648,1422,1746,1648,2500,44.9,1,0
A1,71,34037,809,49,1,63,1,1,-58.2,20.3,12.8,31.4,0.00
P3,71,63,7,0,0.307,-0.151,6.653,-0.524,-0.225,6.144,-0.213,-0.850,5.920,0.391,-0.577,5.875,0.503,-0.540,5.895,0.449,-0.530,5.870
A2,71,34037,12,N,0x0,-58.2,20.3,12.8,31.4,148.2,84.7,112.8,118.4,0.00
TK,1701,34054,46,103.9,83.5,112.4,103.9,0.00,1654,1427,1748,1654,2500,44.3,1,0
TK,1702,34074,44,104.5,83.8,112.6,104.5,0.00,1661,1431,1750,1661,2500,43.7,1,0
A1,72,34086,854,49,1,63,1,1,-58.2,20.6,12.8,31.4,0.00
P3,72,63,7,0,0.303,-0.149,6.631,-0.522,-0.224,6.110,-0.211,-0.842,5.871,0.393,-0.564,5.831,0.503,-0.540,5.895,0.449,-0.530,5.870
A2,72,34086,13,N,0x0,-58.2,20.6,12.8,31.4,148.2,84.4,112.8,118.4,0.00
TK,1703,34094,46,105.1,84.1,112.7,105.1,0.00,1668,1434,1752,1668,2500,43.1,1,0
TK,1704,34114,45,105.7,84.4,112.8,105.7,0.00,1674,1437,1753,1674,2500,42.5,1,0
TK,1705,34134,18,106.3,84.6,112.8,106.3,0.00,1681,1440,1753,1681,2500,41.9,1,0
A1,73,34137,844,50,1,63,1,1,-58.0,21.0,12.8,31.4,0.00
P3,73,63,7,0,0.298,-0.147,6.607,-0.519,-0.223,6.075,-0.208,-0.834,5.821,0.393,-0.551,5.786,0.503,-0.540,5.895,0.449,-0.530,5.870
A2,73,34137,13,N,0x0,-58.0,21.0,12.8,31.4,148.0,84.0,112.8,118.4,0.00
TK,1706,34154,33,106.9,84.8,112.8,106.9,0.00,1688,1442,1753,1688,2500,41.1,1,0
TK,1707,34174,32,107.5,84.9,112.8,107.5,0.00,1694,1443,1753,1694,2500,40.5,1,0
A1,74,34186,841,49,1,63,1,1,-57.7,21.3,12.8,31.4,0.00
P3,74,63,7,0,0.294,-0.146,6.587,-0.517,-0.222,6.044,-0.206,-0.827,5.776,0.393,-0.539,5.744,0.503,-0.540,5.895,0.449,-0.530,5.870
A2,74,34186,12,N,0x0,-57.7,21.3,12.8,31.4,147.7,83.7,112.8,118.4,0.00
TK,1708,34194,33,108.1,85.0,112.8,108.1,0.00,1701,1444,1753,1701,2500,39.5,1,0
TK,1709,34214,32,108.7,85.0,112.8,108.7,0.00,1708,1444,1753,1708,2500,38.9,1,0
TK,1710,34234,32,109.3,85.0,112.8,109.3,0.00,1714,1444,1753,1714,2500,38.3,1,0
A1,75,34236,834,49,1,63,1,1,-57.3,21.7,12.8,31.4,0.00
P3,75,63,7,0,0.291,-0.145,6.567,-0.515,-0.221,6.015,-0.205,-0.820,5.733,0.392,-0.528,5.704,0.503,-0.540,5.895,0.449,-0.530,5.870
A2,75,34236,13,N,0x0,-57.3,21.7,12.8,31.4,147.3,83.3,112.8,118.4,0.00
TK,1711,34254,34,109.9,84.9,112.8,109.9,0.00,1721,1443,1753,1721,2500,37.4,1,0
TK,1712,34274,32,110.5,84.8,112.8,110.5,0.00,1728,1442,1753,1728,2500,36.8,1,0
A1,76,34288,830,53,1,63,1,1,-56.9,22.1,12.8,31.4,0.00
P3,76,63,7,0,0.288,-0.145,6.546,-0.512,-0.220,5.984,-0.203,-0.813,5.689,0.392,-0.518,5.662,0.503,-0.540,5.895,0.449,-0.530,5.870
A2,76,34288,13,N,0x0,-56.9,22.1,12.8,31.4,146.9,82.9,112.8,118.4,0.00
TK,1713,34294,33,111.1,84.6,112.8,111.1,0.00,1734,1440,1753,1734,2500,35.7,1,0
TK,1714,34314,32,111.7,84.4,112.8,111.7,0.00,1741,1437,1753,1741,2500,35.1,1,0
TK,1715,34334,31,112.3,84.1,112.8,112.3,0.00,1748,1434,1753,1748,2500,34.5,1,0
A1,77,34338,827,50,1,63,1,1,-56.5,22.4,12.8,31.4,0.00
P3,77,63,7,0,0.286,-0.145,6.525,-0.510,-0.219,5.956,-0.202,-0.806,5.649,0.391,-0.508,5.624,0.503,-0.540,5.895,0.449,-0.530,5.870
A2,77,34338,13,N,0x0,-56.5,22.4,12.8,31.4,146.5,82.6,112.8,118.4,0.00
TK,1716,34354,34,112.9,83.8,112.8,112.9,0.00,1754,1431,1753,1754,2500,33.5,1,0
TK,1717,34374,32,113.5,83.5,112.8,113.5,0.00,1761,1427,1753,1761,2500,32.9,1,0
A1,78,34387,824,49,1,63,1,1,-56.0,22.7,12.8,31.4,0.00
P3,78,63,7,0,0.284,-0.146,6.507,-0.508,-0.219,5.930,-0.200,-0.800,5.612,0.391,-0.500,5.588,0.503,-0.540,5.895,0.449,-0.530,5.870
A2,78,34387,12,N,0x0,-56.0,22.7,12.8,31.4,146.0,82.3,112.8,118.4,0.00
TK,1718,34394,34,114.1,83.2,112.8,114.1,0.00,1768,1424,1753,1768,2500,31.9,1,0
TK,1719,34414,32,114.7,82.9,112.8,114.7,0.00,1774,1421,1753,1774,2500,31.3,1,0
TK,1720,34434,45,115.3,82.7,112.8,115.3,0.00,1781,1418,1753,1781,2500,30.7,1,0
A1,79,34439,824,52,1,63,1,1,-55.6,23.0,12.8,31.4,0.00
P3,79,63,7,0,0.283,-0.146,6.487,-0.506,-0.218,5.904,-0.199,-0.794,5.574,0.390,-0.493,5.552,0.503,-0.540,5.895,0.449,-0.530,5.870
A2,79,34439,13,N,0x0,-55.6,23.0,12.8,31.4,145.6,82.0,112.8,118.4,0.00
TK,1721,34454,47,115.9,82.4,112.8,115.8,0.00,1788,1416,1753,1787,2500,29.6,1,0
[TX] frame=80 csv_frame=80 time=3.97s
TK,1722,34474,45,116.5,82.3,112.8,116.3,0.00,1794,1413,1753,1792,2500,29.0,1,0
A1,80,34488,825,49,1,63,1,1,-55.1,23.2,12.8,31.4,0.00
P3,80,63,7,0,0.282,-0.146,6.472,-0.505,-0.217,5.883,-0.198,-0.790,5.544,0.390,-0.489,5.523,0.503,-0.540,5.895,0.449,-0.530,5.870
A2,80,34488,13,N,0x0,-55.1,23.2,12.8,31.4,145.1,81.8,112.8,118.4,0.00
TK,1723,34494,46,117.1,82.1,112.8,116.7,0.00,1801,1411,1753,1797,2500,28.0,1,0
TK,1724,34514,45,117.7,81.9,112.8,117.1,0.00,1808,1410,1753,1801,2500,27.4,1,0
TK,1725,34534,44,118.3,81.8,112.8,117.5,0.00,1814,1409,1753,1805,2500,26.8,1,0
A1,81,34536,816,48,1,63,1,1,-54.7,23.4,12.8,31.4,0.00
P3,81,63,7,0,0.281,-0.146,6.457,-0.504,-0.217,5.863,-0.198,-0.786,5.516,0.389,-0.484,5.496,0.503,-0.540,5.895,0.449,-0.530,5.870
A2,81,34536,13,N,0x0,-54.7,23.4,12.8,31.4,144.7,81.6,112.8,118.4,0.00
TK,1726,34554,46,118.9,81.7,112.8,117.7,0.00,1821,1407,1753,1808,2500,25.8,1,0
TK,1727,34574,44,119.5,81.6,112.8,118.0,0.00,1828,1406,1753,1810,2500,25.2,1,0
A1,82,34587,858,51,1,63,1,1,-54.3,23.6,12.8,31.4,0.00
P3,82,63,7,0,0.280,-0.146,6.443,-0.503,-0.216,5.844,-0.197,-0.783,5.489,0.389,-0.480,5.470,0.503,-0.540,5.895,0.449,-0.530,5.870
A2,82,34587,13,N,0x0,-54.3,23.6,12.8,31.4,144.3,81.4,112.8,118.4,0.00
TK,1728,34594,46,120.1,81.5,112.8,118.2,0.00,1834,1405,1753,1812,2500,24.1,1,0
TK,1729,34614,46,120.7,81.4,112.8,118.3,0.00,1841,1404,1753,1814,2500,23.5,1,0
TK,1730,34634,31,121.3,81.4,112.8,118.4,0.00,1848,1404,1753,1815,2500,22.9,1,0
A1,83,34637,826,50,1,63,1,1,-53.9,23.6,12.8,31.4,0.00
P3,83,63,7,0,0.280,-0.146,6.432,-0.502,-0.216,5.829,-0.196,-0.780,5.468,0.389,-0.477,5.450,0.503,-0.540,5.895,0.449,-0.530,5.870
A2,83,34637,13,N,0x0,-53.9,23.6,12.8,31.4,143.9,81.4,112.8,118.4,0.00
TK,1731,34654,21,121.9,81.4,112.8,118.4,0.00,1854,1404,1753,1816,2500,22.0,1,0
TK,1732,34674,20,122.5,81.4,112.8,118.4,0.00,1861,1404,1753,1816,2500,21.4,1,0
A1,84,34687,824,50,1,63,1,1,-53.6,23.8,12.8,31.4,0.00
P3,84,63,7,0,0.280,-0.147,6.423,-0.502,-0.216,5.817,-0.195,-0.778,5.451,0.389,-0.475,5.433,0.503,-0.540,5.895,0.449,-0.530,5.870
A2,84,34687,13,N,0x0,-53.6,23.8,12.8,31.4,143.6,81.2,112.8,118.4,0.00
TK,1733,34694,33,123.1,81.3,112.8,118.4,0.00,1868,1403,1753,1816,2500,20.4,1,0
TK,1734,34714,32,123.7,81.2,112.8,118.4,0.00,1874,1402,1753,1816,2500,19.8,1,0
TK,1735,34734,18,124.3,81.2,112.8,118.4,0.00,1881,1402,1753,1816,2500,19.2,1,0
A1,85,34738,866,51,1,63,1,1,-53.2,23.8,12.8,31.4,0.00
P3,85,63,7,0,0.281,-0.147,6.413,-0.501,-0.216,5.806,-0.194,-0.776,5.434,0.389,-0.473,5.416,0.503,-0.540,5.895,0.449,-0.530,5.870
A2,85,34738,12,N,0x0,-53.2,23.8,12.8,31.4,143.2,81.2,112.8,118.4,0.00
TK,1736,34754,20,124.9,81.2,112.8,118.4,0.00,1888,1402,1753,1816,2500,18.3,1,0
TK,1737,34774,19,125.5,81.2,112.8,118.4,0.00,1894,1402,1753,1816,2500,17.7,1,0
A1,86,34788,858,50,1,63,1,1,-53.0,23.8,12.8,31.4,0.00
P3,86,63,7,0,0.282,-0.146,6.405,-0.501,-0.216,5.796,-0.193,-0.774,5.420,0.389,-0.472,5.403,0.503,-0.540,5.895,0.449,-0.530,5.870
A2,86,34788,13,N,0x0,-53.0,23.8,12.8,31.4,143.0,81.2,112.8,118.4,0.00
TK,1738,34794,20,126.1,81.2,112.8,118.4,0.00,1901,1402,1753,1816,2500,16.8,1,0
TK,1739,34814,19,126.7,81.2,112.8,118.4,0.00,1908,1402,1753,1816,2500,16.2,1,0
TK,1740,34834,18,127.3,81.2,112.8,118.4,0.00,1914,1402,1753,1816,2500,15.6,1,0
A1,87,34835,865,47,1,63,1,1,-52.7,23.8,12.8,31.4,0.00
P3,87,63,7,0,0.282,-0.146,6.399,-0.501,-0.215,5.789,-0.192,-0.773,5.409,0.390,-0.472,5.392,0.503,-0.540,5.895,0.449,-0.530,5.870
A2,87,34835,13,N,0x0,-52.7,23.8,12.8,31.4,142.7,81.2,112.8,118.4,0.00
TK,1741,34854,20,127.9,81.2,112.8,118.4,0.00,1921,1402,1753,1816,2500,14.8,1,0
TK,1742,34874,19,128.5,81.2,112.8,118.4,0.00,1928,1402,1753,1816,2500,14.2,1,0
A1,88,34889,867,54,1,63,1,1,-52.5,23.8,12.8,31.4,0.00
P3,88,63,7,0,0.283,-0.146,6.393,-0.501,-0.215,5.782,-0.192,-0.772,5.399,0.391,-0.472,5.382,0.503,-0.540,5.895,0.449,-0.530,5.870
A2,88,34889,13,N,0x0,-52.5,23.8,12.8,31.4,142.5,81.2,112.8,118.4,0.00
TK,1743,34894,20,129.1,81.2,112.8,118.4,0.00,1934,1402,1753,1816,2500,13.4,1,0
TK,1744,34914,19,129.7,81.2,112.8,118.4,0.00,1941,1402,1753,1816,2500,12.8,1,0
TK,1745,34934,18,130.3,81.2,112.8,118.4,0.00,1948,1402,1753,1816,2500,12.2,1,0
A1,89,34936,866,47,1,63,1,1,-52.3,23.8,12.8,31.4,0.00
P3,89,63,7,0,0.283,-0.147,6.388,-0.501,-0.215,5.776,-0.192,-0.771,5.391,0.390,-0.472,5.374,0.503,-0.540,5.895,0.449,-0.530,5.870
A2,89,34936,13,N,0x0,-52.3,23.8,12.8,31.4,142.3,81.2,112.8,118.4,0.00
TK,1746,34954,21,130.9,81.2,112.8,118.4,0.00,1954,1402,1753,1816,2500,11.4,1,0
TK,1747,34974,19,131.5,81.2,112.8,118.4,0.00,1961,1402,1753,1816,2500,10.8,1,0
A1,90,34987,868,51,1,63,1,1,-52.3,23.8,12.8,31.4,0.00
P3,90,63,7,0,0.284,-0.148,6.384,-0.501,-0.215,5.772,-0.191,-0.771,5.384,0.390,-0.473,5.367,0.503,-0.540,5.895,0.449,-0.530,5.870
A2,90,34987,11,S,0x0,-52.3,23.8,12.8,31.4,142.3,81.2,112.8,118.4,0.00
TK,1748,34994,21,132.1,81.2,112.8,118.4,0.00,1968,1402,1753,1816,2500,10.2,1,0
SM,35000,90,31,31,0,30,1748,1748,0,0,0,0,0,0,0,256
TK,1749,35015,19,132.7,81.2,112.8,118.4,0.00,1974,1402,1753,1816,2500,9.6,1,0
TK,1750,35035,19,133.3,81.2,112.8,118.4,0.00,1981,1402,1753,1816,2500,9.0,1,0
A1,91,35037,872,50,1,63,1,1,-52.2,23.8,12.8,31.4,0.00
P3,91,63,7,0,0.284,-0.149,6.384,-0.501,-0.216,5.771,-0.191,-0.772,5.382,0.390,-0.476,5.365,0.503,-0.540,5.895,0.449,-0.530,5.870
A2,91,35037,13,N,0x0,-52.2,23.8,12.8,31.4,142.2,81.2,112.8,118.4,0.00
TK,1751,35055,21,133.9,81.2,112.8,118.4,0.00,1988,1402,1753,1816,2500,8.2,1,0
TK,1752,35075,19,134.5,81.2,112.8,118.4,0.00,1994,1402,1753,1816,2500,7.6,1,0
A1,92,35089,871,52,1,63,1,1,-52.2,23.8,12.8,31.4,0.00
P3,92,63,7,0,0.285,-0.150,6.382,-0.502,-0.216,5.770,-0.191,-0.773,5.381,0.390,-0.478,5.364,0.503,-0.540,5.895,0.449,-0.530,5.870
A2,92,35089,10,S,0x0,-52.2,23.8,12.8,31.4,142.2,81.2,112.8,118.4,0.00
TK,1753,35095,20,135.1,81.2,112.8,118.4,0.00,2001,1402,1753,1816,2500,7.0,1,0
TK,1754,35115,18,135.7,81.2,112.8,118.4,0.00,2008,1402,1753,1816,2500,6.4,1,0
TK,1755,35135,18,136.3,81.2,112.8,118.4,0.00,2014,1402,1753,1816,2500,5.8,1,0
A1,93,35137,872,47,1,63,1,1,-52.2,23.8,12.8,31.4,0.00
P3,93,63,7,0,0.286,-0.151,6.381,-0.502,-0.216,5.769,-0.192,-0.774,5.380,0.390,-0.481,5.364,0.503,-0.540,5.895,0.449,-0.530,5.870
A2,93,35137,10,S,0x0,-52.2,23.8,12.8,31.4,142.2,81.2,112.8,118.4,0.00
TK,1756,35155,20,136.9,81.2,112.8,118.4,0.00,2021,1402,1753,1816,2500,5.2,1,0
TK,1757,35175,19,137.5,81.2,112.8,118.4,0.00,2028,1402,1753,1816,2500,4.6,1,0
A1,94,35189,875,52,1,63,1,1,-52.2,23.8,12.8,31.4,0.00
P3,94,63,7,0,0.287,-0.151,6.380,-0.502,-0.216,5.768,-0.192,-0.776,5.380,0.390,-0.484,5.366,0.503,-0.540,5.895,0.449,-0.530,5.870
A2,94,35189,10,S,0x0,-52.2,23.8,12.8,31.4,142.2,81.2,112.8,118.4,0.00
TK,1758,35195,20,138.1,81.2,112.8,118.4,0.00,2034,1402,1753,1816,2500,4.0,1,0
TK,1759,35215,32,138.7,81.2,112.8,118.4,0.00,2041,1402,1753,1816,2500,3.4,1,0
TK,1760,35235,31,139.3,81.2,112.8,118.4,0.00,2047,1402,1753,1816,2500,2.9,1,0
A1,95,35239,837,51,1,63,1,1,-51.9,23.8,12.8,31.4,0.00
P3,95,63,7,0,0.289,-0.152,6.379,-0.502,-0.216,5.769,-0.192,-0.777,5.381,0.389,-0.485,5.362,0.503,-0.540,5.895,0.449,-0.530,5.870
A2,95,35240,13,N,0x0,-51.9,23.8,12.8,31.4,141.9,81.2,112.8,118.4,0.00
TK,1761,35255,33,139.8,81.2,112.8,118.4,0.00,2053,1402,1753,1816,2500,2.1,1,0
TK,1762,35275,31,140.2,81.2,112.8,118.4,0.00,2058,1402,1753,1816,2500,1.7,1,0
A1,96,35290,846,50,1,63,1,1,-51.6,23.8,12.8,31.4,0.00
P3,96,63,7,0,0.291,-0.152,6.381,-0.503,-0.216,5.773,-0.192,-0.779,5.386,0.387,-0.487,5.361,0.503,-0.540,5.895,0.449,-0.530,5.870
A2,96,35290,13,N,0x0,-51.6,23.8,12.8,31.4,141.6,81.2,112.8,118.4,0.00
TK,1763,35295,33,140.7,81.2,112.8,118.4,0.00,2062,1402,1753,1816,2500,0.9,1,0
TK,1764,35315,31,141.0,81.2,112.8,118.4,0.00,2066,1402,1753,1816,2500,0.6,1,0
TK,1765,35335,31,141.3,81.2,112.8,118.4,0.00,2070,1402,1753,1816,2500,0.3,1,0
A1,97,35338,848,48,1,63,1,1,-51.1,23.8,12.8,31.4,0.00
P3,97,63,7,0,0.292,-0.152,6.382,-0.503,-0.217,5.776,-0.192,-0.781,5.391,0.385,-0.488,5.356,0.503,-0.540,5.895,0.449,-0.530,5.870
A2,97,35338,13,N,0x0,-51.1,23.8,12.8,31.4,141.1,81.2,112.8,118.4,0.00
TK,1766,35355,33,141.6,81.2,112.8,118.4,0.00,2073,1402,1753,1816,2500,0.5,1,0
TK,1767,35375,31,141.8,81.2,112.8,118.4,0.00,2075,1402,1753,1816,2500,0.7,1,0
A1,98,35388,849,51,1,63,1,1,-50.5,23.8,12.8,31.4,0.00
P3,98,63,7,0,0.294,-0.152,6.383,-0.504,-0.217,5.779,-0.193,-0.782,5.394,0.383,-0.488,5.350,0.503,-0.540,5.895,0.449,-0.530,5.870
A2,98,35388,13,N,0x0,-50.5,23.8,12.8,31.4,140.5,81.2,112.8,118.4,0.00
TK,1768,35395,33,142.0,81.2,112.8,118.4,0.00,2077,1402,1753,1816,2500,1.5,1,0
TK,1769,35415,32,142.1,81.2,112.8,118.4,0.00,2078,1402,1753,1816,2500,1.6,1,0
TK,1770,35435,31,142.1,81.2,112.8,118.4,0.00,2079,1402,1753,1816,2500,1.7,1,0
A1,99,35441,853,52,1,63,1,1,-49.7,23.8,12.8,31.4,0.00
P3,99,63,7,0,0.295,-0.153,6.384,-0.504,-0.217,5.781,-0.193,-0.783,5.397,0.381,-0.489,5.342,0.503,-0.540,5.895,0.449,-0.530,5.870
A2,99,35441,13,N,0x0,-49.7,23.8,12.8,31.4,139.7,81.2,112.8,118.4,0.00
TK,1771,35455,33,142.2,81.2,112.8,118.4,0.00,2079,1402,1753,1816,2500,2.4,1,0
TK,1772,35475,32,142.1,81.2,112.8,118.4,0.00,2079,1402,1753,1816,2500,2.4,1,0
[TX] frame=100 csv_frame=100 time=4.97s
A1,100,35489,856,48,1,63,1,1,-49.0,24.0,12.8,31.4,0.00
P3,100,63,7,0,0.295,-0.154,6.385,-0.504,-0.217,5.783,-0.193,-0.783,5.400,0.379,-0.489,5.336,0.503,-0.540,5.895,0.449,-0.530,5.870
A2,100,35489,13,N,0x0,-49.0,24.0,12.8,31.4,139.0,81.0,112.8,118.4,0.00
TK,1773,35495,47,142.1,81.1,112.8,118.4,0.00,2078,1401,1753,1816,2500,3.0,1,0
TK,1774,35515,45,141.9,81.0,112.8,118.4,0.00,2077,1400,1753,1816,2500,2.9,1,0
TK,1775,35535,32,141.8,81.0,112.8,118.4,0.00,2075,1400,1753,1816,2500,2.8,1,0
A1,101,35538,862,49,1,63,1,1,-48.3,24.0,12.8,31.4,0.00
P3,101,63,7,0,0.297,-0.156,6.387,-0.505,-0.217,5.787,-0.193,-0.785,5.406,0.378,-0.491,5.335,0.503,-0.540,5.895,0.449,-0.530,5.870
A2,101,35538,13,N,0x0,-48.3,24.0,12.8,31.4,138.3,81.0,112.8,118.4,0.00
TK,1776,35555,33,141.6,81.0,112.8,118.4,0.00,2072,1400,1753,1816,2500,3.2,1,0
TK,1777,35575,31,141.3,81.0,112.8,118.4,0.00,2069,1400,1753,1816,2500,3.0,1,0
A1,102,35587,861,49,1,63,1,1,-47.7,24.0,12.8,31.4,0.00
P3,102,63,7,0,0.298,-0.158,6.389,-0.505,-0.217,5.791,-0.194,-0.786,5.411,0.377,-0.493,5.334,0.503,-0.540,5.895,0.449,-0.530,5.870
A2,102,35587,12,N,0x0,-47.7,24.0,12.8,31.4,137.7,81.0,112.8,118.4,0.00
TK,1778,35595,32,141.0,81.0,112.8,118.4,0.00,2066,1400,1753,1816,2500,3.3,1,0
TK,1779,35615,31,140.6,81.0,112.8,118.4,0.00,2062,1400,1753,1816,2500,2.9,1,0
TK,1780,35635,30,140.2,81.0,112.8,118.4,0.00,2057,1400,1753,1816,2500,2.5,1,0
A1,103,35639,859,51,1,63,1,1,-47.2,24.0,12.8,31.4,0.00
P3,103,63,7,0,0.299,-0.160,6.390,-0.505,-0.217,5.794,-0.195,-0.788,5.415,0.377,-0.496,5.335,0.503,-0.540,5.895,0.449,-0.530,5.870
A2,103,35639,13,N,0x0,-47.2,24.0,12.8,31.4,137.2,81.0,112.8,118.4,0.00
TK,1781,35655,33,139.7,81.0,112.8,118.4,0.00,2052,1400,1753,1816,2500,2.5,1,0
TK,1782,35675,31,139.3,81.0,112.8,118.4,0.00,2047,1400,1753,1816,2500,2.1,1,0
A1,104,35690,854,51,1,63,1,1,-46.7,24.0,12.8,31.4,0.00
P3,104,63,7,0,0.300,-0.161,6.389,-0.505,-0.217,5.794,-0.196,-0.788,5.415,0.376,-0.497,5.331,0.503,-0.540,5.895,0.449,-0.530,5.870
A2,104,35690,13,N,0x0,-46.7,24.0,12.8,31.4,136.7,81.0,112.8,118.4,0.00
TK,1783,35695,33,138.8,81.0,112.8,118.4,0.00,2042,1400,1753,1816,2500,2.1,1,0
TK,1784,35715,31,138.4,81.0,112.8,118.4,0.00,2037,1400,1753,1816,2500,1.6,1,0
TK,1785,35735,31,138.0,81.0,112.8,118.4,0.00,2033,1400,1753,1816,2500,1.3,1,0
A1,105,35738,856,48,1,63,1,1,-46.4,24.0,12.8,31.4,0.00
P3,105,63,7,0,0.301,-0.162,6.388,-0.505,-0.217,5.794,-0.196,-0.788,5.416,0.376,-0.498,5.327,0.503,-0.540,5.895,0.449,-0.530,5.870
A2,105,35738,13,N,0x0,-46.4,24.0,12.8,31.4,136.4,81.0,112.8,118.4,0.00
TK,1786,35755,33,137.6,81.0,112.8,118.4,0.00,2029,1400,1753,1816,2500,1.3,1,0
TK,1787,35775,31,137.3,81.0,112.8,118.4,0.00,2025,1400,1753,1816,2500,0.9,1,0
A1,106,35792,858,54,1,63,1,1,-46.0,24.0,12.8,31.4,0.00
P3,106,63,7,0,0.301,-0.162,6.386,-0.505,-0.217,5.793,-0.197,-0.789,5.416,0.376,-0.500,5.324,0.503,-0.540,5.895,0.449,-0.530,5.870
A2,106,35792,13,N,0x0,-46.0,24.0,12.8,31.4,136.0,81.0,112.8,118.4,0.00
TK,1788,35795,33,137.0,81.0,112.8,118.4,0.00,2022,1400,1753,1816,2500,1.0,1,0
TK,1789,35815,32,136.7,81.0,112.8,118.4,0.00,2018,1400,1753,1816,2500,0.7,1,0
TK,1790,35835,31,136.5,81.0,112.8,118.4,0.00,2016,1400,1753,1816,2500,0.5,1,0
A1,107,35839,858,46,1,63,1,1,-45.7,24.0,12.8,31.4,0.00
P3,107,63,7,0,0.301,-0.163,6.386,-0.505,-0.217,5.793,-0.197,-0.789,5.416,0.376,-0.501,5.321,0.503,-0.540,5.895,0.449,-0.530,5.870
A2,107,35839,12,N,0x0,-45.7,24.0,12.8,31.4,135.7,81.0,112.8,118.4,0.00
TK,1791,35855,33,136.2,81.0,112.8,118.4,0.00,2013,1400,1753,1816,2500,0.5,1,0
TK,1792,35875,32,136.0,81.0,112.8,118.4,0.00,2011,1400,1753,1816,2500,0.3,1,0
A1,108,35889,857,50,1,63,1,1,-45.5,24.0,12.8,31.4,0.00
P3,108,63,7,0,0.302,-0.164,6.385,-0.505,-0.217,5.793,-0.197,-0.789,5.416,0.376,-0.502,5.319,0.503,-0.540,5.895,0.449,-0.530,5.870
A2,108,35889,13,N,0x0,-45.5,24.0,12.8,31.4,135.5,81.0,112.8,118.4,0.00
TK,1793,35895,34,135.8,81.0,112.8,118.4,0.00,2009,1400,1753,1816,2500,0.4,1,0
TK,1794,35915,32,135.7,81.0,112.8,118.4,0.00,2007,1400,1753,1816,2500,0.2,1,0
TK,1795,35935,31,135.5,81.0,112.8,118.4,0.00,2005,1400,1753,1816,2500,0.1,1,0
A1,109,35937,849,48,1,63,1,1,-45.5,24.0,12.8,31.4,0.00
P3,109,63,7,0,0.302,-0.165,6.384,-0.505,-0.217,5.793,-0.198,-0.789,5.416,0.377,-0.504,5.319,0.503,-0.540,5.895,0.449,-0.530,5.870
A2,109,35937,10,S,0x0,-45.5,24.0,12.8,31.4,135.5,81.0,112.8,118.4,0.00
TK,1796,35955,34,135.5,81.0,112.8,118.4,0.00,2005,1400,1753,1816,2500,0.0,1,0
TK,1797,35975,20,135.5,81.0,112.8,118.4,0.00,2005,1400,1753,1816,2500,0.0,1,0
A1,110,35989,849,52,1,63,1,1,-45.5,24.0,12.8,31.4,0.00
P3,110,63,7,0,0.302,-0.166,6.384,-0.505,-0.217,5.793,-0.198,-0.789,5.416,0.378,-0.505,5.319,0.503,-0.540,5.895,0.449,-0.530,5.870
A2,110,35989,10,S,0x0,-45.5,24.0,12.8,31.4,135.5,81.0,112.8,118.4,0.00
TK,1798,35995,20,135.5,81.0,112.8,118.4,0.00,2005,1400,1753,1816,2500,0.0,1,0
SM,36000,110,51,51,0,45,1798,1798,0,0,0,0,0,0,0,259
TK,1799,36016,18,135.5,81.0,112.8,118.4,0.00,2005,1400,1753,1816,2500,0.0,1,0
TK,1800,36036,18,135.5,81.0,112.8,118.4,0.00,2005,1400,1753,1816,2500,0.0,1,0
A1,111,36040,847,51,1,63,1,1,-45.5,24.0,12.8,31.4,0.00
P3,111,63,7,0,0.302,-0.167,6.383,-0.505,-0.217,5.793,-0.198,-0.789,5.417,0.379,-0.507,5.319,0.503,-0.540,5.895,0.449,-0.530,5.870
A2,111,36040,10,S,0x0,-45.5,24.0,12.8,31.4,135.5,81.0,112.8,118.4,0.00
TK,1801,36056,19,135.5,81.0,112.8,118.4,0.00,2005,1400,1753,1816,2500,0.0,1,0
TK,1802,36076,18,135.5,81.0,112.8,118.4,0.00,2005,1400,1753,1816,2500,0.0,1,0
A1,112,36091,847,51,1,63,1,1,-45.5,24.0,12.8,31.4,0.00
P3,112,63,7,0,0.302,-0.169,6.383,-0.504,-0.217,5.793,-0.198,-0.789,5.416,0.380,-0.508,5.322,0.503,-0.540,5.895,0.449,-0.530,5.870
A2,112,36091,10,S,0x0,-45.5,24.0,12.8,31.4,135.5,81.0,112.8,118.4,0.00
TK,1803,36096,20,135.5,81.0,112.8,118.4,0.00,2005,1400,1753,1816,2500,0.0,1,0
TK,1804,36116,18,135.5,81.0,112.8,118.4,0.00,2005,1400,1753,1816,2500,0.0,1,0
TK,1805,36136,17,135.5,81.0,112.8,118.4,0.00,2005,1400,1753,1816,2500,0.0,1,0
A1,113,36139,849,48,1,63,1,1,-45.5,23.8,12.8,31.4,0.00
P3,113,63,7,0,0.302,-0.170,6.383,-0.504,-0.217,5.793,-0.199,-0.789,5.416,0.381,-0.510,5.323,0.503,-0.540,5.895,0.449,-0.530,5.870
A2,113,36139,13,N,0x0,-45.5,23.8,12.8,31.4,135.5,81.2,112.8,118.4,0.00
TK,1806,36156,34,135.5,81.1,112.8,118.4,0.00,2005,1400,1753,1816,2500,0.2,1,0
TK,1807,36176,31,135.5,81.1,112.8,118.4,0.00,2005,1401,1753,1816,2500,0.1,1,0
A1,114,36190,847,50,1,63,1,1,-45.5,23.6,12.8,31.4,0.00
P3,114,63,7,0,0.302,-0.172,6.382,-0.504,-0.218,5.792,-0.200,-0.789,5.415,0.381,-0.512,5.324,0.503,-0.540,5.895,0.449,-0.530,5.870
A2,114,36190,13,N,0x0,-45.5,23.6,12.8,31.4,135.5,81.4,112.8,118.4,0.00
TK,1808,36196,33,135.5,81.3,112.8,118.4,0.00,2005,1403,1753,1816,2500,0.1,1,0
TK,1809,36216,31,135.5,81.4,112.8,118.4,0.00,2005,1404,1753,1816,2500,0.0,1,0
TK,1810,36236,18,135.5,81.4,112.8,118.4,0.00,2005,1404,1753,1816,2500,0.0,1,0
A1,115,36237,846,48,1,63,1,1,-45.5,23.6,12.8,31.4,0.00
P3,115,63,7,0,0.303,-0.173,6.382,-0.504,-0.218,5.792,-0.201,-0.789,5.414,0.381,-0.513,5.324,0.503,-0.540,5.895,0.449,-0.530,5.870
A2,115,36237,10,S,0x0,-45.5,23.6,12.8,31.4,135.5,81.4,112.8,118.4,0.00
TK,1811,36256,20,135.5,81.4,112.8,118.4,0.00,2005,1404,1753,1816,2500,0.0,1,0
TK,1812,36276,18,135.5,81.4,112.8,118.4,0.00,2005,1404,1753,1816,2500,0.0,1,0
A1,116,36288,848,51,1,63,1,1,-45.7,23.4,12.8,31.4,0.00
P3,116,63,7,0,0.304,-0.173,6.381,-0.504,-0.219,5.792,-0.201,-0.790,5.414,0.382,-0.516,5.325,0.503,-0.540,5.895,0.449,-0.530,5.870
A2,116,36288,13,N,0x0,-45.7,23.4,12.8,31.4,135.7,81.6,112.8,118.4,0.00
TK,1813,36296,47,135.5,81.4,112.8,118.4,0.00,2005,1404,1753,1816,2500,0.2,1,0
TK,1814,36316,45,135.6,81.5,112.8,118.4,0.00,2006,1405,1753,1816,2500,0.1,1,0
TK,1815,36336,45,135.7,81.6,112.8,118.4,0.00,2007,1406,1753,1816,2500,0.0,1,0
A1,117,36337,847,49,1,63,1,1,-45.7,23.4,12.8,31.4,0.00
P3,117,63,7,0,0.305,-0.174,6.380,-0.504,-0.220,5.792,-0.202,-0.791,5.413,0.382,-0.518,5.325,0.503,-0.540,5.895,0.449,-0.530,5.870
A2,117,36337,10,S,0x0,-45.7,23.4,12.8,31.4,135.7,81.6,112.8,118.4,0.00
TK,1816,36356,21,135.7,81.6,112.8,118.4,0.00,2007,1406,1753,1816,2500,0.0,1,0
TK,1817,36376,18,135.7,81.6,112.8,118.4,0.00,2007,1406,1753,1816,2500,0.0,1,0
A1,118,36390,848,53,1,63,1,1,-45.7,23.2,12.8,31.4,0.00
P3,118,63,7,0,0.307,-0.174,6.378,-0.504,-0.221,5.792,-0.202,-0.792,5.413,0.382,-0.520,5.323,0.503,-0.540,5.895,0.449,-0.530,5.870
A2,118,36390,13,N,0x0,-45.7,23.2,12.8,31.4,135.7,81.8,112.8,118.4,0.00
TK,1818,36396,34,135.7,81.6,112.8,118.4,0.00,2007,1407,1753,1816,2500,0.2,1,0
TK,1819,36416,32,135.7,81.7,112.8,118.4,0.00,2007,1408,1753,1816,2500,0.1,1,0
TK,1820,36436,32,135.7,81.8,112.8,118.4,0.00,2007,1408,1753,1816,2500,0.0,1,0
A1,119,36442,857,52,1,63,1,1,-45.7,23.2,12.8,31.4,0.00
P3,119,63,7,0,0.310,-0.175,6.376,-0.504,-0.221,5.792,-0.202,-0.793,5.413,0.380,-0.523,5.319,0.503,-0.540,5.895,0.449,-0.530,5.870
A2,119,36442,10,S,0x0,-45.7,23.2,12.8,31.4,135.7,81.8,112.8,118.4,0.00
TK,1821,36456,20,135.7,81.8,112.8,118.4,0.00,2007,1409,1753,1816,2500,0.0,1,0
[TX] frame=120 csv_frame=120 time=5.97s
TK,1822,36476,19,135.7,81.8,112.8,118.4,0.00,2007,1409,1753,1816,2500,0.0,1,0
A1,120,36489,868,47,1,63,1,1,-45.5,23.0,12.8,31.4,0.00
P3,120,63,7,0,0.312,-0.176,6.377,-0.503,-0.222,5.795,-0.203,-0.795,5.417,0.378,-0.526,5.316,0.503,-0.540,5.895,0.449,-0.530,5.870
A2,120,36489,13,N,0x0,-45.5,23.0,12.8,31.4,135.5,82.0,112.8,118.4,0.00
TK,1823,36496,46,135.6,81.9,112.8,118.4,0.00,2006,1409,1753,1816,2500,0.1,1,0
TK,1824,36516,45,135.5,81.9,112.8,118.4,0.00,2005,1410,1753,1816,2500,0.0,1,0
TK,1825,36536,19,135.5,82.0,112.8,118.4,0.00,2005,1410,1753,1816,2500,0.0,1,0
A1,121,36540,886,51,1,63,1,1,-45.0,23.0,12.8,31.4,0.00
P3,121,63,7,0,0.314,-0.177,6.381,-0.503,-0.223,5.801,-0.203,-0.799,5.423,0.374,-0.533,5.311,0.503,-0.540,5.895,0.449,-0.530,5.870
A2,121,36540,13,N,0x0,-45.0,23.0,12.8,31.4,135.0,82.0,112.8,118.4,0.00
TK,1826,36556,33,135.4,82.0,112.8,118.4,0.00,2004,1410,1753,1816,2500,0.4,1,0
TK,1827,36576,32,135.3,82.0,112.8,118.4,0.00,2002,1410,1753,1816,2500,0.3,1,0
A1,122,36589,913,49,1,63,1,1,-44.1,23.0,12.8,31.4,0.00
P3,122,63,7,0,0.317,-0.179,6.384,-0.502,-0.224,5.806,-0.205,-0.802,5.430,0.364,-0.539,5.299,0.503,-0.540,5.895,0.449,-0.530,5.870
A2,122,36589,13,N,0x0,-44.1,23.0,12.8,31.4,134.1,82.0,112.8,118.4,0.00
TK,1828,36596,33,135.1,82.0,112.8,118.4,0.00,2000,1410,1753,1816,2500,1.0,1,0
TK,1829,36616,31,134.8,82.0,112.8,118.4,0.00,1998,1410,1753,1816,2500,0.8,1,0
TK,1830,36636,31,134.6,82.0,112.8,118.4,0.00,1995,1410,1753,1816,2500,0.5,1,0
A1,123,36640,932,50,1,63,1,1,-42.7,23.0,12.8,31.4,0.00
P3,123,63,7,0,0.320,-0.181,6.388,-0.501,-0.226,5.813,-0.208,-0.806,5.437,0.350,-0.546,5.285,0.503,-0.540,5.895,0.449,-0.530,5.870
A2,123,36640,13,N,0x0,-42.7,23.0,12.8,31.4,132.7,82.0,112.8,118.4,0.00
TK,1831,36656,33,134.3,82.0,112.8,118.4,0.00,1992,1410,1753,1816,2500,1.6,1,0
TK,1832,36676,31,134.0,82.0,112.8,118.4,0.00,1988,1410,1753,1816,2500,1.2,1,0
A1,124,36691,989,52,1,63,1,1,-41.0,22.8,12.8,31.4,0.00
P3,124,63,7,0,0.324,-0.184,6.393,-0.501,-0.227,5.821,-0.214,-0.810,5.445,0.332,-0.554,5.269,0.503,-0.540,5.895,0.449,-0.530,5.870
A2,124,36692,13,N,0x0,-41.0,22.8,12.8,31.4,131.0,82.2,112.8,118.4,0.00
TK,1833,36696,46,133.6,82.0,112.8,118.4,0.00,1984,1411,1753,1816,2500,2.6,1,0
TK,1834,36716,45,133.1,82.1,112.8,118.4,0.00,1979,1412,1753,1816,2500,2.2,1,0
TK,1835,36736,45,132.7,82.2,112.8,118.4,0.00,1974,1413,1753,1816,2500,1.7,1,0
A1,125,36741,1021,50,1,63,1,1,-39.1,22.6,12.8,31.4,0.00
P3,125,63,7,0,0.329,-0.186,6.399,-0.500,-0.228,5.831,-0.222,-0.813,5.454,0.314,-0.562,5.255,0.503,-0.540,5.895,0.449,-0.530,5.870
A2,125,36741,13,N,0x0,-39.1,22.6,12.8,31.4,129.1,82.4,112.8,118.4,0.00
TK,1836,36756,46,132.2,82.3,112.8,118.4,0.00,1969,1414,1753,1816,2500,3.1,1,0
TK,1837,36776,45,131.7,82.4,112.8,118.4,0.00,1963,1415,1753,1816,2500,2.6,1,0
A1,126,36791,1032,50,1,63,1,1,-37.1,22.4,14.2,31.4,0.00
P3,126,63,7,0,0.334,-0.189,6.402,-0.499,-0.229,5.839,-0.230,-0.816,5.461,0.295,-0.570,5.240,0.444,-0.439,4.968,0.394,-0.429,4.946
A2,126,36791,13,N,0x0,-37.1,22.4,14.2,31.4,127.1,82.6,114.2,118.4,0.00
TK,1838,36796,46,131.1,82.5,112.9,118.4,0.00,1956,1416,1754,1816,2500,4.1,1,0
TK,1839,36816,46,130.5,82.5,113.0,118.4,0.00,1950,1417,1755,1816,2500,3.5,1,0
TK,1840,36836,45,130.0,82.6,113.1,118.4,0.00,1944,1417,1757,1816,2500,2.9,1,0
A1,127,36839,1036,48,1,63,1,1,-35.1,22.4,15.7,31.4,0.00
P3,127,63,7,0,0.340,-0.192,6.406,-0.498,-0.230,5.849,-0.238,-0.820,5.469,0.276,-0.577,5.228,0.406,-0.455,4.948,0.356,-0.445,4.929
A2,127,36840,13,N,0x0,-35.1,22.4,15.7,31.4,125.1,82.6,115.7,118.4,0.00
TK,1841,36856,34,129.4,82.6,113.3,118.4,0.00,1937,1417,1759,1816,2500,4.3,1,0
TK,1842,36876,32,128.8,82.6,113.6,118.4,0.00,1930,1417,1761,1816,2500,3.7,1,0
A1,128,36889,1039,49,1,63,1,1,-33.1,22.4,17.5,31.4,0.00
P3,128,63,7,0,0.347,-0.195,6.408,-0.497,-0.230,5.857,-0.247,-0.824,5.476,0.255,-0.582,5.214,0.369,-0.467,4.927,0.320,-0.457,4.910
A2,128,36889,13,N,0x0,-33.1,22.4,17.5,31.4,123.1,82.6,117.5,118.4,0.00
TK,1843,36896,34,128.2,82.6,113.9,118.4,0.00,1924,1417,1765,1816,2500,5.1,1,0
TK,1844,36916,32,127.6,82.6,114.2,118.4,0.00,1917,1417,1768,1816,2500,4.5,1,0
TK,1845,36936,31,127.0,82.6,114.6,118.4,0.00,1910,1417,1773,1816,2500,3.9,1,0
A1,129,36941,1048,53,1,63,1,1,-30.8,22.4,19.3,31.4,0.00
P3,129,63,7,0,0.356,-0.200,6.409,-0.497,-0.231,5.867,-0.259,-0.829,5.485,0.228,-0.588,5.201,0.328,-0.480,4.907,0.280,-0.469,4.892
A2,129,36941,12,N,0x0,-30.8,22.4,19.3,31.4,120.8,82.6,119.3,118.4,0.00
TK,1846,36956,21,126.4,82.6,115.0,118.4,0.00,1904,1417,1777,1816,2500,5.6,1,0
TK,1847,36976,20,125.8,82.6,115.5,118.4,0.00,1897,1417,1783,1816,2500,5.0,1,0
A1,130,36990,1051,49,1,63,1,1,-28.6,22.4,20.6,31.4,0.00
P3,130,63,7,0,0.363,-0.205,6.409,-0.495,-0.231,5.875,-0.270,-0.833,5.493,0.200,-0.595,5.186,0.286,-0.490,4.886,0.241,-0.479,4.874
A2,130,36990,13,N,0x0,-28.6,22.4,20.6,31.4,118.6,82.6,120.6,118.4,0.00
TK,1848,36996,21,125.2,82.6,116.0,118.4,0.00,1890,1417,1789,1816,2500,6.6,1,0
SM,37000,130,71,71,0,60,1848,1848,0,0,0,0,0,0,0,260
TK,1849,37017,20,124.6,82.6,116.6,118.4,0.00,1884,1417,1795,1816,2500,6.0,1,0
TK,1850,37037,32,124.0,82.6,117.2,118.4,0.00,1877,1417,1802,1816,2500,5.4,1,0
A1,131,37042,1052,52,1,63,1,1,-26.2,22.4,21.4,31.2,0.00
P3,131,63,7,0,0.371,-0.212,6.409,-0.494,-0.233,5.885,-0.281,-0.840,5.503,0.169,-0.603,5.173,0.243,-0.501,4.868,0.200,-0.491,4.857
A2,131,37042,13,N,0x0,-26.2,22.4,21.4,31.2,116.2,82.6,121.4,118.2,0.00
TK,1851,37057,33,123.4,82.6,117.8,118.4,0.00,1870,1417,1808,1815,2500,7.2,1,0
TK,1852,37077,45,122.8,82.6,118.4,118.3,0.00,1864,1417,1815,1814,2500,6.6,1,0
A1,132,37089,1052,47,1,63,1,1,-23.9,22.4,21.7,30.9,0.00
P3,132,63,7,0,0.378,-0.219,6.409,-0.493,-0.234,5.893,-0.292,-0.844,5.509,0.140,-0.608,5.160,0.205,-0.507,4.850,0.165,-0.497,4.841
A2,132,37089,13,N,0x0,-23.9,22.4,21.7,30.9,113.9,82.6,121.7,117.9,0.00
TK,1853,37097,46,122.2,82.6,118.9,118.2,0.00,1857,1417,1821,1812,2500,8.3,1,0
TK,1854,37117,44,121.6,82.6,119.4,118.0,0.00,1850,1417,1826,1811,2500,7.7,1,0
TK,1855,37137,44,121.0,82.6,119.8,117.9,0.00,1844,1417,1831,1810,2500,7.1,1,0
A1,133,37139,1053,49,1,63,1,1,-21.5,22.4,21.7,30.5,0.00
P3,133,63,7,0,0.384,-0.227,6.409,-0.491,-0.236,5.901,-0.303,-0.848,5.516,0.110,-0.612,5.146,0.168,-0.512,4.832,0.130,-0.502,4.825
A2,133,37139,13,N,0x0,-21.5,22.4,21.7,30.5,111.5,82.6,121.7,117.5,0.00
TK,1856,37157,46,120.4,82.6,120.3,117.8,0.00,1837,1417,1836,1808,2500,8.9,1,0
TK,1857,37177,44,119.8,82.6,120.6,117.6,0.00,1830,1417,1840,1807,2500,8.3,1,0
A1,134,37192,1052,53,1,63,1,1,-18.9,22.4,20.9,30.0,0.00
P3,134,63,7,0,0.389,-0.235,6.409,-0.490,-0.238,5.909,-0.312,-0.851,5.521,0.082,-0.616,5.130,0.136,-0.515,4.814,0.101,-0.506,4.808
A2,134,37192,13,N,0x0,-18.9,22.4,20.9,30.0,108.9,82.6,120.9,117.0,0.00
TK,1858,37197,46,119.2,82.6,120.9,117.4,0.00,1824,1417,1843,1804,2500,10.3,1,0
TK,1859,37217,46,118.6,82.6,121.2,117.2,0.00,1817,1417,1846,1802,2500,9.7,1,0
TK,1860,37237,44,118.0,82.6,121.4,117.1,0.00,1810,1417,1848,1801,2500,9.1,1,0
A1,135,37239,1049,47,1,63,1,1,-16.8,22.4,19.7,29.4,0.00
P3,135,63,7,0,0.393,-0.241,6.411,-0.489,-0.240,5.917,-0.320,-0.854,5.528,0.059,-0.620,5.120,0.109,-0.517,4.802,0.076,-0.511,4.796
A2,135,37239,12,N,0x0,-16.8,22.4,19.7,29.4,106.8,82.6,119.7,116.4,0.00
TK,1861,37257,46,117.4,82.6,121.5,116.9,0.00,1804,1417,1850,1799,2500,10.6,1,0
TK,1862,37277,45,116.8,82.6,121.7,116.7,0.00,1797,1417,1851,1796,2500,10.0,1,0
A1,136,37293,1051,54,1,63,1,1,-14.1,22.4,17.7,28.4,0.00
P3,136,63,7,0,0.396,-0.248,6.412,-0.489,-0.241,5.925,-0.327,-0.856,5.533,0.027,-0.625,5.106,0.068,-0.523,4.784,0.039,-0.519,4.779
A2,136,37293,13,N,0x0,-14.1,22.4,17.7,28.4,104.1,82.6,117.7,115.4,0.00
TK,1863,37297,47,116.2,82.6,121.7,116.5,0.00,1790,1417,1852,1793,2500,12.1,1,0
TK,1864,37317,45,115.6,82.6,121.7,116.2,0.00,1784,1417,1852,1790,2500,11.5,1,0
TK,1865,37337,32,115.0,82.6,121.7,115.9,0.00,1777,1417,1852,1787,2500,10.9,1,0
A1,137,37342,1054,49,1,63,1,1,-11.5,22.4,15.9,27.2,0.00
P3,137,63,7,0,0.398,-0.254,6.416,-0.488,-0.242,5.933,-0.334,-0.858,5.540,-0.007,-0.632,5.093,0.024,-0.531,4.769,-0.002,-0.527,4.765
A2,137,37342,12,N,0x0,-11.5,22.4,15.9,27.2,101.5,82.6,115.9,114.2,0.00
TK,1866,37357,34,114.4,82.6,121.6,115.6,0.00,1770,1417,1851,1784,2500,12.9,1,0
TK,1867,37377,32,113.8,82.6,121.5,115.3,0.00,1764,1417,1850,1780,2500,12.3,1,0
A1,138,37390,1056,48,1,63,1,1,-8.6,22.1,14.3,25.9,0.00
P3,138,63,7,0,0.400,-0.258,6.420,-0.487,-0.244,5.941,-0.340,-0.858,5.544,-0.045,-0.640,5.077,-0.025,-0.540,4.751,-0.047,-0.536,4.748
A2,138,37390,13,N,0x0,-8.6,22.1,14.3,25.9,98.6,82.9,114.3,112.9,0.00
TK,1868,37397,47,113.2,82.6,121.3,114.9,0.00,1757,1417,1848,1776,2500,14.6,1,0
TK,1869,37417,45,112.6,82.7,121.1,114.5,0.00,1750,1418,1845,1771,2500,14.0,1,0
TK,1870,37437,45,112.0,82.8,120.8,114.1,0.00,1744,1420,1842,1767,2500,13.4,1,0
A1,139,37440,1063,51,1,63,1,1,-5.2,21.6,12.7,24.3,0.00
P3,139,63,7,0,0.402,-0.262,6.424,-0.487,-0.247,5.950,-0.347,-0.858,5.549,-0.087,-0.650,5.062,-0.078,-0.551,4.734,-0.096,-0.548,4.732
A2,139,37440,13,N,0x0,-5.2,21.6,12.7,24.3,95.2,83.4,112.7,111.3,0.00
TK,1871,37457,45,111.4,82.9,120.5,113.7,0.00,1737,1421,1839,1763,2500,16.2,1,0
TK,1872,37477,45,110.8,83.1,120.2,113.2,0.00,1730,1423,1835,1758,2500,15.6,1,0
[TX] frame=140 csv_frame=140 time=6.97s
A1,140,37491,1062,51,1,63,1,1,-1.7,20.8,11.2,22.8,0.00
P3,140,63,7,0,0.405,-0.266,6.426,-0.488,-0.249,5.958,-0.353,-0.858,5.553,-0.127,-0.665,5.045,-0.128,-0.567,4.716,-0.143,-0.564,4.715
A2,140,37491,13,N,0x0,-1.7,20.8,11.2,22.8,91.7,84.2,111.2,109.8,0.00
TK,1873,37497,47,110.2,83.4,119.7,112.7,0.00,1724,1426,1830,1752,2500,18.5,1,0
TK,1874,37517,45,109.6,83.6,119.3,112.2,0.00,1717,1429,1825,1746,2500,17.9,1,0
TK,1875,37537,45,109.0,83.8,118.8,111.8,0.00,1710,1431,1819,1741,2500,17.3,1,0
A1,141,37542,1062,51,1,63,1,1,1.7,19.6,9.6,21.5,0.00
P3,141,63,7,0,0.407,-0.269,6.429,-0.489,-0.251,5.967,-0.360,-0.859,5.558,-0.162,-0.682,5.033,-0.168,-0.583,4.703,-0.181,-0.579,4.702
A2,141,37542,13,N,0x0,1.7,19.6,9.6,21.5,88.3,85.4,109.6,108.5,0.00
TK,1876,37557,46,108.4,84.1,118.2,111.3,0.00,1704,1434,1813,1736,2500,20.1,1,0
TK,1877,37577,45,107.8,84.4,117.6,110.8,0.00,1697,1438,1806,1730,2500,19.5,1,0
A1,142,37590,1061,48,1,63,1,1,4.5,18.2,8.2,20.6,0.00
P3,142,63,7,0,0.410,-0.271,6.430,-0.490,-0.254,5.975,-0.367,-0.859,5.562,-0.191,-0.701,5.020,-0.200,-0.600,4.690,-0.210,-0.597,4.689
A2,142,37590,13,N,0x0,4.5,18.2,8.2,20.6,85.5,86.8,108.2,107.6,0.00
TK,1878,37597,46,107.2,84.8,117.0,110.2,0.00,1690,1442,1800,1724,2500,21.7,1,0
TK,1879,37617,44,106.6,85.2,116.4,109.8,0.00,1684,1446,1793,1719,2500,21.1,1,0
TK,1880,37637,44,106.0,85.6,115.8,109.3,0.00,1677,1450,1786,1714,2500,20.5,1,0
A1,143,37643,1059,53,1,63,1,1,7.3,16.3,6.5,20.1,0.00
P3,143,63,7,0,0.413,-0.272,6.431,-0.490,-0.256,5.982,-0.375,-0.858,5.564,-0.217,-0.724,5.007,-0.227,-0.619,4.676,-0.235,-0.615,4.676
A2,143,37643,12,N,0x0,7.3,16.3,6.5,20.1,82.7,88.7,106.5,107.1,0.00
TK,1881,37657,46,105.4,86.0,115.2,108.9,0.00,1670,1455,1780,1709,2500,22.6,1,0
TK,1882,37677,45,104.8,86.4,114.6,108.5,0.00,1664,1460,1773,1705,2500,22.0,1,0
A1,144,37691,1064,48,1,63,1,1,9.3,14.6,5.8,20.5,0.00
P3,144,63,7,0,0.416,-0.273,6.432,-0.491,-0.258,5.990,-0.383,-0.858,5.567,-0.239,-0.742,4.998,-0.250,-0.630,4.668,-0.255,-0.626,4.668
A2,144,37691,12,N,0x0,9.3,14.6,5.8,20.5,80.7,90.4,105.8,107.5,0.00
TK,1883,37697,46,104.2,86.9,114.0,108.2,0.00,1657,1466,1766,1701,2500,23.5,1,0
TK,1884,37717,44,103.6,87.5,113.4,107.9,0.00,1650,1472,1760,1698,2500,22.9,1,0
TK,1885,37737,43,103.0,88.0,112.8,107.6,0.00,1644,1477,1753,1695,2500,22.3,1,0
A1,145,37742,1065,52,1,63,1,1,11.1,12.7,7.1,22.5,0.00
P3,145,63,7,0,0.419,-0.274,6.434,-0.491,-0.260,5.999,-0.393,-0.854,5.569,-0.263,-0.756,4.988,-0.277,-0.636,4.660,-0.279,-0.631,4.660
A2,145,37742,13,N,0x0,11.1,12.7,7.1,22.5,78.9,92.3,107.1,109.5,0.00
TK,1886,37757,33,102.4,88.6,112.2,107.4,0.00,1637,1483,1746,1693,2500,23.5,1,0
TK,1887,37777,45,101.8,89.1,111.6,107.3,0.00,1630,1490,1740,1692,2500,22.9,1,0
A1,146,37792,1065,49,1,63,1,1,12.5,11.1,10.6,26.4,0.00
P3,146,63,7,0,0.421,-0.276,6.437,-0.491,-0.261,6.007,-0.405,-0.850,5.570,-0.286,-0.764,4.980,-0.305,-0.636,4.653,-0.304,-0.631,4.654
A2,146,37792,12,N,0x0,12.5,11.1,10.6,26.4,77.5,93.9,110.6,113.4,0.00
TK,1888,37797,34,101.2,89.7,111.1,107.2,0.00,1624,1496,1733,1690,2500,23.7,1,0
TK,1889,37817,32,100.6,90.3,110.5,107.1,0.00,1617,1503,1728,1690,2500,23.1,1,0
TK,1890,37837,32,100.0,90.9,110.1,107.1,0.00,1610,1509,1723,1690,2500,22.5,1,0
A1,147,37843,1063,51,1,63,1,1,13.8,9.8,14.1,26.9,0.00
P3,147,63,7,0,0.423,-0.277,6.440,-0.490,-0.263,6.015,-0.419,-0.847,5.571,-0.313,-0.768,4.972,-0.339,-0.633,4.647,-0.334,-0.627,4.648
A2,147,37843,13,N,0x0,13.8,9.8,14.1,26.9,76.2,95.2,114.1,113.9,0.00
TK,1891,37857,33,99.4,91.5,109.7,107.2,0.00,1604,1516,1718,1690,2500,23.2,1,0
TK,1892,37877,32,98.8,92.1,109.3,107.3,0.00,1597,1522,1714,1691,2500,22.6,1,0
A1,148,37894,1065,51,1,63,1,1,15.2,8.9,16.5,25.2,0.00
P3,148,63,7,0,0.425,-0.279,6.442,-0.487,-0.263,6.019,-0.431,-0.847,5.571,-0.342,-0.769,4.965,-0.382,-0.629,4.643,-0.373,-0.624,4.643
A2,148,37894,12,N,0x0,15.2,8.9,16.5,25.2,74.8,96.1,116.5,112.2,0.00
TK,1893,37897,21,98.2,92.7,109.0,107.4,0.00,1590,1529,1711,1693,2500,23.3,1,0
TK,1894,37917,32,97.6,93.2,108.7,107.6,0.00,1584,1535,1708,1695,2500,22.7,1,0
TK,1895,37937,32,97.0,93.7,108.5,107.8,0.00,1577,1541,1705,1698,2500,22.1,1,0
A1,149,37943,1064,49,1,63,1,1,16.7,8.4,17.9,22.6,0.00
P3,149,63,7,0,0.428,-0.280,6.442,-0.485,-0.263,6.021,-0.439,-0.850,5.571,-0.373,-0.769,4.959,-0.426,-0.625,4.639,-0.412,-0.620,4.639
A2,149,37943,13,N,0x0,16.7,8.4,17.9,22.6,73.3,96.6,117.9,109.6,0.00
TK,1896,37957,46,96.4,94.2,108.4,108.1,0.00,1570,1546,1704,1701,2500,23.0,1,0
TK,1897,37978,45,95.8,94.7,108.2,108.5,0.00,1564,1552,1702,1705,2500,22.4,1,0
A1,150,37990,1060,47,1,63,1,1,18.4,8.4,18.4,19.5,0.00
P3,150,63,7,0,0.431,-0.282,6.441,-0.482,-0.264,6.023,-0.444,-0.855,5.573,-0.407,-0.765,4.957,-0.473,-0.620,4.639,-0.453,-0.614,4.639
A2,150,37990,12,N,0x0,18.4,8.4,18.4,19.5,71.6,96.6,118.4,106.5,0.00
TK,1898,37998,46,95.2,95.1,108.2,108.7,0.00,1557,1556,1701,1708,2500,23.6,1,0
SM,38000,150,91,91,0,80,1898,1898,0,0,0,0,0,0,0,262
TK,1899,38018,45,94.6,95.5,108.1,109.0,0.00,1550,1560,1701,1710,2500,23.0,1,0
TK,1900,38038,45,94.0,95.8,108.2,109.2,0.00,1544,1564,1701,1712,2500,22.4,1,0
A1,151,38041,1059,51,1,63,1,1,20.9,8.7,18.4,15.8,0.00
P3,151,63,7,0,0.435,-0.284,6.438,-0.478,-0.265,6.022,-0.445,-0.861,5.573,-0.449,-0.756,4.954,-0.534,-0.613,4.640,-0.507,-0.604,4.639
A2,151,38041,13,N,0x0,20.9,8.7,18.4,15.8,69.1,96.3,118.4,102.8,0.00
TK,1901,38058,33,93.4,96.0,108.2,109.3,0.00,1537,1567,1702,1714,2500,24.3,1,0
TK,1902,38078,32,92.8,96.3,108.4,109.4,0.00,1530,1569,1704,1715,2500,23.7,1,0
A1,152,38092,1059,51,1,63,1,1,24.2,9.4,17.5,11.9,0.00
P3,152,63,7,0,0.441,-0.287,6.435,-0.472,-0.266,6.021,-0.443,-0.867,5.574,-0.497,-0.744,4.957,-0.603,-0.606,4.646,-0.570,-0.593,4.644
A2,152,38092,13,N,0x0,24.2,9.4,17.5,11.9,65.8,95.6,117.5,98.9,0.00
TK,1903,38098,33,92.2,96.4,108.5,109.4,0.00,1524,1571,1705,1716,2500,26.3,1,0
TK,1904,38118,32,91.6,96.5,108.7,109.4,0.00,1517,1572,1708,1716,2500,25.7,1,0
TK,1905,38138,31,91.0,96.6,109.0,109.4,0.00,1510,1573,1711,1715,2500,25.1,1,0
A1,153,38141,1050,49,1,63,1,1,27.7,10.4,16.0,7.9,0.00
P3,153,63,7,0,0.447,-0.289,6.430,-0.467,-0.266,6.017,-0.438,-0.873,5.574,-0.543,-0.732,4.961,-0.666,-0.602,4.654,-0.627,-0.584,4.650
A2,153,38141,13,N,0x0,27.7,10.4,16.0,7.9,62.3,94.6,116.0,94.9,0.00
TK,1906,38158,33,90.4,96.6,109.3,109.3,0.00,1504,1573,1714,1714,2500,28.1,1,0
TK,1907,38178,32,89.8,96.6,109.7,109.1,0.00,1497,1573,1718,1712,2500,27.5,1,0
A1,154,38193,1048,52,1,63,1,1,31.9,11.5,13.8,3.6,0.00
P3,154,63,7,0,0.453,-0.291,6.421,-0.461,-0.267,6.011,-0.439,-0.879,5.571,-0.596,-0.719,4.966,-0.740,-0.596,4.663,-0.693,-0.575,4.657
A2,154,38193,12,N,0x0,31.9,11.5,13.8,3.6,58.1,93.5,113.8,90.6,0.00
TK,1908,38198,33,89.2,96.6,110.1,108.9,0.00,1490,1572,1723,1710,2500,31.0,1,0
TK,1909,38218,45,88.6,96.4,110.5,108.7,0.00,1484,1571,1728,1707,2500,30.4,1,0
TK,1910,38238,44,88.0,96.3,111.1,108.4,0.00,1477,1569,1733,1704,2500,29.8,1,0
A1,155,38242,1049,48,1,63,1,1,35.6,12.6,11.5,-0.1,0.00
P3,155,63,7,0,0.459,-0.293,6.414,-0.457,-0.268,6.006,-0.445,-0.882,5.569,-0.642,-0.707,4.972,-0.798,-0.592,4.673,-0.745,-0.568,4.664
A2,155,38242,12,N,0x0,35.6,12.6,11.5,-0.1,54.4,92.4,111.5,86.9,0.00
TK,1911,38258,46,87.4,96.1,111.5,108.1,0.00,1470,1567,1738,1700,2500,33.0,1,0
TK,1912,38278,32,86.8,95.8,111.9,107.7,0.00,1464,1564,1743,1696,2500,32.4,1,0
A1,156,38290,1051,48,1,63,1,1,39.1,13.7,9.1,-3.6,0.00
P3,156,63,7,0,0.465,-0.295,6.406,-0.453,-0.269,6.002,-0.452,-0.884,5.567,-0.684,-0.696,4.980,-0.851,-0.588,4.684,-0.793,-0.563,4.672
A2,156,38290,12,N,0x0,39.1,13.7,9.1,-3.6,50.9,91.3,109.1,83.4,0.00
TK,1913,38298,33,86.2,95.5,112.3,107.3,0.00,1457,1560,1747,1691,2500,35.3,1,0
TK,1914,38318,32,85.6,95.1,112.6,106.8,0.00,1450,1557,1750,1686,2500,34.7,1,0
TK,1915,38338,44,85.0,94.7,112.9,106.2,0.00,1444,1552,1753,1680,2500,34.1,1,0
A1,157,38340,1050,51,1,63,1,1,42.6,14.7,6.5,-6.9,1.00
P3,157,63,7,0,0.472,-0.298,6.398,-0.449,-0.271,5.998,-0.460,-0.885,5.564,-0.727,-0.685,4.989,-0.902,-0.584,4.696,-0.838,-0.558,4.681
A2,157,38340,12,N,0x0,42.6,14.7,6.5,-6.9,47.4,90.3,106.5,80.1,1.00
TK,1916,38358,20,84.4,94.3,113.1,105.7,1.00,1437,1547,1756,1673,1500,37.0,1,0
TK,1917,38378,32,83.8,93.8,113.2,105.1,1.00,1430,1541,1758,1667,1500,36.4,1,0
A1,158,38393,1058,53,1,63,1,1,46.2,15.5,3.9,-10.0,1.00
P3,158,63,7,0,0.480,-0.300,6.390,-0.444,-0.272,5.995,-0.468,-0.884,5.560,-0.769,-0.675,5.000,-0.953,-0.580,4.710,-0.883,-0.554,4.691
A2,158,38393,13,N,0x0,46.2,15.5,3.9,-10.0,43.8,89.5,103.9,77.0,1.00
TK,1918,38398,21,83.2,93.2,113.4,104.5,1.00,1424,1535,1759,1660,1500,39.3,1,0
TK,1919,38418,33,82.6,92.6,113.4,103.9,1.00,1417,1529,1760,1653,1500,38.7,1,0
TK,1920,38438,32,82.0,92.1,113.5,103.3,1.00,1410,1523,1760,1647,1500,38.1,1,0
A1,159,38443,1054,50,1,63,1,1,49.3,16.2,1.7,-12.4,1.00
P3,159,63,7,0,0.487,-0.302,6.381,-0.438,-0.273,5.989,-0.474,-0.881,5.553,-0.806,-0.668,5.008,-0.996,-0.576,4.720,-0.920,-0.551,4.699
A2,159,38443,12,N,0x0,49.3,16.2,1.7,-12.4,40.7,88.8,101.7,74.6,1.00
TK,1921,38458,33,81.4,91.6,113.4,102.7,1.00,1404,1517,1760,1640,1500,40.7,1,0
[TX] frame=160 csv_frame=160 time=7.97s
TK,1922,38478,32,80.8,91.1,113.4,102.1,1.00,1397,1512,1759,1633,1500,40.1,1,0
A1,160,38490,1051,47,1,63,1,1,52.1,16.5,0.0,-14.4,1.00
P3,160,63,7,0,0.493,-0.304,6.375,-0.432,-0.273,5.985,-0.482,-0.875,5.546,-0.840,-0.661,5.015,-1.036,-0.571,4.730,-0.956,-0.548,4.705
A2,160,38490,12,N,0x0,52.1,16.5,0.0,-14.4,37.9,88.5,100.0,72.6,1.00
TK,1923,38498,34,80.2,90.6,113.2,101.5,1.00,1390,1506,1758,1627,1500,42.3,1,0
TK,1924,38518,32,79.6,90.2,113.1,100.9,1.00,1384,1502,1756,1620,1500,41.7,1,0
TK,1925,38538,32,79.0,89.8,112.9,100.3,1.00,1377,1497,1753,1613,1500,41.1,1,0
A1,161,38540,1049,50,1,63,1,1,54.7,16.7,-1.3,-16.0,1.00
P3,161,63,7,0,0.498,-0.306,6.369,-0.426,-0.272,5.981,-0.496,-0.868,5.539,-0.873,-0.655,5.020,-1.073,-0.565,4.739,-0.990,-0.545,4.710
A2,161,38540,13,N,0x0,54.7,16.7,-1.3,-16.0,35.3,88.3,98.7,71.0,1.00
TK,1926,38558,33,78.4,89.4,112.6,99.7,1.00,1370,1493,1750,1607,1500,43.0,1,0
TK,1927,38578,32,77.8,89.1,112.3,99.1,1.00,1364,1490,1747,1600,1500,42.4,1,0
A1,162,38592,1048,51,1,63,1,1,57.0,16.7,-2.2,-17.2,1.00
P3,162,63,7,0,0.504,-0.309,6.363,-0.421,-0.271,5.978,-0.515,-0.861,5.533,-0.910,-0.648,5.028,-1.114,-0.556,4.750,-1.029,-0.538,4.718
A2,162,38592,13,N,0x0,57.0,16.7,-2.2,-17.2,33.0,88.3,97.8,69.8,1.00
TK,1928,38598,33,77.2,88.9,111.9,98.5,1.00,1357,1487,1743,1593,1500,44.2,1,0
TK,1929,38618,32,76.6,88.7,111.5,97.9,1.00,1350,1485,1738,1587,1500,43.6,1,0
TK,1930,38638,32,76.0,88.5,111.1,97.3,1.00,1344,1483,1733,1580,1500,43.0,1,0
A1,163,38644,1042,52,1,63,1,1,59.2,16.7,-2.7,-18.0,1.00
P3,163,63,7,0,0.509,-0.311,6.357,-0.418,-0.269,5.975,-0.537,-0.855,5.530,-0.946,-0.640,5.037,-1.151,-0.544,4.761,-1.065,-0.530,4.727
A2,163,38644,12,N,0x0,59.2,16.7,-2.7,-18.0,30.8,88.3,97.3,69.0,1.00
TK,1931,38658,33,75.4,88.4,110.5,96.7,1.00,1337,1482,1728,1573,1500,44.5,1,0
TK,1932,38678,33,74.8,88.3,110.0,96.1,1.00,1330,1481,1722,1567,1500,43.9,1,0
A1,164,38692,1031,49,1,63,1,1,60.9,16.7,-3.1,-18.5,1.00
P3,164,63,7,0,0.512,-0.313,6.350,-0.415,-0.267,5.970,-0.559,-0.848,5.525,-0.980,-0.631,5.044,-1.183,-0.532,4.769,-1.098,-0.519,4.734
A2,164,38692,13,N,0x0,60.9,16.7,-3.1,-18.5,29.1,88.3,96.9,68.5,1.00
TK,1933,38698,20,74.2,88.3,109.4,95.5,1.00,1324,1481,1715,1560,1500,45.1,1,0
TK,1934,38718,19,73.6,88.3,108.8,94.9,1.00,1317,1481,1708,1553,1500,44.5,1,0
TK,1935,38738,19,73.0,88.3,108.2,94.3,1.00,1310,1481,1702,1547,1500,43.9,1,0
A1,165,38742,1030,49,1,63,1,1,62.5,16.7,-3.4,-18.8,1.00
P3,165,63,7,0,0.514,-0.315,6.343,-0.414,-0.265,5.966,-0.579,-0.842,5.521,-1.011,-0.622,5.052,-1.209,-0.521,4.777,-1.126,-0.508,4.742
A2,165,38742,13,N,0x0,62.5,16.7,-3.4,-18.8,27.5,88.3,96.6,68.2,1.00
TK,1936,38758,21,72.4,88.3,107.6,93.7,1.00,1304,1481,1695,1540,1500,44.9,1,0
TK,1937,38778,19,71.8,88.3,107.0,93.1,1.00,1297,1481,1688,1533,1500,44.3,1,0
A1,166,38791,1024,50,1,63,1,1,64.0,16.9,-3.7,-18.8,1.00
P3,166,63,7,0,0.516,-0.316,6.336,-0.413,-0.264,5.961,-0.598,-0.835,5.516,-1.041,-0.611,5.059,-1.232,-0.507,4.784,-1.151,-0.495,4.749
A2,166,38791,13,N,0x0,64.0,16.9,-3.7,-18.8,26.0,88.1,96.3,68.2,1.00
TK,1938,38798,34,71.2,88.3,106.4,92.5,1.00,1290,1480,1682,1527,1500,45.2,1,0
TK,1939,38818,32,70.6,88.2,105.8,91.9,1.00,1284,1479,1675,1520,1500,44.6,1,0
TK,1940,38838,32,70.0,88.1,105.2,91.3,1.00,1277,1478,1668,1513,1500,44.0,1,0
A1,167,38841,994,50,1,63,1,1,65.5,17.1,-4.1,-18.8,1.00
P3,167,63,7,0,0.517,-0.318,6.329,-0.413,-0.263,5.957,-0.615,-0.828,5.511,-1.068,-0.599,5.067,-1.251,-0.493,4.789,-1.171,-0.482,4.755
A2,167,38841,13,N,0x0,65.5,17.1,-4.1,-18.8,24.5,87.9,95.9,68.2,1.00
TK,1941,38858,33,69.4,88.0,104.6,90.7,1.00,1270,1477,1662,1507,1500,44.8,1,0
TK,1942,38878,32,68.8,87.9,104.0,90.1,1.00,1264,1477,1655,1500,1500,44.2,1,0
A1,168,38892,947,51,1,63,1,1,66.8,17.3,-4.7,-18.8,1.00
P3,168,63,7,0,0.518,-0.320,6.323,-0.414,-0.264,5.955,-0.629,-0.821,5.507,-1.090,-0.589,5.074,-1.263,-0.482,4.794,-1.185,-0.471,4.762
A2,168,38892,13,N,0x0,66.8,17.3,-4.7,-18.8,23.2,87.7,95.3,68.2,1.00
TK,1943,38898,34,68.2,87.8,103.4,89.5,1.00,1257,1475,1648,1493,1500,45.0,1,0
TK,1944,38918,32,67.6,87.7,102.8,88.9,1.00,1250,1474,1642,1487,1500,44.4,1,0
TK,1945,38938,19,67.0,87.7,102.2,88.3,1.00,1244,1474,1635,1480,1500,43.8,1,0
A1,169,38941,929,50,1,63,1,1,68.0,17.6,-5.2,-18.8,1.00
P3,169,63,7,0,0.518,-0.323,6.318,-0.415,-0.266,5.953,-0.642,-0.816,5.503,-1.109,-0.579,5.082,-1.274,-0.469,4.799,-1.198,-0.460,4.768
A2,169,38942,13,N,0x0,68.0,17.6,-5.2,-18.8,22.0,87.4,94.8,68.2,1.00
TK,1946,38958,34,66.4,87.6,101.6,87.7,1.00,1237,1473,1628,1473,1500,44.4,1,0
TK,1947,38978,32,65.8,87.5,101.0,87.1,1.00,1230,1472,1622,1467,1500,43.8,1,0
A1,170,38992,924,51,1,63,1,1,69.3,17.9,-5.8,-18.8,1.00
P3,170,63,7,0,0.518,-0.325,6.311,-0.417,-0.267,5.950,-0.653,-0.810,5.497,-1.129,-0.568,5.090,-1.288,-0.455,4.805,-1.214,-0.447,4.775
A2,170,38992,13,N,0x0,69.3,17.9,-5.8,-18.8,20.7,87.1,94.2,68.2,1.00
TK,1948,38999,34,65.2,87.3,100.4,86.5,1.00,1224,1470,1615,1460,1500,44.5,1,0
SM,39000,170,111,111,0,100,1948,1948,0,0,0,0,0,0,0,260
TK,1949,39019,33,64.6,87.2,99.8,85.9,1.00,1217,1469,1608,1453,1500,43.9,1,0
TK,1950,39039,32,64.0,87.2,99.2,85.3,1.00,1210,1468,1602,1447,1500,43.3,1,0
A1,171,39043,921,50,1,63,1,1,70.6,18.2,-6.3,-18.8,1.00
P3,171,63,7,0,0.518,-0.326,6.304,-0.419,-0.270,5.947,-0.663,-0.805,5.491,-1.150,-0.557,5.100,-1.302,-0.441,4.813,-1.231,-0.434,4.785
A2,171,39043,13,N,0x0,70.6,18.2,-6.3,-18.8,20.0,86.8,93.7,68.2,1.00
TK,1951,39059,33,63.4,87.0,98.6,84.7,1.00,1204,1467,1595,1440,1500,43.4,1,0
TK,1952,39079,32,62.8,86.9,98.0,84.1,1.00,1197,1465,1588,1433,1500,42.8,1,0
A1,172,39094,921,52,1,63,1,1,71.9,18.6,-6.7,-18.8,0.00
P3,172,63,7,0,0.518,-0.327,6.298,-0.420,-0.273,5.945,-0.675,-0.800,5.486,-1.169,-0.545,5.109,-1.314,-0.426,4.820,-1.246,-0.421,4.793
A2,172,39094,13,N,0x0,71.9,18.6,-6.7,-18.8,20.0,86.4,93.3,68.2,0.00
TK,1953,39099,33,62.2,86.7,97.4,83.5,0.00,1190,1463,1582,1427,2500,42.2,1,0
TK,1954,39119,32,61.6,86.6,96.8,82.9,0.00,1184,1461,1575,1420,2500,41.6,1,0
TK,1955,39139,44,61.0,86.5,96.2,82.3,0.00,1177,1460,1569,1413,2500,41.0,1,0
A1,173,39141,916,47,1,63,1,1,73.1,19.0,-7.1,-18.8,0.00
P3,173,63,7,0,0.518,-0.328,6.293,-0.422,-0.275,5.944,-0.684,-0.795,5.481,-1.184,-0.536,5.116,-1.322,-0.414,4.825,-1.256,-0.411,4.800
A2,173,39141,13,N,0x0,73.1,19.0,-7.1,-18.8,20.0,86.0,92.9,68.2,0.00
TK,1956,39159,46,60.4,86.3,95.7,81.7,0.00,1170,1458,1563,1407,2500,40.4,1,0
TK,1957,39179,44,59.8,86.1,95.2,81.1,0.00,1164,1457,1557,1400,2500,39.8,1,0
A1,174,39192,916,51,1,63,1,1,74.2,19.5,-7.5,-18.8,0.00
P3,174,63,7,0,0.518,-0.329,6.289,-0.423,-0.278,5.942,-0.693,-0.789,5.476,-1.197,-0.525,5.123,-1.329,-0.402,4.830,-1.265,-0.401,4.805
A2,174,39192,13,N,0x0,74.2,19.5,-7.5,-18.8,20.0,85.5,92.5,68.2,0.00
TK,1958,39199,46,59.2,85.9,94.7,80.5,0.00,1157,1454,1552,1393,2500,39.2,1,0
TK,1959,39219,45,58.6,85.8,94.3,79.9,0.00,1150,1452,1547,1387,2500,38.6,1,0
TK,1960,39239,44,58.0,85.6,93.9,79.3,0.00,1144,1451,1543,1380,2500,38.0,1,0
A1,175,39246,917,54,1,63,1,1,75.1,20.0,-8.2,-18.8,0.00
P3,175,63,7,0,0.518,-0.330,6.285,-0.424,-0.280,5.941,-0.702,-0.783,5.470,-1.206,-0.515,5.126,-1.331,-0.393,4.830,-1.269,-0.392,4.808
A2,175,39246,13,N,0x0,75.1,20.0,-8.2,-18.8,20.0,85.0,91.8,68.2,0.00
TK,1961,39259,46,57.4,85.5,93.5,78.7,0.00,1137,1449,1538,1373,2500,37.4,1,0
TK,1962,39279,45,56.8,85.3,93.1,78.1,0.00,1130,1447,1534,1367,2500,36.8,1,0
A1,176,39293,911,47,1,63,1,1,75.7,20.3,-8.7,-18.8,0.00
P3,176,63,7,0,0.518,-0.331,6.283,-0.425,-0.282,5.941,-0.709,-0.778,5.468,-1.213,-0.508,5.129,-1.332,-0.386,4.831,-1.271,-0.387,4.809
A2,176,39293,13,N,0x0,75.7,20.3,-8.7,-18.8,20.0,84.7,91.3,68.2,0.00
TK,1963,39299,46,56.2,85.1,92.7,77.5,0.00,1124,1445,1530,1360,2500,36.2,1,0
TK,1964,39319,45,55.6,84.9,92.4,76.9,0.00,1117,1443,1526,1353,2500,35.6,1,0
TK,1965,39339,44,55.0,84.8,92.1,76.3,0.00,1110,1441,1523,1347,2500,35.0,1,0
A1,177,39341,918,48,1,63,1,1,76.2,20.7,-9.2,-18.8,0.00
P3,177,63,7,0,0.518,-0.332,6.281,-0.425,-0.283,5.942,-0.714,-0.773,5.464,-1.216,-0.502,5.129,-1.331,-0.381,4.829,-1.270,-0.382,4.808
A2,177,39341,13,N,0x0,76.2,20.7,-9.2,-18.8,20.0,84.3,90.8,68.2,0.00
TK,1966,39359,46,54.4,84.6,91.8,75.7,0.00,1104,1439,1519,1340,2500,34.4,1,0
TK,1967,39379,45,53.8,84.4,91.5,75.1,0.00,1097,1438,1516,1333,2500,33.8,1,0
A1,178,39393,929,53,1,63,1,1,76.4,21.0,-9.8,-18.8,0.00
P3,178,63,7,0,0.518,-0.333,6.281,-0.426,-0.285,5.945,-0.720,-0.768,5.465,-1.220,-0.496,5.132,-1.330,-0.377,4.830,-1.270,-0.379,4.810
A2,178,39393,13,N,0x0,76.4,21.0,-9.8,-18.8,20.0,84.0,90.2,68.2,0.00
TK,1968,39399,46,53.2,84.3,91.2,74.5,0.00,1090,1436,1512,1327,2500,33.2,1,0
TK,1969,39419,45,52.6,84.1,90.9,73.9,0.00,1084,1434,1509,1320,2500,32.6,1,0
TK,1970,39439,44,52.0,84.0,90.7,73.3,0.00,1077,1433,1507,1313,2500,32.0,1,0
A1,179,39441,927,48,1,63,1,1,76.4,21.3,-10.3,-18.8,0.00
P3,179,63,7,0,0.518,-0.334,6.281,-0.427,-0.286,5.948,-0.725,-0.764,5.464,-1.220,-0.492,5.131,-1.327,-0.374,4.826,-1.267,-0.377,4.808
A2,179,39441,12,N,0x0,76.4,21.3,-10.3,-18.8,20.0,83.7,89.7,68.2,0.00
TK,1971,39459,46,51.4,83.9,90.4,72.7,0.00,1070,1431,1504,1307,2500,31.4,1,0
TK,1972,39479,45,50.8,83.8,90.2,72.1,0.00,1064,1430,1501,1300,2500,30.8,1,0
[TX] frame=180 csv_frame=180 time=8.97s
A1,180,39493,926,51,1,63,1,1,76.4,21.5,-10.8,-18.6,0.00
P3,180,63,7,0,0.518,-0.335,6.281,-0.427,-0.288,5.950,-0.728,-0.759,5.462,-1.219,-0.488,5.128,-1.322,-0.373,4.821,-1.264,-0.375,4.804
A2,180,39493,13,N,0x0,76.4,21.5,-10.8,-18.6,20.0,83.5,89.2,68.4,0.00
TK,1973,39499,59,50.2,83.6,89.9,71.5,0.00,1057,1429,1498,1294,2500,30.2,1,0
TK,1974,39519,57,49.6,83.5,89.6,71.0,0.00,1050,1428,1495,1288,2500,29.6,1,0
TK,1975,39539,44,49.0,83.5,89.4,70.5,0.00,1044,1427,1493,1283,2500,29.0,1,0
A1,181,39541,925,48,1,63,1,1,76.2,21.5,-11.4,-18.4,0.00
P3,181,63,7,0,0.519,-0.336,6.281,-0.427,-0.289,5.952,-0.730,-0.755,5.460,-1.218,-0.485,5.125,-1.318,-0.372,4.816,-1.260,-0.375,4.799
A2,181,39541,12,N,0x0,76.2,21.5,-11.4,-18.4,20.0,83.5,88.6,68.6,0.00
TK,1976,39559,46,48.4,83.5,89.2,70.1,0.00,1037,1427,1491,1278,2500,28.4,1,0
TK,1977,39579,46,47.8,83.5,89.0,69.7,0.00,1030,1427,1488,1274,2500,27.8,1,0
A1,182,39591,929,50,1,63,1,1,75.8,21.7,-11.7,-18.1,0.00
P3,182,63,7,0,0.519,-0.336,6.283,-0.428,-0.291,5.957,-0.733,-0.754,5.462,-1.218,-0.483,5.125,-1.316,-0.372,4.814,-1.258,-0.376,4.798
A2,182,39591,13,N,0x0,75.8,21.7,-11.7,-18.1,20.0,83.3,88.3,68.9,0.00
TK,1978,39599,58,47.2,83.5,88.8,69.4,0.00,1024,1427,1486,1270,2500,27.2,1,0
TK,1979,39619,57,46.6,83.4,88.6,69.1,0.00,1017,1426,1483,1267,2500,26.6,1,0
TK,1980,39639,44,46.0,83.3,88.4,68.9,0.00,1010,1425,1482,1265,2500,26.0,1,0
A1,183,39642,932,51,1,63,1,1,75.4,21.7,-11.7,-17.8,0.00
P3,183,63,7,0,0.519,-0.337,6.285,-0.428,-0.292,5.960,-0.736,-0.752,5.464,-1.216,-0.483,5.123,-1.314,-0.373,4.811,-1.255,-0.377,4.795
A2,183,39642,13,N,0x0,75.4,21.7,-11.7,-17.8,20.0,83.3,88.3,69.2,0.00
TK,1981,39659,47,45.4,83.3,88.3,68.7,0.00,1004,1425,1481,1263,2500,25.4,1,0
TK,1982,39679,46,44.8,83.3,88.3,68.6,0.00,997,1425,1480,1261,2500,24.8,1,0
A1,184,39694,930,52,1,63,1,1,74.9,21.7,-12.0,-17.5,0.00
P3,184,63,7,0,0.519,-0.337,6.286,-0.429,-0.292,5.964,-0.737,-0.751,5.465,-1.215,-0.482,5.122,-1.312,-0.374,4.808,-1.253,-0.379,4.793
A2,184,39694,13,N,0x0,74.9,21.7,-12.0,-17.5,20.0,83.3,88.0,69.5,0.00
TK,1983,39699,47,44.2,83.3,88.2,68.5,0.00,990,1425,1479,1260,2500,24.2,1,0
TK,1984,39719,45,43.6,83.3,88.1,68.4,0.00,984,1425,1478,1260,2500,23.6,1,0
TK,1985,39739,45,43.0,83.3,88.0,68.4,0.00,977,1425,1477,1260,2500,23.0,1,0
A1,185,39742,932,48,1,63,1,1,74.4,21.7,-12.2,-17.3,0.00
P3,185,63,7,0,0.519,-0.337,6.287,-0.429,-0.293,5.966,-0.738,-0.750,5.466,-1.214,-0.482,5.120,-1.310,-0.375,4.806,-1.252,-0.380,4.790
A2,185,39742,13,N,0x0,74.4,21.7,-12.2,-17.3,20.0,83.3,87.8,69.7,0.00
TK,1986,39759,46,42.4,83.3,87.9,68.5,0.00,970,1425,1476,1261,2500,22.4,1,0
TK,1987,39779,45,41.8,83.3,87.8,68.6,0.00,964,1425,1475,1262,2500,21.8,1,0
A1,186,39795,931,53,1,63,1,1,74.0,21.7,-12.5,-17.0,0.00
P3,186,63,7,0,0.519,-0.338,6.287,-0.430,-0.293,5.969,-0.739,-0.749,5.466,-1.213,-0.482,5.118,-1.308,-0.376,4.802,-1.250,-0.380,4.788
A2,186,39795,13,N,0x0,74.0,21.7,-12.5,-17.0,20.0,83.3,87.5,70.0,0.00
TK,1988,39799,47,41.2,83.3,87.7,68.8,0.00,957,1425,1474,1263,2500,21.2,1,0
TK,1989,39819,45,40.6,83.3,87.6,69.0,0.00,950,1425,1473,1266,2500,20.6,1,0
TK,1990,39839,46,40.0,83.3,87.5,69.2,0.00,944,1425,1472,1269,2500,20.0,1,0
A1,187,39843,934,47,1,63,1,1,73.5,21.7,-12.7,-16.7,0.00
P3,187,63,7,0,0.519,-0.337,6.287,-0.431,-0.294,5.970,-0.739,-0.749,5.466,-1.211,-0.482,5.115,-1.306,-0.377,4.799,-1.248,-0.381,4.785
A2,187,39843,12,N,0x0,73.5,21.7,-12.7,-16.7,20.0,83.3,87.3,70.3,0.00
TK,1991,39859,47,39.4,83.3,87.4,69.5,0.00,937,1425,1470,1272,2500,19.4,1,0
TK,1992,39879,45,38.8,83.3,87.3,69.7,0.00,930,1425,1470,1274,2500,18.8,1,0
A1,188,39893,936,50,1,63,1,1,73.1,21.7,-12.7,-16.5,0.00
P3,188,63,7,0,0.519,-0.337,6.286,-0.431,-0.294,5.972,-0.739,-0.748,5.466,-1.209,-0.483,5.113,-1.303,-0.378,4.796,-1.246,-0.382,4.782
A2,188,39893,13,N,0x0,73.1,21.7,-12.7,-16.5,20.0,83.3,87.3,70.5,0.00
TK,1993,39899,34,38.2,83.3,87.3,70.0,0.00,924,1425,1469,1277,2500,18.2,1,0
TK,1994,39919,32,37.6,83.3,87.3,70.2,0.00,917,1425,1469,1279,2500,17.6,1,0
TK,1995,39939,32,37.0,83.3,87.3,70.3,0.00,910,1425,1469,1281,2500,17.0,1,0
A1,189,39943,938,49,1,63,1,1,72.7,21.7,-12.7,-16.4,0.00
P3,189,63,7,0,0.519,-0.337,6.285,-0.432,-0.294,5.973,-0.738,-0.748,5.466,-1.207,-0.483,5.110,-1.301,-0.378,4.792,-1.244,-0.382,4.779
A2,189,39943,13,N,0x0,72.7,21.7,-12.7,-16.4,20.0,83.3,87.3,70.6,0.00
TK,1996,39959,34,36.4,83.3,87.3,70.5,0.00,904,1425,1469,1283,2500,16.4,1,0
TK,1997,39979,32,35.8,83.3,87.3,70.6,0.00,897,1425,1469,1284,2500,15.8,1,0
A1,190,39993,937,51,1,63,1,1,72.3,21.7,-13.0,-16.4,0.00
P3,190,63,7,0,0.519,-0.337,6.284,-0.433,-0.294,5.974,-0.738,-0.748,5.466,-1.206,-0.484,5.108,-1.299,-0.379,4.789,-1.243,-0.382,4.776
A2,190,39993,13,N,0x0,72.3,21.7,-13.0,-16.4,20.0,83.3,87.0,70.6,0.00
TK,1998,40000,47,35.2,83.3,87.2,70.6,0.00,890,1425,1469,1284,2500,15.2,1,0
#A1,fid,t_ms,dur_us,dt_ms,pv,vm,rc,ov,er,ep,wp,wr,grip
#P3,fid,pm,fl,age_ms,slx,sly,slz,srx,sry,srz,ex,ey,ez,wx,wy,wz,f1x,f1y,f1z,f2x,f2y,f2z
#A2,fid,t_ms,dur_us,st,fg,uer,uep,uwp,uwr,cer,cep,cwp,cwr,cg
#TK,tick,t_ms,dur_us,er,ep,wp,wr,g,per,pep,pwp,pwr,pg,rem,w,err
#SM,t_ms,fr,tv,acc,rej,rt,tk,sw,se,ovr,crc,fmt,rng,ow,drop,hi
#EV,t_ms,code,arg
SM,40000,190,131,131,0,120,1998,1998,0,0,0,0,0,0,0,354
TK,1999,40020,33,34.6,83.3,87.1,70.6,0.00,884,1425,1468,1284,2500,14.6,1,0
TK,2000,40040,32,34.0,83.3,87.1,70.6,0.00,877,1425,1467,1284,2500,14.0,1,0
A1,191,40045,937,52,1,63,1,1,71.9,21.7,-13.0,-16.4,0.00
P3,191,63,7,0,0.519,-0.337,6.284,-0.433,-0.295,5.975,-0.738,-0.747,5.465,-1.204,-0.484,5.104,-1.297,-0.380,4.785,-1.241,-0.383,4.772
A2,191,40045,10,S,0x0,71.9,21.7,-13.0,-16.4,20.0,83.3,87.0,70.6,0.00
TK,2001,40060,20,33.4,83.3,87.0,70.6,0.00,870,1425,1466,1284,2500,13.4,1,0
TK,2002,40080,19,32.8,83.3,87.0,70.6,0.00,864,1425,1466,1284,2500,12.8,1,0
A1,192,40093,937,48,1,63,1,1,71.5,21.7,-13.0,-16.4,0.00
P3,192,63,7,0,0.519,-0.337,6.283,-0.434,-0.296,5.976,-0.738,-0.748,5.465,-1.202,-0.485,5.101,-1.295,-0.381,4.782,-1.240,-0.384,4.769
A2,192,40093,10,S,0x0,71.5,21.7,-13.0,-16.4,20.0,83.3,87.0,70.6,0.00
TK,2003,40100,20,32.2,83.3,87.0,70.6,0.00,857,1425,1466,1284,2500,12.2,1,0
TK,2004,40120,18,31.6,83.3,87.0,70.6,0.00,850,1425,1466,1284,2500,11.6,1,0
TK,2005,40140,18,31.0,83.3,87.0,70.6,0.00,844,1425,1466,1284,2500,11.0,1,0
A1,193,40143,935,50,1,63,1,1,71.0,21.7,-13.0,-16.4,0.00
P3,193,63,7,0,0.519,-0.337,6.283,-0.434,-0.297,5.976,-0.737,-0.749,5.465,-1.199,-0.486,5.098,-1.292,-0.381,4.779,-1.238,-0.384,4.766
A2,193,40143,10,S,0x0,71.0,21.7,-13.0,-16.4,20.0,83.3,87.0,70.6,0.00
TK,2006,40160,20,30.4,83.3,87.0,70.6,0.00,837,1425,1466,1284,2500,10.4,1,0
TK,2007,40180,18,29.8,83.3,87.0,70.6,0.00,830,1425,1466,1284,2500,9.8,1,0
A1,194,40193,936,50,1,63,1,1,70.6,21.7,-13.0,-16.4,0.00
P3,194,63,7,0,0.519,-0.337,6.282,-0.434,-0.297,5.977,-0.737,-0.749,5.464,-1.197,-0.487,5.096,-1.291,-0.382,4.776,-1.236,-0.385,4.764
A2,194,40193,11,S,0x0,70.6,21.7,-13.0,-16.4,20.0,83.3,87.0,70.6,0.00
TK,2008,40200,20,29.2,83.3,87.0,70.6,0.00,824,1425,1466,1284,2500,9.2,1,0
TK,2009,40220,18,28.6,83.3,87.0,70.6,0.00,817,1425,1466,1284,2500,8.6,1,0
TK,2010,40240,18,28.0,83.3,87.0,70.6,0.00,810,1425,1466,1284,2500,8.0,1,0
A1,195,40246,938,53,1,63,1,1,70.2,21.7,-13.0,-16.4,0.00
P3,195,63,7,0,0.519,-0.337,6.282,-0.434,-0.298,5.977,-0.737,-0.750,5.464,-1.195,-0.487,5.093,-1.289,-0.382,4.774,-1.235,-0.385,4.761
A2,195,40246,10,S,0x0,70.2,21.7,-13.0,-16.4,20.0,83.3,87.0,70.6,0.00
TK,2011,40260,20,27.4,83.3,87.0,70.6,0.00,804,1425,1466,1284,2500,7.4,1,0
TK,2012,40280,19,26.8,83.3,87.0,70.6,0.00,797,1425,1466,1284,2500,6.8,1,0
A1,196,40294,937,48,1,63,1,1,69.8,21.7,-12.8,-16.4,0.00
P3,196,63,7,0,0.519,-0.337,6.282,-0.434,-0.298,5.978,-0.737,-0.751,5.464,-1.193,-0.487,5.091,-1.289,-0.382,4.772,-1.234,-0.385,4.759
A2,196,40294,13,N,0x0,69.8,21.7,-12.8,-16.4,20.2,83.3,87.2,70.6,0.00
TK,2013,40300,34,26.2,83.3,87.1,70.6,0.00,790,1425,1467,1284,2500,6.0,1,0
TK,2014,40320,33,25.6,83.3,87.2,70.6,0.00,784,1425,1468,1284,2500,5.4,1,0
TK,2015,40340,32,25.0,83.3,87.2,70.6,0.00,777,1425,1469,1284,2500,4.8,1,0
A1,197,40342,946,48,1,63,1,1,69.5,21.7,-12.6,-16.2,0.00
P3,197,63,7,0,0.519,-0.337,6.281,-0.434,-0.299,5.978,-0.738,-0.751,5.464,-1.192,-0.488,5.089,-1.288,-0.382,4.770,-1.233,-0.385,4.757
A2,197,40342,12,N,0x0,69.5,21.7,-12.6,-16.2,20.5,83.3,87.4,70.8,0.00
TK,2016,40360,47,24.4,83.3,87.3,70.7,0.00,770,1425,1470,1285,2500,3.9,1,0
TK,2017,40380,58,23.8,83.3,87.4,70.8,0.00,764,1425,1470,1286,2500,3.3,1,0
A1,198,40393,951,51,1,63,1,1,69.1,21.7,-12.4,-16.0,0.00
P3,198,63,7,0,0.519,-0.337,6.281,-0.434,-0.299,5.978,-0.739,-0.751,5.465,-1.191,-0.488,5.087,-1.288,-0.381,4.768,-1.233,-0.385,4.755
A2,198,40393,13,N,0x0,69.1,21.7,-12.4,-16.0,20.9,83.3,87.6,71.0,0.00
TK,2018,40400,72,23.3,83.3,87.5,70.9,0.00,758,1425,1472,1287,2500,2.4,1,0
TK,2019,40420,71,22.8,83.3,87.6,71.0,0.00,752,1425,1473,1288,2500,1.9,1,0
TK,2020,40440,45,22.3,83.3,87.6,71.0,0.00,748,1425,1473,1289,2500,1.5,1,0
A1,199,40446,956,53,1,63,1,1,68.7,21.9,-12.2,-15.8,0.00
P3,199,63,7,0,0.519,-0.337,6.281,-0.434,-0.300,5.979,-0.740,-0.752,5.465,-1.190,-0.488,5.084,-1.287,-0.381,4.765,-1.232,-0.384,4.753
A2,199,40446,13,N,0x0,68.7,21.9,-12.2,-15.8,21.3,83.1,87.8,71.2,0.00
TK,2021,40460,84,21.9,83.3,87.7,71.1,0.00,743,1425,1474,1290,2500,0.7,1,0
[TX] frame=200 csv_frame=200 time=9.97s
TK,2022,40480,83,21.6,83.2,87.8,71.2,0.00,739,1424,1475,1291,2500,0.3,1,0
A1,200,40492,960,47,1,63,1,1,68.4,21.9,-12.2,-15.8,0.00
P3,200,63,7,0,0.519,-0.337,6.281,-0.434,-0.301,5.979,-0.742,-0.752,5.465,-1.189,-0.488,5.082,-1.287,-0.381,4.763,-1.232,-0.384,4.751
A2,200,40492,13,N,0x0,68.4,21.9,-12.2,-15.8,21.6,83.1,87.8,71.2,0.00
TK,2023,40500,33,21.3,83.1,87.8,71.2,0.00,736,1423,1475,1291,2500,0.3,1,0
TK,2024,40520,45,21.0,83.1,87.8,71.2,0.00,733,1423,1475,1291,2500,0.6,1,0
TK,2025,40540,44,20.8,83.1,87.8,71.2,0.00,731,1423,1475,1291,2500,0.8,1,0
A1,201,40542,960,50,1,63,1,1,68.0,21.9,-12.2,-15.8,0.00
P3,201,63,7,0,0.519,-0.337,6.281,-0.434,-0.302,5.979,-0.743,-0.753,5.465,-1.189,-0.488,5.080,-1.287,-0.382,4.761,-1.232,-0.385,4.749
A2,201,40542,12,N,0x0,68.0,21.9,-12.2,-15.8,22.0,83.1,87.8,71.2,0.00
TK,2026,40560,45,20.7,83.1,87.8,71.2,0.00,729,1423,1475,1291,2500,1.3,1,0
TK,2027,40580,44,20.6,83.1,87.8,71.2,0.00,728,1423,1475,1291,2500,1.4,1,0
A1,202,40595,961,53,1,63,1,1,67.7,22.0,-12.2,-15.8,0.00
P3,202,63,7,0,0.519,-0.337,6.281,-0.434,-0.303,5.979,-0.745,-0.754,5.466,-1.189,-0.489,5.079,-1.286,-0.383,4.760,-1.232,-0.386,4.747
A2,202,40595,13,N,0x0,67.7,22.0,-12.2,-15.8,22.3,83.0,87.8,71.2,0.00
TK,2028,40600,58,20.5,83.1,87.8,71.2,0.00,727,1423,1475,1291,2500,1.8,1,0
TK,2029,40620,58,20.5,83.0,87.8,71.2,0.00,727,1422,1475,1291,2500,1.8,1,0
TK,2030,40640,57,20.5,83.0,87.8,71.2,0.00,728,1421,1475,1291,2500,1.8,1,0
A1,203,40643,959,48,1,63,1,1,67.5,22.0,-12.2,-15.6,0.00
P3,203,63,7,0,0.519,-0.337,6.281,-0.434,-0.303,5.979,-0.745,-0.755,5.466,-1.188,-0.490,5.078,-1.286,-0.384,4.759,-1.231,-0.387,4.746
A2,203,40643,13,N,0x0,67.5,22.0,-12.2,-15.6,22.5,83.0,87.8,71.4,0.00
TK,2031,40660,59,20.6,83.0,87.8,71.3,0.00,729,1421,1475,1291,2500,1.9,1,0
TK,2032,40680,57,20.8,83.0,87.8,71.4,0.00,730,1421,1475,1292,2500,1.8,1,0
A1,204,40695,957,52,1,63,1,1,67.2,22.0,-12.2,-15.6,0.00
P3,204,63,7,0,0.519,-0.337,6.281,-0.434,-0.304,5.979,-0.745,-0.755,5.467,-1.188,-0.490,5.077,-1.286,-0.384,4.758,-1.231,-0.387,4.746
A2,204,40695,13,N,0x0,67.2,22.0,-12.2,-15.6,22.8,83.0,87.8,71.4,0.00
TK,2033,40700,46,20.9,83.0,87.8,71.4,0.00,732,1421,1475,1293,2500,1.8,1,0
TK,2034,40720,44,21.2,83.0,87.8,71.4,0.00,735,1421,1475,1293,2500,1.6,1,0
TK,2035,40740,43,21.5,83.0,87.8,71.4,0.00,738,1421,1475,1293,2500,1.3,1,0
A1,205,40744,956,49,1,63,1,1,67.2,22.0,-12.0,-15.6,0.00
P3,205,63,7,0,0.519,-0.337,6.281,-0.434,-0.304,5.979,-0.744,-0.756,5.467,-1.188,-0.491,5.077,-1.286,-0.385,4.758,-1.231,-0.388,4.745
A2,205,40744,13,N,0x0,67.2,22.0,-12.0,-15.6,22.8,83.0,88.0,71.4,0.00
TK,2036,40760,59,21.8,83.0,87.9,71.4,0.00,742,1421,1476,1293,2500,1.0,1,0
TK,2037,40780,58,22.1,83.0,88.0,71.4,0.00,745,1421,1477,1293,2500,0.7,1,0
A1,206,40795,955,51,1,63,1,1,67.2,22.0,-11.8,-15.4,0.00
P3,206,63,7,0,0.519,-0.337,6.281,-0.434,-0.304,5.979,-0.744,-0.756,5.467,-1.188,-0.491,5.077,-1.286,-0.385,4.758,-1.231,-0.388,4.745
A2,206,40795,12,N,0x0,67.2,22.0,-11.8,-15.4,22.8,83.0,88.2,71.6,0.00
TK,2038,40800,72,22.3,83.0,88.1,71.5,0.00,747,1421,1478,1293,2500,0.5,1,0
TK,2039,40820,70,22.5,83.0,88.2,71.6,0.00,749,1421,1479,1295,2500,0.3,1,0
TK,2040,40840,44,22.6,83.0,88.2,71.6,0.00,751,1421,1480,1295,2500,0.1,1,0
A1,207,40844,957,49,1,63,1,1,67.2,22.0,-11.8,-15.4,0.00
P3,207,63,7,0,0.519,-0.337,6.281,-0.434,-0.305,5.979,-0.744,-0.757,5.467,-1.189,-0.492,5.076,-1.286,-0.385,4.758,-1.231,-0.388,4.745
A2,207,40844,10,S,0x0,67.2,22.0,-11.8,-15.4,22.8,83.0,88.2,71.6,0.00
TK,2041,40860,46,22.7,83.0,88.2,71.6,0.00,752,1421,1480,1295,2500,0.0,1,0
TK,2042,40880,32,22.8,83.0,88.2,71.6,0.00,752,1421,1480,1295,2500,0.0,1,0
A1,208,40893,953,49,1,63,1,1,67.1,22.0,-11.6,-15.2,0.00
P3,208,63,7,0,0.519,-0.337,6.280,-0.434,-0.305,5.979,-0.743,-0.757,5.467,-1.188,-0.492,5.076,-1.285,-0.385,4.757,-1.231,-0.388,4.744
A2,208,40893,13,N,0x0,67.1,22.0,-11.6,-15.2,22.9,83.0,88.4,71.8,0.00
TK,2043,40900,72,22.8,83.0,88.3,71.6,0.00,753,1421,1480,1296,2500,0.2,1,0
TK,2044,40920,71,22.9,83.0,88.3,71.7,0.00,754,1421,1481,1297,2500,0.1,1,0
TK,2045,40940,45,22.9,83.0,88.4,71.8,0.00,754,1421,1482,1297,2500,0.0,1,0
A1,209,40944,956,51,1,63,1,1,66.9,22.0,-11.6,-15.2,0.00
P3,209,63,7,0,0.520,-0.337,6.278,-0.434,-0.305,5.979,-0.743,-0.757,5.467,-1.187,-0.492,5.075,-1.284,-0.386,4.756,-1.230,-0.388,4.743
A2,209,40944,13,N,0x0,66.9,22.0,-11.6,-15.2,23.1,83.0,88.4,71.8,0.00
TK,2046,40960,45,23.0,83.0,88.4,71.8,0.00,755,1421,1482,1297,2500,0.1,1,0
TK,2047,40981,45,23.1,83.0,88.4,71.8,0.00,756,1421,1482,1297,2500,0.0,1,0
A1,210,40994,957,50,1,63,1,1,66.9,22.0,-11.6,-15.2,0.00
P3,210,63,7,0,0.521,-0.337,6.277,-0.434,-0.305,5.979,-0.742,-0.757,5.467,-1.186,-0.493,5.074,-1.282,-0.386,4.755,-1.229,-0.388,4.743
A2,210,40994,10,S,0x0,66.9,22.0,-11.6,-15.2,23.1,83.0,88.4,71.8,0.00
SM,41000,210,151,151,0,133,2047,2047,0,0,0,0,0,0,0,410
TK,2048,41001,33,23.1,83.0,88.4,71.8,0.00,756,1421,1482,1297,2500,0.0,1,0
TK,2049,41021,32,23.1,83.0,88.4,71.8,0.00,756,1421,1482,1297,2500,0.0,1,0
TK,2050,41041,30,23.1,83.0,88.4,71.8,0.00,756,1421,1482,1297,2500,0.0,1,0
A1,211,41045,957,51,1,63,1,1,66.6,22.0,-11.6,-15.2,0.00
P3,211,63,7,0,0.521,-0.337,6.275,-0.434,-0.305,5.980,-0.741,-0.757,5.466,-1.184,-0.494,5.073,-1.281,-0.387,4.754,-1.227,-0.389,4.741
A2,211,41045,12,N,0x0,66.6,22.0,-11.6,-15.2,23.4,83.0,88.4,71.8,0.00
TK,2051,41061,45,23.2,83.0,88.4,71.8,0.00,757,1421,1482,1297,2500,0.2,1,0
TK,2052,41081,44,23.3,83.0,88.4,71.8,0.00,758,1421,1482,1297,2500,0.1,1,0
A1,212,41094,960,50,1,63,1,1,66.4,22.0,-11.6,-15.2,0.00
P3,212,63,7,0,0.522,-0.337,6.274,-0.434,-0.305,5.980,-0.740,-0.758,5.466,-1.182,-0.495,5.072,-1.280,-0.388,4.753,-1.226,-0.390,4.740
A2,212,41094,13,N,0x0,66.4,22.0,-11.6,-15.2,23.6,83.0,88.4,71.8,0.00
TK,2053,41101,45,23.4,83.0,88.4,71.8,0.00,760,1421,1482,1297,2500,0.1,1,0
TK,2054,41121,44,23.5,83.0,88.4,71.8,0.00,761,1421,1482,1297,2500,0.0,1,0
TK,2055,41141,31,23.6,83.0,88.4,71.8,0.00,761,1421,1482,1297,2500,0.0,1,0
A1,213,41143,960,49,1,63,1,1,66.3,22.0,-11.6,-15.2,0.00
P3,213,63,7,0,0.522,-0.337,6.273,-0.434,-0.305,5.980,-0.740,-0.759,5.466,-1.181,-0.496,5.071,-1.279,-0.389,4.752,-1.225,-0.391,4.740
A2,213,41143,13,N,0x0,66.3,22.0,-11.6,-15.2,23.7,83.0,88.4,71.8,0.00
TK,2056,41161,45,23.6,83.0,88.4,71.8,0.00,762,1421,1482,1297,2500,0.1,1,0
TK,2057,41181,44,23.7,83.0,88.4,71.8,0.00,763,1421,1482,1297,2500,0.0,1,0
A1,214,41195,961,52,1,63,1,1,66.1,22.0,-11.6,-15.2,0.00
P3,214,63,7,0,0.522,-0.337,6.272,-0.434,-0.305,5.980,-0.739,-0.760,5.467,-1.180,-0.497,5.070,-1.279,-0.391,4.752,-1.225,-0.392,4.739
A2,214,41195,12,N,0x0,66.1,22.0,-11.6,-15.2,23.9,83.0,88.4,71.8,0.00
TK,2058,41201,46,23.8,83.0,88.4,71.8,0.00,764,1421,1482,1297,2500,0.1,1,0
TK,2059,41221,44,23.9,83.0,88.4,71.8,0.00,765,1421,1482,1297,2500,0.0,1,0
TK,2060,41241,31,23.9,83.0,88.4,71.8,0.00,765,1421,1482,1297,2500,0.0,1,0
A1,215,41243,961,49,1,63,1,1,66.1,22.0,-11.6,-15.2,0.00
P3,215,63,7,0,0.523,-0.337,6.271,-0.434,-0.305,5.980,-0.739,-0.760,5.467,-1.180,-0.498,5.070,-1.279,-0.391,4.752,-1.225,-0.392,4.739
A2,215,41244,10,S,0x0,66.1,22.0,-11.6,-15.2,23.9,83.0,88.4,71.8,0.00
TK,2061,41261,33,23.9,83.0,88.4,71.8,0.00,765,1421,1482,1297,2500,0.0,1,0
TK,2062,41281,31,23.9,83.0,88.4,71.8,0.00,765,1421,1482,1297,2500,0.0,1,0
A1,216,41294,962,51,1,63,1,1,65.9,22.0,-11.8,-15.2,0.00
P3,216,63,7,0,0.523,-0.337,6.270,-0.434,-0.305,5.980,-0.739,-0.761,5.467,-1.179,-0.499,5.070,-1.279,-0.392,4.751,-1.225,-0.392,4.739
A2,216,41294,13,N,0x0,65.9,22.0,-11.8,-15.2,24.1,83.0,88.2,71.8,0.00
TK,2063,41301,59,24.0,83.0,88.4,71.8,0.00,766,1421,1481,1297,2500,0.2,1,0
TK,2064,41321,57,24.1,83.0,88.3,71.8,0.00,767,1421,1480,1297,2500,0.1,1,0
TK,2065,41341,45,24.1,83.0,88.2,71.8,0.00,767,1421,1480,1297,2500,0.0,1,0
A1,217,41343,961,49,1,63,1,1,65.9,22.0,-12.0,-15.2,0.00
P3,217,63,7,0,0.523,-0.336,6.270,-0.434,-0.305,5.980,-0.738,-0.761,5.467,-1.179,-0.500,5.069,-1.279,-0.392,4.751,-1.225,-0.392,4.739
A2,217,41344,13,N,0x0,65.9,22.0,-12.0,-15.2,24.1,83.0,88.0,71.8,0.00
TK,2066,41361,33,24.1,83.0,88.1,71.8,0.00,767,1421,1478,1297,2500,0.1,1,0
TK,2067,41381,33,24.1,83.0,88.0,71.8,0.00,767,1421,1478,1297,2500,0.0,1,0
A1,218,41395,965,52,1,63,1,1,65.7,22.0,-12.0,-15.2,0.00
P3,218,63,7,0,0.523,-0.335,6.269,-0.434,-0.306,5.980,-0.738,-0.762,5.468,-1.178,-0.500,5.069,-1.278,-0.393,4.751,-1.224,-0.393,4.739
A2,218,41395,13,N,0x0,65.7,22.0,-12.0,-15.2,24.3,83.0,88.0,71.8,0.00
TK,2068,41401,34,24.2,83.0,88.0,71.8,0.00,768,1421,1478,1297,2500,0.2,1,0
TK,2069,41421,32,24.3,83.0,88.0,71.8,0.00,769,1421,1478,1297,2500,0.1,1,0
TK,2070,41441,32,24.3,83.0,88.0,71.8,0.00,770,1421,1478,1297,2500,0.0,1,0
A1,219,41444,965,49,1,63,1,1,65.5,22.0,-12.0,-15.2,0.00
P3,219,63,7,0,0.523,-0.334,6.269,-0.434,-0.307,5.980,-0.737,-0.763,5.467,-1.177,-0.501,5.069,-1.277,-0.393,4.751,-1.223,-0.394,4.738
A2,219,41444,13,N,0x0,65.5,22.0,-12.0,-15.2,24.5,83.0,88.0,71.8,0.00
TK,2071,41461,33,24.4,83.0,88.0,71.8,0.00,771,1421,1478,1297,2500,0.1,1,0
TK,2072,41481,32,24.5,83.0,88.0,71.8,0.00,772,1421,1478,1297,2500,0.0,1,0
[TX] frame=220 csv_frame=220 time=10.97s
A1,220,41494,965,50,1,63,1,1,65.5,22.0,-12.0,-15.2,0.00
P3,220,63,7,0,0.523,-0.333,6.268,-0.434,-0.307,5.980,-0.736,-0.765,5.467,-1.175,-0.502,5.068,-1.276,-0.395,4.750,-1.222,-0.396,4.738
A2,220,41494,10,S,0x0,65.5,22.0,-12.0,-15.2,24.5,83.0,88.0,71.8,0.00
TK,2073,41501,21,24.5,83.0,88.0,71.8,0.00,772,1421,1478,1297,2500,0.0,1,0
TK,2074,41521,19,24.5,83.0,88.0,71.8,0.00,772,1421,1478,1297,2500,0.0,1,0
TK,2075,41541,18,24.5,83.0,88.0,71.8,0.00,772,1421,1478,1297,2500,0.0,1,0
A1,221,41544,968,50,1,63,1,1,65.5,22.0,-12.0,-15.2,0.00
P3,221,63,7,0,0.523,-0.333,6.268,-0.434,-0.308,5.980,-0.734,-0.767,5.467,-1.173,-0.504,5.068,-1.275,-0.398,4.750,-1.220,-0.399,4.737
A2,221,41544,10,S,0x0,65.5,22.0,-12.0,-15.2,24.5,83.0,88.0,71.8,0.00
TK,2076,41561,19,24.5,83.0,88.0,71.8,0.00,772,1421,1478,1297,2500,0.0,1,0
TK,2077,41581,18,24.5,83.0,88.0,71.8,0.00,772,1421,1478,1297,2500,0.0,1,0
A1,222,41594,967,50,1,63,1,1,65.3,22.0,-11.8,-15.2,0.00
P3,222,63,7,0,0.523,-0.331,6.267,-0.435,-0.309,5.980,-0.732,-0.768,5.467,-1.172,-0.507,5.067,-1.274,-0.401,4.749,-1.218,-0.403,4.736
A2,222,41595,13,N,0x0,65.3,22.0,-11.8,-15.2,24.7,83.0,88.2,71.8,0.00
TK,2078,41601,46,24.6,83.0,88.1,71.8,0.00,772,1421,1478,1297,2500,0.1,1,0
TK,2079,41621,44,24.7,83.0,88.2,71.8,0.00,773,1421,1479,1297,2500,0.1,1,0
TK,2080,41641,31,24.7,83.0,88.2,71.8,0.00,774,1421,1480,1297,2500,0.0,1,0
A1,223,41644,970,50,1,63,1,1,65.1,22.0,-11.8,-15.2,0.00
P3,223,63,7,0,0.523,-0.329,6.265,-0.437,-0.309,5.980,-0.731,-0.770,5.467,-1.170,-0.510,5.066,-1.273,-0.406,4.748,-1.217,-0.407,4.735
A2,223,41645,13,N,0x0,65.1,22.0,-11.8,-15.2,24.9,83.0,88.2,71.8,0.00
TK,2081,41661,33,24.8,83.0,88.2,71.8,0.00,775,1421,1480,1297,2500,0.1,1,0
TK,2082,41681,32,24.9,83.0,88.2,71.8,0.00,776,1421,1480,1297,2500,0.0,1,0
A1,224,41693,960,48,1,63,1,1,65.1,22.0,-11.8,-15.2,0.00
P3,224,63,7,0,0.521,-0.326,6.263,-0.439,-0.310,5.980,-0.729,-0.771,5.466,-1.170,-0.513,5.065,-1.274,-0.409,4.747,-1.217,-0.410,4.734
A2,224,41693,10,S,0x0,65.1,22.0,-11.8,-15.2,24.9,83.0,88.2,71.8,0.00
TK,2083,41701,20,24.9,83.0,88.2,71.8,0.00,776,1421,1480,1297,2500,0.0,1,0
TK,2084,41721,19,24.9,83.0,88.2,71.8,0.00,776,1421,1480,1297,2500,0.0,1,0
TK,2085,41741,18,24.9,83.0,88.2,71.8,0.00,776,1421,1480,1297,2500,0.0,1,0
A1,225,41743,955,50,1,63,1,1,65.1,22.0,-11.6,-15.2,0.00
P3,225,63,7,0,0.518,-0.322,6.261,-0.442,-0.309,5.980,-0.728,-0.772,5.465,-1.170,-0.516,5.064,-1.274,-0.412,4.747,-1.218,-0.413,4.733
A2,225,41743,13,N,0x0,65.1,22.0,-11.6,-15.2,24.9,83.0,88.4,71.8,0.00
TK,2086,41761,34,24.9,83.0,88.3,71.8,0.00,776,1421,1480,1297,2500,0.1,1,0
TK,2087,41781,32,24.9,83.0,88.3,71.8,0.00,776,1421,1481,1297,2500,0.0,1,0
A1,226,41795,965,52,1,63,1,1,65.1,22.0,-11.4,-15.2,0.00
P3,226,63,7,0,0.514,-0.317,6.262,-0.446,-0.308,5.980,-0.726,-0.773,5.464,-1.169,-0.520,5.062,-1.273,-0.416,4.745,-1.219,-0.416,4.732
A2,226,41795,13,N,0x0,65.1,22.0,-11.4,-15.2,24.9,83.0,88.6,71.8,0.00
TK,2088,41801,33,24.9,83.0,88.5,71.8,0.00,776,1421,1482,1297,2500,0.1,1,0
TK,2089,41821,32,24.9,83.0,88.5,71.8,0.00,776,1421,1483,1297,2500,0.0,1,0
TK,2090,41841,18,24.9,83.0,88.6,71.8,0.00,776,1421,1484,1297,2500,0.0,1,0
A1,227,41845,965,50,1,63,1,1,65.1,22.0,-11.3,-15.2,0.00
P3,227,63,7,0,0.509,-0.312,6.264,-0.449,-0.307,5.980,-0.724,-0.772,5.463,-1.168,-0.522,5.061,-1.273,-0.418,4.743,-1.219,-0.419,4.730
A2,227,41845,13,N,0x0,65.1,22.0,-11.3,-15.2,24.9,83.0,88.7,71.8,0.00
TK,2091,41861,33,24.9,83.0,88.6,71.8,0.00,776,1421,1484,1297,2500,0.1,1,0
TK,2092,41881,32,24.9,83.0,88.7,71.8,0.00,776,1421,1485,1297,2500,0.0,1,0
A1,228,41894,969,49,1,63,1,1,65.1,22.0,-11.1,-15.2,0.00
P3,228,63,7,0,0.504,-0.307,6.268,-0.453,-0.305,5.980,-0.722,-0.771,5.461,-1.167,-0.524,5.058,-1.272,-0.420,4.741,-1.219,-0.420,4.728
A2,228,41894,13,N,0x0,65.1,22.0,-11.1,-15.2,24.9,83.0,88.9,71.8,0.00
TK,2093,41901,34,24.9,83.0,88.8,71.8,0.00,776,1421,1487,1297,2500,0.1,1,0
TK,2094,41921,33,24.9,83.0,88.9,71.8,0.00,776,1421,1487,1297,2500,0.0,1,0
TK,2095,41941,19,24.9,83.0,88.9,71.8,0.00,776,1421,1488,1297,2500,0.0,1,0
A1,229,41945,969,50,1,63,1,1,65.1,22.0,-10.9,-15.2,0.00
P3,229,63,7,0,0.498,-0.301,6.272,-0.456,-0.303,5.980,-0.720,-0.769,5.459,-1.166,-0.525,5.056,-1.271,-0.420,4.739,-1.219,-0.420,4.726
A2,229,41945,13,N,0x0,65.1,22.0,-10.9,-15.2,24.9,83.0,89.1,71.8,0.00
TK,2096,41961,34,24.9,83.0,89.0,71.8,0.00,776,1421,1488,1297,2500,0.1,1,0
TK,2097,41981,32,24.9,83.0,89.1,71.8,0.00,776,1421,1489,1297,2500,0.0,1,0
A1,230,41993,979,49,1,63,1,1,65.1,22.0,-10.5,-15.2,0.00
P3,230,63,7,0,0.491,-0.297,6.278,-0.460,-0.301,5.980,-0.719,-0.766,5.457,-1.163,-0.524,5.052,-1.269,-0.419,4.735,-1.216,-0.419,4.722
A2,230,41993,12,N,0x0,65.1,22.0,-10.5,-15.2,24.9,83.0,89.5,71.8,0.00
SM,42000,230,171,171,0,149,2097,2097,0,0,0,0,0,0,0,261
TK,2098,42002,33,24.9,83.0,89.2,71.8,0.00,776,1421,1491,1297,2500,0.3,1,0
TK,2099,42022,32,24.9,83.0,89.4,71.8,0.00,776,1421,1492,1297,2500,0.1,1,0
TK,2100,42042,32,24.9,83.0,89.5,71.8,0.00,776,1421,1493,1297,2500,0.0,1,0
A1,231,42045,979,51,1,63,1,1,65.1,22.0,-10.0,-15.2,0.00
P3,231,63,7,0,0.484,-0.292,6.287,-0.463,-0.300,5.983,-0.718,-0.762,5.457,-1.162,-0.523,5.050,-1.268,-0.418,4.733,-1.215,-0.418,4.720
A2,231,42045,13,N,0x0,65.1,22.0,-10.0,-15.2,24.9,83.0,90.0,71.8,0.00
TK,2101,42062,33,24.9,83.0,89.6,71.8,0.00,776,1421,1495,1297,2500,0.5,1,0
TK,2102,42082,32,24.9,83.0,89.8,71.8,0.00,776,1421,1497,1297,2500,0.3,1,0
A1,232,42096,980,52,1,63,1,1,65.1,22.0,-9.2,-15.0,0.00
P3,232,63,7,0,0.478,-0.288,6.295,-0.467,-0.298,5.985,-0.718,-0.757,5.456,-1.161,-0.520,5.048,-1.267,-0.413,4.731,-1.214,-0.415,4.718
A2,232,42096,13,N,0x0,65.1,22.0,-9.2,-15.0,24.9,83.0,90.8,72.0,0.00
TK,2103,42102,46,24.9,83.0,90.0,71.8,0.00,776,1421,1500,1298,2500,0.8,1,0
TK,2104,42122,46,24.9,83.0,90.3,71.9,0.00,776,1421,1502,1299,2500,0.6,1,0
TK,2105,42142,44,24.9,83.0,90.5,72.0,0.00,776,1421,1505,1300,2500,0.4,1,0
A1,233,42143,977,47,1,63,1,1,65.1,22.0,-8.3,-14.6,0.00
P3,233,63,7,0,0.473,-0.285,6.302,-0.470,-0.298,5.987,-0.718,-0.753,5.455,-1.161,-0.516,5.045,-1.266,-0.408,4.729,-1.214,-0.411,4.716
A2,233,42143,13,N,0x0,65.1,22.0,-8.3,-14.6,24.9,83.0,91.7,72.4,0.00
TK,2106,42162,46,24.9,83.0,90.7,72.1,0.00,776,1421,1508,1301,2500,0.9,1,0
TK,2107,42182,44,24.9,83.0,91.0,72.3,0.00,776,1421,1511,1302,2500,0.7,1,0
TK,2108,42202,44,24.9,83.0,91.2,72.3,0.00,776,1421,1513,1303,2500,0.4,1,0
TK,2109,42222,31,24.9,83.0,91.4,72.4,0.00,776,1421,1515,1303,2500,0.3,1,0
TK,2110,42242,31,24.9,83.0,91.6,72.4,0.00,776,1421,1517,1303,2500,0.1,1,0
[OK] debug log saved: C:\Users\kccistc\Downloads\로그 파일\uart_debug_20260926_150100_082912.log
