frame_id,time_sec,update_ret,target_valid,major_fresh,finger_fresh,shoulder_l_x3d,shoulder_l_y3d,shoulder_l_z,shoulder_r_x3d,shoulder_r_y3d,shoulder_r_z,elbow_x3d,elbow_y3d,elbow_z,wrist_x3d,wrist_y3d,wrist_z,finger1_x3d,finger1_y3d,finger1_z,finger2_x3d,finger2_y3d,finger2_z,elbow_roll_deg,elbow_pitch_deg,wrist_pitch_deg,wrist_roll_deg,gripper_norm,target_frame_id,elbow_roll_observable,hand_fresh,body_frame_valid,raw_elbow_roll_deg,raw_elbow_pitch_deg,body_x_x,body_x_y,body_x_z,body_y_x,body_y_y,body_y_z,body_z_x,body_z_y,body_z_z,active_arm
1,0.000000,1,1,1,1,0.854147,0.156832,4.983517,-0.099729,0.193623,4.685584,-0.258824,-0.507841,4.473129,-0.091983,0.123570,4.459072,-0.071047,0.350695,4.724546,-0.052649,0.305608,4.755406,-64.384010,77.077286,47.266373,-172.280975,0.0,1,1,1,1,-64.384010,77.077286,-0.953877,0.036791,-0.297934,0.035117,0.999323,0.010969,0.298136,-0.000000,-0.954524,1
2,0.068967,1,1,1,1,0.853220,0.155101,4.973976,-0.099315,0.191163,4.673893,-0.259354,-0.508612,4.459078,-0.090487,0.122569,4.445044,-0.070771,0.350417,4.721430,-0.052714,0.305131,4.752403,-64.384010,77.077286,47.739761,-172.280975,0.0,2,1,1,1,-64.481445,76.891327,-0.953671,0.036585,-0.298619,0.034914,0.999331,0.010932,0.298819,0.000000,-0.954310,1
3,0.103451,1,1,1,1,0.852912,0.154207,4.967969,-0.099202,0.189345,4.666975,-0.259857,-0.508989,4.450011,-0.089713,0.121602,4.436026,-0.070666,0.350166,4.719066,-0.052884,0.304279,4.750261,-64.384010,77.077286,48.043823,-172.280975,0.0,3,1,1,1,-64.567993,76.759407,-0.953549,0.036361,-0.299035,0.034695,0.999339,0.010880,0.299233,0.000000,-0.954180,1
4,0.172419,1,1,1,1,0.852524,0.152382,4.953277,-0.099613,0.184165,4.651553,-0.261827,-0.512161,4.431104,-0.088314,0.118047,4.417358,-0.070895,0.348786,4.710870,-0.054361,0.299535,4.743336,-64.614983,76.781914,48.765396,-172.280975,0.0,4,1,1,1,-64.912369,76.401596,-0.953333,0.035032,-0.299881,0.033418,0.999386,0.010512,0.300065,0.000000,-0.953919,1
5,0.206902,1,1,1,1,0.852160,0.151569,4.945145,-0.099989,0.181345,4.643087,-0.262615,-0.513978,4.420675,-0.087819,0.115874,4.407095,-0.071371,0.347875,4.706265,-0.055542,0.296776,4.739497,-64.614983,76.647690,49.077789,-172.280975,0.0,5,1,1,1,-65.094612,76.244499,-0.953245,0.034203,-0.300257,0.032623,0.999415,0.010276,0.300433,-0.000000,-0.953803,1
6,0.275870,1,1,1,1,0.849364,0.149403,4.920449,-0.101224,0.174173,4.615345,-0.263342,-0.522105,4.392715,-0.086910,0.107727,4.379758,-0.072800,0.342690,4.692840,-0.058490,0.286123,4.728170,-65.027161,76.351326,49.838989,-172.661514,0.0,6,1,1,1,-65.557877,75.969734,-0.952854,0.031461,-0.301794,0.029993,0.999505,0.009500,0.301944,-0.000000,-0.953326,1
7,0.310353,1,1,1,1,0.847462,0.148064,4.905378,-0.101628,0.170404,4.597631,-0.262677,-0.525763,4.374023,-0.086192,0.103873,4.361380,-0.073255,0.339732,4.685275,-0.059569,0.281086,4.721511,-65.205261,76.351326,50.250885,-172.868729,0.0,7,1,1,1,-65.740257,75.888031,-0.952569,0.030024,-0.302838,0.028613,0.999549,0.009097,0.302974,0.000000,-0.952999,1
8,0.379321,1,1,1,1,0.842987,0.143375,4.867642,-0.102070,0.159588,4.552535,-0.260216,-0.539049,4.330866,-0.083851,0.093512,4.319057,-0.073575,0.329781,4.664094,-0.061036,0.267547,4.701830,-65.610611,76.093903,51.367737,-173.407990,0.0,8,1,1,1,-66.132530,75.762444,-0.951429,0.026015,-0.306766,0.024759,0.999662,0.007983,0.306870,0.000000,-0.951751,1
9,0.413805,1,1,1,1,0.840903,0.141329,4.849074,-0.101884,0.155118,4.529689,-0.258355,-0.543021,4.306715,-0.081911,0.088947,4.295318,-0.073029,0.324902,4.652760,-0.061046,0.261577,4.691025,-65.785576,76.093903,51.927032,-173.673599,0.0,9,1,1,1,-66.311127,75.643120,-0.950757,0.024089,-0.309000,0.022909,0.999710,0.007446,0.309090,-0.000000,-0.951033,1
10,0.482772,1,1,1,1,0.838408,0.137829,4.815983,-0.100081,0.146684,4.487737,-0.254161,-0.549000,4.259916,-0.073108,0.080904,4.249259,-0.062647,0.314476,4.623842,-0.051230,0.250387,4.662665,-66.186966,75.606201,53.182251,-174.203186,0.0,10,1,1,1,-66.703796,74.978233,-0.948825,0.019662,-0.315188,0.018659,0.999807,0.006198,0.315249,0.000000,-0.949009,1
11,0.517256,1,1,1,1,0.837610,0.136664,4.801967,-0.098872,0.143560,4.469297,-0.252087,-0.550436,4.238288,-0.066913,0.078489,4.227867,-0.054377,0.310977,4.609015,-0.043195,0.246187,4.648215,-66.356422,75.330917,53.708511,-174.431854,0.0,11,1,1,1,-66.865448,74.504021,-0.947827,0.017648,-0.318296,0.016729,0.999844,0.005618,0.318346,0.000000,-0.947975,1
12,0.551739,1,1,1,1,0.836487,0.135888,4.788816,-0.097357,0.140949,4.450926,-0.249002,-0.550400,4.215191,-0.057615,0.077185,4.204843,-0.041655,0.308746,4.592620,-0.030860,0.242521,4.632482,-66.512207,74.960182,54.224869,-174.637924,0.0,12,1,1,1,-66.980156,73.846527,-0.946683,0.015660,-0.321786,0.014827,0.999877,0.005040,0.321825,0.000000,-0.946799,1
13,0.620707,1,1,1,1,0.834517,0.136205,4.767461,-0.092113,0.138039,4.416427,-0.234837,-0.543396,4.163759,-0.024793,0.078928,4.152694,0.002479,0.309969,4.550638,0.013352,0.239601,4.592806,-66.512207,73.640099,55.327484,-174.943253,0.0,13,1,1,1,-66.858734,71.940407,-0.943452,0.011634,-0.331305,0.010977,0.999932,0.003855,0.331327,-0.000000,-0.943516,1
14,0.655191,1,1,1,1,0.833902,0.136780,4.759173,-0.089869,0.137253,4.402113,-0.226705,-0.538307,4.139352,-0.008949,0.080849,4.127741,0.023995,0.312061,4.529195,0.035345,0.239914,4.572644,-66.512207,73.010239,55.757736,-174.943253,0.0,14,1,1,1,-66.679520,71.118279,-0.941826,0.009868,-0.335957,0.009294,0.999951,0.003315,0.335974,-0.000000,-0.941871,1
15,0.724158,1,1,1,1,0.832945,0.138495,4.745446,-0.086997,0.136495,4.378271,-0.201469,-0.524916,4.090761,0.033042,0.087486,4.077187,0.078907,0.318335,4.480215,0.095964,0.242316,4.525327,-66.512207,71.410233,57.073517,-174.943253,1.0,15,1,1,1,-66.046455,69.350075,-0.938160,0.006402,-0.346142,0.006006,0.999980,0.002216,0.346150,0.000000,-0.938179,1
16,0.758642,1,1,1,1,0.832789,0.139177,4.739406,-0.086247,0.136156,4.368380,-0.190040,-0.518787,4.068789,0.052501,0.090683,4.054104,0.104123,0.320655,4.456785,0.123884,0.243180,4.502318,-66.313965,70.688423,57.657043,-174.943253,1.0,16,1,1,1,-65.718475,68.520248,-0.936500,0.004906,-0.350634,0.004594,0.999988,0.001720,0.350638,0.000000,-0.936511,1
17,0.827609,1,1,1,1,0.829554,0.142210,4.724800,-0.088829,0.135287,4.348005,-0.160914,-0.504147,4.021768,0.096638,0.098848,4.004152,0.161605,0.323637,4.407227,0.187606,0.243965,4.451818,-65.722000,69.031540,59.096313,-174.403030,1.0,17,1,1,1,-64.959785,66.898140,-0.933293,0.001441,-0.359113,0.001345,0.999999,0.000518,0.359114,0.000000,-0.933294,1
18,0.862093,1,1,1,1,0.826720,0.144219,4.718568,-0.091599,0.134988,4.339552,-0.148224,-0.497555,4.000870,0.114941,0.102745,3.981788,0.184297,0.324864,4.384504,0.213212,0.244173,4.428366,-65.442429,68.339104,59.737122,-174.071121,1.0,18,1,1,1,-64.602654,66.259178,-0.931916,-0.000259,-0.362675,-0.000241,1.000000,-0.000094,0.362675,0.000000,-0.931916,1
19,0.931060,1,1,1,1,0.813934,0.150676,4.708292,-0.100733,0.137575,4.321575,-0.125140,-0.481289,3.959026,0.154808,0.109929,3.936519,0.238378,0.325796,4.336441,0.269601,0.243543,4.378642,-64.755310,66.609856,60.849426,-173.020844,1.0,19,1,1,1,-63.870575,64.383293,-0.928822,-0.004031,-0.370504,-0.003744,0.999992,-0.001494,0.370507,0.000000,-0.928830,1
20,0.965544,1,1,1,1,0.806413,0.153515,4.706173,-0.104914,0.139027,4.314116,-0.116814,-0.473537,3.940549,0.172675,0.112799,3.916294,0.262276,0.325771,4.313958,0.294029,0.243152,4.355259,-64.445595,65.796021,61.259781,-172.467026,1.0,20,1,1,1,-63.515274,63.351421,-0.927239,-0.005706,-0.374427,-0.005291,0.999984,-0.002136,0.374433,0.000000,-0.927254,1
21,1.000028,1,1,1,1,0.797362,0.156066,4.704498,-0.109044,0.140384,4.305453,-0.109352,-0.464371,3.920405,0.191904,0.115167,3.894221,0.289130,0.325210,4.290560,0.320816,0.242520,4.330903,-64.115723,64.865974,61.595444,-171.853622,1.0,21,1,1,1,-63.124863,62.072311,-0.925384,-0.007310,-0.378960,-0.006765,0.999973,-0.002770,0.378970,0.000000,-0.925409,1
22,1.068995,1,1,1,1,0.776779,0.160149,4.700422,-0.116268,0.142502,4.283230,-0.094135,-0.442943,3.874040,0.237515,0.119521,3.842985,0.356058,0.322275,4.237052,0.385355,0.240282,4.275708,-63.209793,62.231750,61.918320,-170.324890,1.0,22,1,1,1,-62.043335,58.839939,-0.919925,-0.010402,-0.391957,-0.009569,0.999946,-0.004077,0.391978,0.000000,-0.919975,1
23,1.103479,1,1,1,1,0.767254,0.161752,4.698827,-0.118854,0.143125,4.271942,-0.087234,-0.434125,3.851827,0.256147,0.121281,3.818442,0.383187,0.320833,4.211982,0.411491,0.239240,4.249805,-62.774429,61.065556,61.918320,-169.581131,1.0,23,1,1,1,-61.466690,57.562550,-0.917022,-0.011755,-0.398664,-0.010780,0.999931,-0.004687,0.398691,0.000000,-0.917085,1
24,1.172446,1,1,1,1,0.743191,0.167670,4.696598,-0.123659,0.143662,4.245344,-0.070250,-0.417282,3.804707,0.292824,0.124701,3.766424,0.436594,0.316714,4.159699,0.462546,0.236680,4.195589,-61.550270,58.531677,61.918320,-167.903473,1.0,24,1,1,1,-59.974045,55.269070,-0.908664,-0.015497,-0.417240,-0.014083,0.999880,-0.006467,0.417290,0.000000,-0.908773,1
25,1.206930,1,1,1,1,0.731931,0.171231,4.695790,-0.125563,0.143671,4.232241,-0.062641,-0.410617,3.782602,0.307317,0.126202,3.742070,0.457522,0.314857,4.135497,0.482376,0.235679,4.170487,-60.970886,57.501572,61.918320,-167.116821,1.0,25,1,1,1,-59.230545,54.407356,-0.904285,-0.017524,-0.426570,-0.015849,0.999846,-0.007476,0.426635,-0.000000,-0.904424,1
26,1.275897,1,1,1,1,0.711336,0.178027,4.696926,-0.130242,0.141231,4.210414,-0.045232,-0.400701,3.744884,0.334236,0.129439,3.700027,0.494112,0.311090,4.088454,0.516298,0.233927,4.121736,-59.499054,55.572231,61.918320,-165.468048,1.0,26,1,1,1,-57.603943,53.088020,-0.893543,-0.023463,-0.448364,-0.020971,0.999725,-0.010523,0.448487,0.000000,-0.893789,1
27,1.310381,1,1,1,1,0.703244,0.179779,4.697047,-0.132137,0.139217,4.200325,-0.038124,-0.396935,3.727565,0.344631,0.130661,3.680777,0.508064,0.309521,4.067126,0.529206,0.233215,4.099616,-58.839386,54.825218,61.918320,-164.717239,1.0,27,1,1,1,-56.857895,52.581345,-0.888359,-0.026360,-0.458392,-0.023426,0.999653,-0.012088,0.458551,0.000000,-0.888668,1
28,1.379349,1,1,1,1,0.685448,0.181164,4.697310,-0.135812,0.131764,4.179620,-0.024002,-0.388486,3.691580,0.365572,0.133339,3.640856,0.534303,0.306169,4.024366,0.554184,0.231619,4.054906,-57.287308,53.354038,62.191849,-163.187134,1.0,28,1,1,1,-55.288895,51.459789,-0.876396,-0.033522,-0.480423,-0.029395,0.999438,-0.016114,0.480693,0.000000,-0.876889,1
29,1.413832,1,1,1,1,0.677829,0.181566,4.698371,-0.137281,0.128315,4.171031,-0.018435,-0.384696,3.675910,0.374270,0.134569,3.623369,0.544683,0.304670,4.004937,0.564304,0.230906,4.034453,-56.610489,52.753521,62.336472,-162.491714,1.0,29,1,1,1,-54.577393,50.949631,-0.870703,-0.036901,-0.490422,-0.032152,0.999319,-0.018109,0.490756,0.000000,-0.871297,1
30,1.482800,1,1,1,1,0.664150,0.181353,4.698196,-0.139707,0.120826,4.152825,-0.008613,-0.376765,3.643716,0.390110,0.136653,3.587668,0.563929,0.301370,3.966103,0.582969,0.229262,3.993534,-55.091843,51.501095,62.732330,-161.059723,1.0,30,1,1,1,-53.136490,49.888508,-0.858311,-0.044311,-0.511213,-0.038070,0.999018,-0.022675,0.511716,0.000000,-0.859155,1
31,1.517283,1,1,1,1,0.659662,0.181137,4.698033,-0.140689,0.117837,4.145273,-0.004884,-0.373939,3.630117,0.396303,0.137499,3.572509,0.570976,0.300062,3.948637,0.589821,0.228622,3.975120,-54.445892,50.993671,62.906555,-160.407242,1.0,31,1,1,1,-52.505493,49.469433,-0.852697,-0.047594,-0.520233,-0.040629,0.998867,-0.024788,0.520823,0.000000,-0.853665,1
32,1.551767,1,1,1,1,0.656335,0.180772,4.697731,-0.141610,0.114989,4.138595,-0.001582,-0.371637,3.617872,0.401777,0.138283,3.558805,0.576712,0.298952,3.932041,0.595439,0.228093,3.957623,-53.813950,50.521759,63.078415,-159.768585,1.0,32,1,1,1,-51.915741,49.104240,-0.847307,-0.050739,-0.528674,-0.043047,0.998712,-0.026859,0.529356,-0.000000,-0.848400,1
33,1.620735,1,1,1,1,0.652302,0.179557,4.696629,-0.143308,0.109502,4.127471,0.004411,-0.368309,3.596919,0.410908,0.139657,3.535247,0.584793,0.297071,3.900866,0.603377,0.227222,3.924775,-52.519531,49.652153,63.412704,-158.463104,1.0,33,1,1,1,-50.852875,48.532475,-0.837167,-0.056800,-0.543990,-0.047628,0.998386,-0.030949,0.544870,0.000000,-0.838521,1
34,1.655218,1,1,1,1,0.650724,0.178794,4.694300,-0.143797,0.107229,4.120788,0.006752,-0.366672,3.585796,0.413585,0.139954,3.523070,0.587271,0.296302,3.886850,0.605783,0.226850,3.910041,-51.989273,49.322781,63.560867,-157.873734,1.0,34,1,1,1,-50.396454,48.333385,-0.832802,-0.059351,-0.550380,-0.049515,0.998237,-0.032723,0.551352,-0.000000,-0.834272,1
35,1.724186,1,1,1,1,0.649470,0.176323,4.689736,-0.144677,0.102860,4.109654,0.011524,-0.364173,3.566841,0.419439,0.140973,3.508778,0.590094,0.295009,3.861618,0.608288,0.226224,3.883596,-51.318573,48.759327,63.560867,-156.516479,1.0,35,1,1,1,-50.454987,48.033836,-0.824978,-0.063783,-0.561554,-0.052727,0.997964,-0.035891,0.562699,-0.000000,-0.826662,1
36,1.758669,1,1,1,1,0.649687,0.175320,4.689411,-0.145159,0.101290,4.107104,0.013554,-0.363599,3.561162,0.421183,0.141209,3.501592,0.590859,0.294413,3.850557,0.608852,0.225937,3.872026,-50.996460,48.560524,63.560867,-155.924606,1.0,36,1,1,1,-50.028915,47.963341,-0.821794,-0.065553,-0.566001,-0.053987,0.997849,-0.037183,0.567221,-0.000000,-0.823566,1
37,1.827637,1,1,1,1,0.649472,0.173361,4.689148,-0.145879,0.098679,4.102855,0.017381,-0.361817,3.551256,0.426489,0.142171,3.499218,0.592796,0.292594,3.832466,0.609923,0.224811,3.853056,-50.996460,48.200970,62.873642,-154.533493,1.0,37,1,1,1,-50.635269,47.738018,-0.816305,-0.068423,-0.573555,-0.055986,0.997656,-0.039337,0.574902,0.000000,-0.818222,1
38,1.862121,1,1,1,1,0.649849,0.172942,4.690722,-0.146285,0.098008,4.103161,0.018869,-0.361347,3.549374,0.427586,0.142137,3.495106,0.593654,0.291559,3.824606,0.610480,0.224107,3.844772,-50.793732,48.073368,62.675461,-153.945267,1.0,38,1,1,1,-50.184753,47.690079,-0.814120,-0.069549,-0.576517,-0.056759,0.997579,-0.040194,0.577916,0.000000,-0.816096,1
39,1.931088,1,1,1,1,0.648743,0.174917,4.694249,-0.146858,0.097664,4.103670,0.021578,-0.359488,3.546079,0.431307,0.141918,3.487901,0.597443,0.287865,3.810213,0.614249,0.221704,3.829130,-50.193604,47.781548,62.675461,-152.861099,1.0,39,1,1,1,-49.420898,47.405800,-0.810202,-0.071940,-0.581719,-0.058437,0.997409,-0.041958,0.583230,0.000000,-0.812307,1
40,1.965572,1,1,1,1,0.647268,0.176538,4.696329,-0.147064,0.097711,4.103881,0.022636,-0.358668,3.544717,0.433189,0.141814,3.484856,0.599399,0.285957,3.803976,0.616316,0.220466,3.822223,-49.920395,47.648724,62.675461,-152.384857,1.0,40,1,1,1,-49.099731,47.249752,-0.808460,-0.073107,-0.583993,-0.059263,0.997324,-0.042809,0.585560,0.000000,-0.810629,1
41,2.000055,1,1,1,1,0.644235,0.179781,4.699183,-0.147250,0.098006,4.104068,0.023812,-0.357862,3.543597,0.435129,0.141726,3.482215,0.601310,0.283966,3.798294,0.618498,0.219178,3.815807,-49.641403,47.508678,62.675461,-151.924286,1.0,41,1,1,1,-48.803314,47.088001,-0.806600,-0.074565,-0.586376,-0.060312,0.997216,-0.043845,0.588013,0.000000,-0.808851,1
42,2.069023,1,1,1,1,0.636746,0.188147,4.705757,-0.147539,0.097927,4.104379,0.026211,-0.356325,3.541496,0.438885,0.141601,3.478149,0.605051,0.279739,3.788450,0.623334,0.216643,3.804222,-49.077179,47.160503,62.675461,-150.871933,1.0,42,1,1,1,-48.350693,46.712200,-0.801914,-0.079340,-0.592148,-0.063825,0.996848,-0.047129,0.594020,0.000000,-0.804450,1
43,2.103507,1,1,1,1,0.633831,0.191449,4.708691,-0.147639,0.097458,4.104508,0.027114,-0.355717,3.540441,0.440882,0.141747,3.478671,0.606564,0.278082,3.784555,0.625435,0.215695,3.799481,-48.926208,47.001118,62.675461,-150.325256,1.0,43,1,1,1,-48.472748,46.522354,-0.799681,-0.081780,-0.594830,-0.065618,0.996650,-0.048809,0.596829,0.000000,-0.802369,1
44,2.172474,1,1,1,1,0.629201,0.196833,4.713809,-0.147796,0.095033,4.104723,0.028378,-0.354515,3.537839,0.444558,0.142157,3.482562,0.609456,0.275335,3.779308,0.629667,0.214162,3.792535,-48.926208,46.601589,62.068634,-148.767776,1.0,44,1,1,1,-49.162552,46.087154,-0.794863,-0.087853,-0.600395,-0.070102,0.996134,-0.052951,0.602725,-0.000000,-0.797949,1
45,2.206958,1,1,1,1,0.627647,0.198685,4.715921,-0.147855,0.093853,4.104812,0.028666,-0.354049,3.536572,0.445769,0.142278,3.484240,0.610532,0.274357,3.777396,0.631278,0.213580,3.789877,-49.063644,46.425247,61.755966,-147.964767,1.0,45,1,1,1,-49.476456,45.895561,-0.792714,-0.090665,-0.602813,-0.072169,0.995881,-0.054880,0.605306,0.000000,-0.795993,1
46,2.275925,1,1,1,1,0.625634,0.201103,4.719307,-0.147950,0.091159,4.104960,0.028718,-0.353249,3.533909,0.447534,0.142393,3.488368,0.612320,0.272854,3.775294,0.633949,0.212418,3.786477,-49.574875,46.022354,60.899368,-145.930817,1.0,46,1,1,1,-50.233124,45.503593,-0.788576,-0.096492,-0.607320,-0.076448,0.995334,-0.058876,0.610167,0.000000,-0.792273,1
47,2.310409,1,1,1,1,0.625123,0.201835,4.720613,-0.147988,0.090051,4.105022,0.028628,-0.353006,3.532710,0.448123,0.142378,3.490928,0.612943,0.272358,3.774746,0.634892,0.211934,3.785395,-49.846756,45.850613,60.478790,-144.920105,1.0,47,1,1,1,-50.663452,45.334740,-0.786823,-0.099014,-0.609184,-0.078291,0.995086,-0.060616,0.612192,0.000000,-0.790709,1
48,2.379376,1,1,1,1,0.625950,0.202803,4.725519,-0.148352,0.088174,4.109021,0.028242,-0.353655,3.534823,0.447047,0.141678,3.491120,0.613279,0.271576,3.773841,0.635772,0.210875,3.783609,-50.082565,45.561169,59.956329,-142.821030,1.0,48,1,1,1,-50.386200,45.188484,-0.784030,-0.103695,-0.612000,-0.081741,0.994609,-0.063805,0.615317,0.000000,-0.788279,1
49,2.413860,1,1,1,1,0.627110,0.202796,4.727047,-0.148477,0.087465,4.110681,0.027912,-0.353914,3.535653,0.446607,0.141450,3.491846,0.613221,0.271366,3.773545,0.635863,0.210485,3.782978,-50.082565,45.561169,59.768387,-141.859573,1.0,49,1,1,1,-50.370850,45.119209,-0.783028,-0.105587,-0.612958,-0.083143,0.994410,-0.065084,0.616404,0.000000,-0.787430,1
50,2.482827,1,1,1,1,0.637376,0.199133,4.724180,-0.148671,0.086323,4.113445,0.026228,-0.354416,3.536833,0.444971,0.141356,3.496437,0.611974,0.271479,3.774088,0.634228,0.210163,3.783240,-50.452698,45.331280,59.210800,-139.880630,1.0,50,1,1,1,-50.929291,45.035278,-0.783503,-0.107636,-0.611995,-0.084826,0.994190,-0.066257,0.615571,0.000000,-0.788082,1
51,2.517311,1,1,1,1,0.644105,0.196548,4.720930,-0.148702,0.086011,4.114592,0.025155,-0.354669,3.537297,0.443841,0.141390,3.499221,0.611001,0.271681,3.774680,0.632896,0.210202,3.783814,-50.668945,45.331280,58.919067,-138.982895,1.0,51,1,1,1,-51.318512,45.024899,-0.784458,-0.108023,-0.610702,-0.085238,0.994148,-0.066358,0.614297,-0.000000,-0.789075,1
52,2.551795,1,1,1,1,0.653106,0.192548,4.715597,-0.148693,0.086119,4.115605,0.023620,-0.355193,3.537843,0.441851,0.141356,3.501107,0.609386,0.272125,3.775463,0.630673,0.210494,3.784724,-50.909760,45.331280,58.624390,-138.139038,1.0,52,1,1,1,-51.633072,45.084049,-0.786331,-0.107655,-0.608353,-0.085147,0.994188,-0.065875,0.611909,0.000000,-0.790928,1
53,2.620762,1,1,1,1,0.671505,0.183197,4.702185,-0.148553,0.087730,4.117294,0.019274,-0.356933,3.539371,0.435563,0.141280,3.504027,0.603410,0.273710,3.777476,0.623010,0.211827,3.787371,-51.505539,45.331280,58.061340,-136.741486,1.0,53,1,1,1,-52.272675,45.437794,-0.793520,-0.103794,-0.599627,-0.082810,0.994599,-0.062575,0.602883,-0.000000,-0.797829,1
54,2.655246,1,1,1,1,0.678238,0.179558,4.696096,-0.148483,0.088497,4.117995,0.017175,-0.358099,3.540221,0.431969,0.141198,3.504347,0.599729,0.274776,3.778445,0.618915,0.212783,3.788646,-51.738846,45.331280,57.883667,-136.199493,1.0,54,1,1,1,-52.439636,45.680424,-0.797193,-0.101604,-0.595113,-0.081419,0.994825,-0.060780,0.598209,0.000000,-0.801340,1
55,2.724213,1,1,1,1,0.690464,0.174041,4.687154,-0.148448,0.090352,4.123059,0.010719,-0.361851,3.546258,0.419597,0.141023,3.503661,0.587027,0.277704,3.780185,0.605284,0.216133,3.791164,-51.738846,45.841801,57.883667,-135.677338,1.0,55,1,1,1,-52.148682,46.499149,-0.806122,-0.096060,-0.583901,-0.077796,0.995376,-0.056350,0.586613,0.000000,-0.809867,1
56,2.758697,1,1,1,1,0.695528,0.172160,4.683605,-0.148456,0.091199,4.126194,0.007305,-0.363517,3.549905,0.413878,0.141122,3.504633,0.580651,0.279180,3.781113,0.598598,0.218016,3.792450,-51.738846,46.093842,57.883667,-135.677338,1.0,56,1,1,1,-52.071701,46.850922,-0.810299,-0.093496,-0.578510,-0.076093,0.995620,-0.054327,0.581055,-0.000000,-0.813864,1
57,2.827665,1,1,1,1,0.710461,0.164770,4.674704,-0.148404,0.093099,4.135313,-0.003373,-0.366728,3.559853,0.396437,0.141709,3.507504,0.561123,0.284448,3.783388,0.578106,0.223782,3.795874,-51.738846,46.826759,58.117661,-135.983078,1.0,57,1,1,1,-51.790131,47.770439,-0.820684,-0.086823,-0.564747,-0.071524,0.996224,-0.049219,0.566888,0.000000,-0.823795,1
58,2.862148,1,1,1,1,0.716983,0.160489,4.668257,-0.147583,0.093717,4.137028,-0.009464,-0.366697,3.561170,0.389589,0.143283,3.513107,0.552088,0.287947,3.784863,0.568793,0.227760,3.797935,-51.969086,47.129654,57.951813,-136.137421,1.0,58,1,1,1,-52.660721,48.039516,-0.825526,-0.083489,-0.558154,-0.069164,0.996509,-0.046763,0.560110,-0.000000,-0.828418,1
59,2.931116,1,1,1,1,0.730071,0.151560,4.656577,-0.143208,0.095582,4.139885,-0.025938,-0.364483,3.561872,0.368760,0.148920,3.512385,0.528627,0.299131,3.786580,0.542743,0.241542,3.801306,-52.449692,47.884079,57.583069,-136.923691,0.0,59,1,1,1,-53.068512,48.855457,-0.835768,-0.075238,-0.543903,-0.063061,0.997166,-0.041039,0.545449,0.000000,-0.838144,1
60,2.965599,1,1,1,1,0.737239,0.146959,4.652001,-0.140921,0.096472,4.143138,-0.033857,-0.363819,3.564124,0.358239,0.151671,3.513496,0.511496,0.307235,3.787664,0.528724,0.248068,3.803210,-52.632111,48.240528,57.583069,-137.356766,0.0,60,1,1,1,-53.180084,49.311260,-0.840451,-0.071207,-0.537188,-0.059998,0.997462,-0.038349,0.538555,0.000000,-0.842590,1
61,3.000083,1,1,1,1,0.746480,0.142006,4.648499,-0.138091,0.097418,4.149117,-0.042466,-0.363740,3.569267,0.342652,0.153360,3.509188,0.488276,0.315877,3.788419,0.508583,0.254155,3.805267,-52.501732,48.686886,57.930923,-137.974686,1.0,61,1,1,1,-52.110092,50.027657,-0.845338,-0.066891,-0.530028,-0.056673,0.997760,-0.035534,0.531217,0.000000,-0.847236,1
62,3.069051,1,1,1,1,0.768892,0.132273,4.643120,-0.129113,0.099185,4.164922,-0.059741,-0.364253,3.583667,0.301784,0.155004,3.492864,0.432352,0.330508,3.786144,0.455744,0.264204,3.806171,-50.530655,50.117714,60.480911,-140.634338,1.0,62,1,1,1,-47.992767,51.960003,-0.856632,-0.056898,-0.512781,-0.048820,0.998380,-0.029224,0.513613,0.000000,-0.858022,1
63,3.103534,1,1,1,1,0.778706,0.128303,4.642191,-0.124355,0.099925,4.173547,-0.067534,-0.364773,3.591815,0.283986,0.155737,3.487148,0.408435,0.335433,3.784660,0.432351,0.267893,3.806069,-49.395386,50.769169,61.793808,-142.169998,1.0,63,1,1,1,-45.985123,52.726063,-0.861741,-0.052319,-0.504644,-0.045147,0.998630,-0.026438,0.505336,0.000000,-0.862923,1
64,3.172502,1,1,1,1,0.799322,0.119313,4.640735,-0.110344,0.101485,4.187915,-0.084797,-0.365188,3.605489,0.242028,0.155512,3.468409,0.351664,0.341408,3.778774,0.375240,0.273037,3.802597,-45.593140,52.279785,65.779175,-147.015152,1.0,64,1,1,1,-40.697479,54.224812,-0.871989,-0.042201,-0.487703,-0.036831,0.999109,-0.020600,0.488138,-0.000000,-0.872766,1
65,3.206985,1,1,1,1,0.807467,0.115530,4.640933,-0.103572,0.102332,4.193876,-0.092970,-0.365362,3.611402,0.223399,0.154671,3.458912,0.327355,0.343030,3.775335,0.350475,0.274642,3.800168,-43.704132,52.878487,67.639038,-149.607254,1.0,65,1,1,1,-38.029739,54.676929,-0.876273,-0.037586,-0.480346,-0.032959,0.999293,-0.018067,0.480686,0.000000,-0.876893,1
66,3.275953,1,1,1,1,0.823992,0.107621,4.644498,-0.085908,0.104728,4.203806,-0.111988,-0.366937,3.623119,0.178882,0.151511,3.438702,0.271192,0.344361,3.765208,0.290868,0.276825,3.791943,-38.475388,54.067818,72.102081,-156.619278,1.0,66,1,1,1,-31.743027,55.599167,-0.883533,-0.027469,-0.467562,-0.024279,0.999623,-0.012848,0.467738,0.000000,-0.883867,1
67,3.310437,1,1,1,1,0.830738,0.103888,4.647018,-0.077717,0.106323,4.207926,-0.119636,-0.369350,3.629323,0.158844,0.149577,3.430842,0.245311,0.344117,3.760220,0.262931,0.276933,3.787790,-36.032272,54.552063,74.025116,-160.173264,1.0,67,1,1,1,-28.693634,56.006634,-0.886327,-0.022740,-0.462501,-0.020160,0.999741,-0.010520,0.462620,0.000000,-0.886557,1
68,3.379404,1,1,1,1,0.842377,0.095435,4.650365,-0.061020,0.112341,4.210892,-0.134348,-0.376895,3.640472,0.111335,0.144753,3.414471,0.183525,0.341565,3.748384,0.196420,0.275508,3.777327,-29.565033,55.690216,78.280701,-169.010162,1.0,68,1,1,1,-21.237869,57.155693,-0.890274,-0.011203,-0.455288,-0.009974,0.999937,-0.005101,0.455316,0.000000,-0.890330,1
69,3.413888,1,1,1,1,0.846812,0.091914,4.651573,-0.055059,0.115534,4.212122,-0.139785,-0.380799,3.646443,0.089897,0.142897,3.408412,0.155663,0.340047,3.742791,0.166661,0.274700,3.772234,-26.566650,56.173592,80.049500,-173.359894,1.0,69,1,1,1,-17.560089,57.625557,-0.891704,-0.005701,-0.452583,-0.005084,0.999984,-0.002580,0.452591,0.000000,-0.891718,1
70,3.482855,1,1,1,1,0.854163,0.083100,4.650753,-0.048058,0.122048,4.214171,-0.152297,-0.389184,3.659726,0.035496,0.138728,3.397992,0.085414,0.334596,3.731236,0.091136,0.272197,3.760870,-18.620483,57.265564,83.798279,176.269104,1.0,70,1,1,1,-8.389069,58.671581,-0.894186,0.007288,-0.447636,0.006517,0.999973,0.003263,0.447648,0.000000,-0.894210,1
71,3.517339,1,1,1,1,0.857143,0.079197,4.649519,-0.046069,0.123406,4.215022,-0.157206,-0.392882,3.665437,0.011414,0.136528,3.393046,0.053291,0.331663,3.725792,0.056781,0.270857,3.755288,-14.986252,57.669353,85.352539,171.254395,1.0,71,1,1,1,-4.069763,58.882259,-0.895246,0.013114,-0.445379,0.011742,0.999914,0.005841,0.445418,0.000000,-0.895323,1
72,3.551823,1,1,1,1,0.860565,0.075346,4.647696,-0.044120,0.123381,4.215774,-0.161816,-0.396762,3.670686,-0.013193,0.133131,3.387706,0.019195,0.328139,3.720117,0.020488,0.268761,3.749355,-11.152496,57.979477,86.854645,166.073547,0.0,72,1,1,1,0.363358,58.911022,-0.896307,0.018619,-0.443043,0.016691,0.999827,0.008250,0.443119,0.000000,-0.896463,1
73,3.620790,1,1,1,1,0.870917,0.068578,4.646318,-0.034238,0.120755,4.217026,-0.169656,-0.402266,3.679616,-0.065723,0.124225,3.374499,-0.058635,0.320214,3.706146,-0.063453,0.261654,3.734754,-1.977890,57.979477,90.466827,154.428375,0.0,73,1,1,1,9.835266,58.282745,-0.898185,0.028363,-0.438701,0.025485,0.999598,0.012448,0.438878,0.000000,-0.898547,1
74,3.655274,1,1,1,1,0.875861,0.065963,4.647477,-0.029774,0.119571,4.219614,-0.172509,-0.401659,3.684349,-0.087695,0.120605,3.367934,-0.091504,0.317026,3.699125,-0.098587,0.258432,3.727496,1.956284,57.979477,94.899658,148.980499,0.0,74,1,1,1,13.773758,57.506248,-0.898977,0.032337,-0.436802,0.029085,0.999477,0.014132,0.437030,0.000000,-0.899447,1
75,3.724241,1,1,1,1,0.886617,0.061725,4.652750,-0.020137,0.117525,4.227821,-0.176910,-0.389924,3.691418,-0.134662,0.116703,3.350011,-0.164233,0.312105,3.681314,-0.176861,0.252446,3.708982,10.579407,56.698673,165.919250,137.415741,0.0,75,1,1,1,21.682449,55.049522,-0.900540,0.039136,-0.433009,0.035270,0.999234,0.016959,0.433341,0.000000,-0.901230,1
76,3.758725,1,1,1,1,0.891603,0.060281,4.656179,-0.016308,0.116913,4.233295,-0.178998,-0.384002,3.695760,-0.155008,0.115805,3.343166,-0.195287,0.310426,3.672508,-0.209856,0.250193,3.699878,14.116821,55.972149,-171.207596,132.144714,0.0,76,1,1,1,24.742493,53.789818,-0.901281,0.041879,-0.431207,0.037778,0.999123,0.018075,0.431586,-0.000000,-0.902072,1
77,3.827692,1,1,1,1,0.901612,0.057439,4.660364,-0.009117,0.115985,4.242413,-0.190626,-0.367974,3.701342,-0.201968,0.114933,3.326490,-0.263227,0.307878,3.652372,-0.281008,0.246373,3.679087,21.057144,53.750298,-141.673370,121.611176,0.0,77,1,1,1,29.993454,50.889458,-0.903090,0.046679,-0.426907,0.042201,0.998910,0.019949,0.427373,0.000000,-0.904075,1
78,3.862176,1,1,1,1,0.905831,0.056305,4.661503,-0.006349,0.115681,4.246195,-0.196811,-0.361376,3.703615,-0.222573,0.114549,3.319005,-0.291795,0.306913,3.642728,-0.311751,0.244764,3.668848,23.764893,52.708843,-132.259094,116.933716,0.0,78,1,1,1,31.898407,49.580521,-0.903971,0.048653,-0.424816,0.044033,0.998816,0.020693,0.425320,0.000000,-0.905043,1
79,3.931143,1,1,1,1,0.914495,0.053731,4.661398,-0.001222,0.115245,4.252496,-0.216541,-0.346603,3.707656,-0.273521,0.114981,3.305383,-0.357219,0.305114,3.622118,-0.382409,0.241466,3.646264,28.957748,50.193905,-120.023453,107.898926,1.0,79,1,1,1,35.644043,46.955688,-0.906184,0.052322,-0.419634,0.047479,0.998630,0.021986,0.420209,0.000000,-0.907427,1
80,3.965627,1,1,1,1,0.917995,0.052628,4.660965,0.000809,0.115093,4.255110,-0.225337,-0.340647,3.709486,-0.294557,0.115995,3.299962,-0.384211,0.304387,3.612857,-0.411301,0.240117,3.636053,30.956970,49.124565,-116.105881,103.941376,1.0,80,1,1,1,36.962250,45.912487,-0.907240,0.053882,-0.417148,0.048955,0.998547,0.022509,0.417755,0.000000,-0.908560,1
81,4.000111,1,1,1,1,0.921816,0.051023,4.659672,0.002778,0.114972,4.257421,-0.235134,-0.335188,3.711555,-0.316754,0.117771,3.295993,-0.412930,0.303553,3.603470,-0.441497,0.238728,3.625605,32.782318,48.097954,-113.123123,100.207855,1.0,81,1,1,1,38.265259,45.014252,-0.908375,0.055425,-0.414468,0.050424,0.998463,0.023007,0.415106,0.000000,-0.909773,1
82,4.069078,1,1,1,1,0.931476,0.045566,4.652820,0.006572,0.114725,4.261271,-0.257708,-0.324811,3.716563,-0.365885,0.122651,3.292088,-0.477775,0.301319,3.585949,-0.508493,0.235883,3.605420,36.347534,46.061401,-108.736618,92.959106,1.0,82,1,1,1,40.938080,43.439137,-0.911476,0.059301,-0.407057,0.054147,0.998240,0.024182,0.407775,0.000000,-0.913083,1
83,4.103562,1,1,1,1,0.935676,0.043194,4.648858,0.008033,0.114584,4.262869,-0.267153,-0.320879,3.719035,-0.386765,0.124819,3.291301,-0.506030,0.299873,3.578151,-0.536531,0.234719,3.596547,37.763550,45.249748,-107.155991,89.735352,1.0,83,1,1,1,42.016953,42.811703,-0.913023,0.061137,-0.403300,0.055924,0.998129,0.024703,0.404056,0.000000,-0.914734,1
84,4.172529,1,1,1,1,0.944690,0.037831,4.634025,0.010425,0.112859,4.261633,-0.285896,-0.313563,3.719818,-0.431136,0.129104,3.288267,-0.569778,0.294339,3.563084,-0.599457,0.232218,3.578231,40.644180,43.673622,-104.273956,83.211243,1.0,84,1,1,1,44.353256,41.644222,-0.917054,0.065014,-0.393427,0.059747,0.997884,0.025632,0.394261,-0.000000,-0.918998,1
85,4.207013,1,1,1,1,0.948545,0.035496,4.626736,0.011343,0.111921,4.261120,-0.293879,-0.310973,3.720520,-0.449857,0.131010,3.288000,-0.596291,0.291808,3.556576,-0.625391,0.231252,3.570197,41.800613,43.058270,-103.098267,80.252075,1.0,85,1,1,1,45.274292,41.209877,-0.919012,0.066720,-0.388544,0.061453,0.997772,0.025981,0.389411,-0.000000,-0.921064,1
86,4.275981,1,1,1,1,0.956822,0.031036,4.610335,0.013007,0.109001,4.260266,-0.312926,-0.306836,3.723676,-0.490322,0.136985,3.292598,-0.650387,0.286942,3.547310,-0.677545,0.230000,3.558135,44.101959,42.037685,-100.566376,74.062469,0.0,86,1,1,1,47.065094,40.723610,-0.923813,0.069797,-0.376427,0.064637,0.997561,0.026338,0.377347,-0.000000,-0.926072,1
87,4.310464,1,1,1,1,0.960247,0.029256,4.602500,0.013606,0.107443,4.259912,-0.321219,-0.305284,3.725392,-0.507217,0.139901,3.295685,-0.672392,0.285133,3.543926,-0.698648,0.229713,3.553545,45.012512,41.678650,-99.487488,71.216125,0.0,87,1,1,1,47.747726,40.600140,-0.926080,0.071014,-0.370584,0.065931,0.997475,0.026383,0.371522,0.000000,-0.928424,1
88,4.379432,1,1,1,1,0.965335,0.025621,4.584754,0.014473,0.103637,4.255425,-0.337729,-0.301729,3.725115,-0.540006,0.145563,3.299163,-0.715926,0.281633,3.539976,-0.740748,0.229575,3.547058,46.734528,41.118351,-97.315002,65.244873,0.0,88,1,1,1,48.951736,40.396935,-0.930970,0.072864,-0.357750,0.068015,0.997342,0.026136,0.358703,-0.000000,-0.933452,1
89,4.413915,1,1,1,1,0.967376,0.024109,4.576776,0.014762,0.101982,4.253563,-0.345035,-0.300258,3.725417,-0.553683,0.147823,3.301369,-0.733407,0.280057,3.538830,-0.757702,0.229502,3.544722,47.396942,40.922043,-96.432373,62.508972,0.0,89,1,1,1,49.386780,40.332359,-0.933157,0.073555,-0.351863,0.068825,0.997291,0.025952,0.352818,-0.000000,-0.935692,1
90,4.482883,1,1,1,1,0.971695,0.020333,4.560787,0.015247,0.097875,4.250462,-0.359539,-0.297605,3.726814,-0.582825,0.153355,3.308797,-0.770152,0.277123,3.538893,-0.793476,0.229448,3.542430,48.752167,40.667046,-94.505554,56.717773,0.0,90,1,1,1,50.497131,40.338715,-0.937807,0.074544,-0.339060,0.070103,0.997218,0.025345,0.340006,-0.000000,-0.940423,1
91,4.517367,1,1,1,1,0.973472,0.018674,4.553543,0.015428,0.096056,4.249176,-0.365642,-0.296688,3.727727,-0.595304,0.155802,3.313022,-0.785434,0.276012,3.539429,-0.808273,0.229441,3.541970,49.313843,40.667046,-93.672821,54.037292,0.0,91,1,1,1,51.000977,40.386978,-0.939874,0.074901,-0.333208,0.070596,0.997191,0.025028,0.334146,-0.000000,-0.942521,1
92,4.551850,1,1,1,1,0.975156,0.016914,4.546619,0.015609,0.094056,4.248038,-0.371319,-0.295981,3.728728,-0.607605,0.158217,3.317818,-0.800273,0.275030,3.540489,-0.822725,0.229396,3.542064,49.874146,40.667046,-92.821045,51.358002,0.0,92,1,1,1,51.557251,40.458935,-0.941896,0.075168,-0.327387,0.071001,0.997171,0.024679,0.328316,-0.000000,-0.944568,1
93,4.620818,1,1,1,1,0.977556,0.012641,4.531423,0.016157,0.089484,4.242247,-0.380676,-0.294395,3.726412,-0.633361,0.162290,3.324688,-0.833135,0.272825,3.543303,-0.855423,0.228744,3.542645,51.265198,40.667046,-90.862396,45.477997,0.0,93,1,1,1,53.056244,40.491962,-0.945841,0.075517,-0.315724,0.071632,0.997145,0.023911,0.316628,0.000000,-0.948550,1
94,4.655301,1,1,1,1,0.978644,0.010556,4.524683,0.016412,0.087410,4.239844,-0.384809,-0.294065,3.725761,-0.644906,0.163907,3.328892,-0.847221,0.271459,3.544870,-0.869259,0.228201,3.543227,51.894226,40.667046,-89.994324,42.705322,0.0,94,1,1,1,53.783813,40.536564,-0.947536,0.075657,-0.310568,0.071894,0.997134,0.023564,0.311461,-0.000000,-0.950259,1
95,4.724269,1,1,1,1,0.980223,0.005421,4.509587,0.016933,0.082555,4.231944,-0.392103,-0.293310,3.720727,-0.669451,0.165360,3.334384,-0.877843,0.264900,3.549078,-0.898494,0.224251,3.545706,53.479218,40.667046,-88.223816,36.568359,0.0,95,1,1,1,55.519989,40.419884,-0.950730,0.075976,-0.300565,0.072442,0.997110,0.022902,0.301436,0.000000,-0.953486,1
96,4.758753,1,1,1,1,0.981023,0.003179,4.502867,0.017140,0.080428,4.228667,-0.396203,-0.293488,3.719294,-0.680790,0.165400,3.338003,-0.890899,0.261330,3.551316,-0.911179,0.221332,3.547074,54.178329,40.667046,-87.492706,33.681061,0.0,96,1,1,1,56.278366,40.380459,-0.952092,0.076120,-0.296186,0.072684,0.997099,0.022611,0.297048,0.000000,-0.954863,1
97,4.827720,1,1,1,1,0.982512,-0.001359,4.488860,0.017381,0.075703,4.221259,-0.407252,-0.295579,3.717419,-0.705141,0.163205,3.346013,-0.918513,0.252324,3.557473,-0.938199,0.212739,3.551642,55.705429,40.667046,-86.057495,27.425507,0.0,97,1,1,1,57.671692,40.284557,-0.954728,0.076301,-0.287527,0.073060,0.997085,0.022003,0.288368,-0.000000,-0.957520,1
98,4.862204,1,1,1,1,0.983187,-0.003198,4.482633,0.017421,0.073671,4.218186,-0.412191,-0.296699,3.717192,-0.715432,0.162084,3.350382,-0.929991,0.248469,3.560623,-0.949316,0.209015,3.554176,56.342804,40.667046,-85.466553,24.516998,0.0,98,1,1,1,58.257355,40.268551,-0.955867,0.076343,-0.283706,0.073187,0.997082,0.021722,0.284536,-0.000000,-0.958665,1
99,4.931171,1,1,1,1,0.984080,-0.006802,4.470068,0.017342,0.069598,4.211118,-0.423374,-0.299082,3.716836,-0.735759,0.159315,3.358444,-0.953867,0.240975,3.567864,-0.972096,0.201573,3.560676,57.610764,40.667046,-84.328400,18.453339,0.0,99,1,1,1,59.243378,40.235958,-0.958061,0.076282,-0.276225,0.073297,0.997086,0.021133,0.277032,-0.000000,-0.960861,1
100,4.965655,1,1,1,1,0.984449,-0.008354,4.464641,0.017292,0.067993,4.208186,-0.428961,-0.300226,3.717616,-0.744710,0.158258,3.363050,-0.963757,0.237970,3.571461,-0.981965,0.198114,3.563789,58.116547,40.667046,-83.867004,15.684784,0.0,100,1,1,1,59.635834,40.265686,-0.958998,0.076253,-0.272961,0.073340,0.997089,0.020875,0.273758,0.000000,-0.961798,1
101,5.000139,1,1,1,1,0.984298,-0.009957,4.458500,0.017218,0.066387,4.203525,-0.434125,-0.300906,3.716461,-0.750991,0.156932,3.364182,-0.972448,0.235052,3.574962,-0.990913,0.194375,3.566733,58.521515,40.667046,-83.546326,13.020599,0.0,101,1,1,1,59.737930,40.279987,-0.959839,0.076233,-0.269997,0.073385,0.997090,0.020643,0.270785,0.000000,-0.962640,1
102,5.069106,1,1,1,1,0.984412,-0.013391,4.447516,0.017079,0.063229,4.195761,-0.445173,-0.302444,3.716561,-0.761083,0.152886,3.365852,-0.986288,0.228215,3.582345,-1.006194,0.184950,3.572656,58.934616,40.667046,-83.546326,8.004272,0.0,102,1,1,1,59.466522,40.240288,-0.961362,0.076293,-0.264505,0.073560,0.997085,0.020239,0.265278,0.000000,-0.964172,1
103,5.103590,1,1,1,1,0.984559,-0.014783,4.442745,0.017031,0.061940,4.192540,-0.449300,-0.302985,3.716798,-0.764164,0.150977,3.366095,-0.990909,0.225188,3.585756,-1.011472,0.180928,3.575379,58.934616,40.667046,-83.546326,5.845337,0.0,103,1,1,1,59.244141,40.204018,-0.962002,0.076335,-0.262154,0.073649,0.997082,0.020070,0.262921,0.000000,-0.964817,1
104,5.172557,1,1,1,1,0.984939,-0.017212,4.434223,0.016855,0.059388,4.187174,-0.455463,-0.303531,3.717117,-0.767367,0.147159,3.364799,-0.997305,0.219146,3.591725,-1.018628,0.173603,3.580308,58.934616,40.405323,-84.118744,2.135834,0.0,104,1,1,1,58.602325,40.068329,-0.963227,0.076369,-0.257608,0.073776,0.997080,0.019731,0.258363,-0.000000,-0.966048,1
105,5.207041,1,1,1,1,0.985071,-0.018090,4.430562,0.016726,0.058270,4.184948,-0.457431,-0.303613,3.717062,-0.767974,0.145636,3.363688,-0.999273,0.216739,3.594188,-1.020771,0.170857,3.582385,58.773026,40.405323,-84.435791,0.619812,0.0,105,1,1,1,58.287659,39.997597,-0.963754,0.076345,-0.255637,0.073793,0.997081,0.019574,0.256385,0.000000,-0.966575,1
106,5.276008,1,1,1,1,0.985927,-0.019468,4.425673,0.015886,0.055452,4.185137,-0.460832,-0.304572,3.720748,-0.770446,0.143372,3.366344,-1.002209,0.212078,3.599281,-1.023549,0.166257,3.587035,58.371933,40.405323,-85.118011,-1.814697,0.0,106,1,1,1,57.855499,39.944908,-0.964986,0.075883,-0.251084,0.073438,0.997117,0.019108,0.251810,0.000000,-0.967777,1
107,5.310492,1,1,1,1,0.986111,-0.019948,4.423386,0.015362,0.054023,4.185215,-0.461774,-0.305233,3.722015,-0.771056,0.142440,3.367258,-1.003263,0.210076,3.601549,-1.024401,0.164415,3.589171,58.196793,40.405323,-85.403839,-2.780731,0.0,107,1,1,1,57.670685,39.948074,-0.965563,0.075555,-0.248956,0.073162,0.997142,0.018864,0.249670,0.000000,-0.968331,1
108,5.379459,1,1,1,1,0.986118,-0.020773,4.418780,0.014004,0.050870,4.185345,-0.462945,-0.307399,3.723750,-0.771289,0.139714,3.368059,-1.004986,0.205582,3.605474,-1.025359,0.160423,3.593057,57.770691,40.405323,-86.009491,-4.162720,0.0,108,1,1,1,57.222046,39.982101,-0.966849,0.074368,-0.244280,0.072102,0.997231,0.018217,0.244958,-0.000000,-0.969534,1
109,5.413943,1,1,1,1,0.986078,-0.021092,4.416724,0.013445,0.049645,4.185399,-0.463306,-0.308437,3.724450,-0.771127,0.138146,3.368085,-1.005514,0.203690,3.607105,-1.025569,0.158638,3.594704,57.574966,40.405323,-86.261902,-4.662872,0.0,109,1,1,1,56.987061,39.976192,-0.967431,0.073768,-0.242149,0.071561,0.997275,0.017912,0.242810,-0.000000,-0.970074,1
110,5.482911,1,1,1,1,0.985934,-0.021712,4.412966,0.012455,0.047561,4.185489,-0.463753,-0.310991,3.725750,-0.770361,0.134097,3.367552,-1.005880,0.200236,3.609605,-1.025443,0.155085,3.597347,57.083191,40.405323,-86.759277,-5.175812,0.0,110,1,1,1,56.450012,39.929905,-0.968626,0.072417,-0.237737,0.070330,0.997375,0.017262,0.238363,0.000000,-0.971176,1
111,5.517394,1,1,1,1,0.985876,-0.021969,4.411373,0.012105,0.046798,4.185526,-0.463887,-0.312260,3.726399,-0.769976,0.132180,3.367296,-1.005748,0.198911,3.610648,-1.025201,0.153658,3.598460,56.864304,40.280384,-86.956299,-5.305878,0.0,111,1,1,1,56.206757,39.905083,-0.969148,0.071818,-0.235786,0.069783,0.997418,0.016978,0.236396,0.000000,-0.971657,1
112,5.551878,1,1,1,1,0.985844,-0.022266,4.409974,0.011859,0.046144,4.185559,-0.463877,-0.313578,3.727032,-0.769368,0.130206,3.366954,-1.005233,0.197781,3.611604,-1.024721,0.152385,3.599467,56.637741,40.280384,-87.138306,-5.305878,0.0,112,1,1,1,55.957214,39.877689,-0.969640,0.071259,-0.233922,0.069272,0.997458,0.016712,0.234518,0.000000,-0.972112,1
113,5.620845,1,1,1,1,0.985949,-0.023803,4.407401,0.011641,0.045028,4.185615,-0.463206,-0.316886,3.728328,-0.765807,0.126510,3.366050,-1.001647,0.196068,3.613441,-1.021637,0.150376,3.601364,56.059082,40.280384,-87.536438,-4.998535,0.0,113,1,1,1,55.313995,39.924847,-0.970565,0.070520,-0.230283,0.068615,0.997510,0.016280,0.230858,0.000000,-0.972987,1
114,5.655329,1,1,1,1,0.986032,-0.024768,4.406201,0.011589,0.044624,4.185637,-0.462663,-0.318573,3.728931,-0.763103,0.125116,3.365516,-0.999104,0.195503,3.614398,-1.019472,0.149751,3.602311,55.781494,40.280384,-87.721558,-4.772400,0.0,114,1,1,1,54.947693,39.998985,-0.970955,0.070325,-0.228693,0.068452,0.997524,0.016123,0.229261,0.000000,-0.973365,1
115,5.724297,1,1,1,1,0.986641,-0.027255,4.404740,0.011505,0.044041,4.187624,-0.458711,-0.322777,3.730995,-0.751590,0.123114,3.364950,-0.987053,0.195305,3.617266,-1.007872,0.150611,3.605478,54.964661,40.280384,-88.273376,-3.864136,0.0,115,1,1,1,53.912933,40.340336,-0.971748,0.070577,-0.225222,0.068755,0.997506,0.015935,0.225785,0.000000,-0.974177,1
116,5.758780,1,1,1,1,0.986839,-0.028323,4.404048,0.011462,0.043842,4.188448,-0.456153,-0.324726,3.731462,-0.745267,0.122399,3.364155,-0.980408,0.195573,3.618752,-1.001247,0.151530,3.607227,54.576477,40.280384,-88.550110,-3.344818,0.0,116,1,1,1,53.410416,40.514000,-0.972094,0.070812,-0.223648,0.069009,0.997490,0.015877,0.224210,-0.000000,-0.974541,1
117,5.827748,1,1,1,1,0.987520,-0.030437,4.403574,0.011349,0.043489,4.191769,-0.447066,-0.329775,3.732337,-0.728002,0.121720,3.363410,-0.960599,0.197834,3.622142,-0.980892,0.156152,3.611546,53.628784,40.607594,-89.221771,-1.814758,0.0,117,1,1,1,52.408539,41.028904,-0.972840,0.071686,-0.220098,0.069919,0.997427,0.015819,0.220665,0.000000,-0.975350,1
118,5.862231,1,1,1,1,0.987762,-0.031287,4.403280,0.011302,0.043325,4.193147,-0.442255,-0.331892,3.732039,-0.718897,0.121466,3.362150,-0.950796,0.199089,3.623725,-0.970721,0.158458,3.613655,53.192078,40.771778,-89.540039,-1.007263,0.0,118,1,1,1,51.880295,41.264977,-0.973175,0.072131,-0.218468,0.070380,0.997395,0.015800,0.219039,0.000000,-0.975716,1
119,5.931199,1,1,1,1,0.988926,-0.032851,4.404429,0.011238,0.043142,4.199339,-0.430451,-0.338379,3.734458,-0.694097,0.120605,3.362429,-0.923531,0.202142,3.627431,-0.942645,0.163295,3.618594,51.955719,41.315445,-90.326385,1.171112,0.0,119,1,1,1,50.363831,42.015446,-0.973985,0.073218,-0.214460,0.071505,0.997316,0.015745,0.215037,0.000000,-0.976606,1
120,5.965683,1,1,1,1,0.989282,-0.033448,4.404937,0.011218,0.043078,4.201909,-0.424561,-0.341689,3.735070,-0.681990,0.119654,3.361863,-0.910304,0.203440,3.629278,-0.928828,0.165191,3.621148,51.371643,41.571983,-90.692688,2.276611,0.0,120,1,1,1,49.617203,42.342579,-0.974356,0.073720,-0.212593,0.072026,0.997279,0.015715,0.213173,0.000000,-0.977015,1
121,6.000166,1,1,1,1,0.989470,-0.033979,4.405554,0.011201,0.043029,4.204180,-0.417749,-0.345796,3.735280,-0.668663,0.117929,3.360853,-0.895028,0.204703,3.631300,-0.913034,0.166852,3.623927,50.737976,41.848255,-91.092255,3.472198,0.0,121,1,1,1,48.834534,42.678143,-0.974716,0.074221,-0.210763,0.072544,0.997242,0.015686,0.211346,0.000000,-0.977411,1
122,6.069134,1,1,1,1,0.989271,-0.035545,4.408071,0.011372,0.042772,4.207963,-0.400222,-0.356069,3.734154,-0.633619,0.112488,3.356181,-0.852488,0.207487,3.635207,-0.869076,0.169447,3.629822,48.997421,42.550789,-92.299957,6.524780,0.0,122,1,1,1,46.756332,43.455345,-0.975307,0.075388,-0.207586,0.073737,0.997154,0.015694,0.208179,0.000000,-0.978091,1
123,6.103617,1,1,1,1,0.989496,-0.036371,4.410607,0.011496,0.042657,4.211601,-0.393066,-0.361021,3.735859,-0.618028,0.109987,3.356238,-0.832110,0.208685,3.637385,-0.848400,0.170203,3.632938,48.186279,42.870296,-92.852112,8.041351,0.0,123,1,1,1,45.749725,43.830070,-0.975560,0.075951,-0.206192,0.074309,0.997112,0.015706,0.206789,-0.000000,-0.978386,1
124,6.172585,1,1,1,1,0.989174,-0.038330,4.416841,0.011837,0.041559,4.217661,-0.379264,-0.370931,3.738127,-0.580932,0.102145,3.352247,-0.780089,0.210824,3.641574,-0.796387,0.170565,3.639198,45.852127,43.567348,-94.567566,11.894928,0.0,124,1,1,1,42.846725,44.464855,-0.975908,0.077085,-0.204112,0.075453,0.997025,0.015781,0.204721,0.000000,-0.978820,1
125,6.207069,1,1,1,1,0.989077,-0.039656,4.420000,0.012235,0.040826,4.220176,-0.373060,-0.374743,3.738651,-0.563900,0.098596,3.349339,-0.756486,0.211623,3.643308,-0.773220,0.170564,3.641847,44.752441,43.841965,-95.400055,13.817719,0.0,125,1,1,1,41.449219,44.666851,-0.976009,0.077619,-0.203423,0.075987,0.996983,0.015837,0.204039,0.000000,-0.978963,1
126,6.276036,1,1,1,1,0.990319,-0.044509,4.429672,0.014523,0.038796,4.228261,-0.358877,-0.382917,3.742769,-0.526666,0.090441,3.345996,-0.701357,0.213039,3.646136,-0.720379,0.170355,3.646420,42.016174,44.340816,-97.430359,18.492493,0.0,126,1,1,1,38.492950,44.983139,-0.975996,0.079282,-0.202847,0.077623,0.996852,0.016133,0.203487,0.000000,-0.979078,1
127,6.310520,1,1,1,1,0.990817,-0.046849,4.434114,0.015596,0.037819,4.231615,-0.352419,-0.386012,3.744021,-0.510259,0.086807,3.343507,-0.677179,0.213504,3.647196,-0.697689,0.170217,3.648216,40.810425,44.512760,-98.325897,20.774078,0.0,127,1,1,1,37.188644,45.029236,-0.975934,0.080140,-0.202804,0.078464,0.996784,0.016305,0.203459,0.000000,-0.979084,1
128,6.379487,1,1,1,1,0.991750,-0.052519,4.442785,0.017964,0.035237,4.237203,-0.338371,-0.391902,3.744757,-0.474666,0.075943,3.334588,-0.622586,0.213535,3.647129,-0.647628,0.169100,3.649578,37.971558,44.512760,-100.429108,26.199219,0.0,128,1,1,1,34.316223,44.742527,-0.975567,0.082385,-0.203669,0.080646,0.996601,0.016837,0.204364,0.000000,-0.978895,1
129,6.413971,1,1,1,1,0.992069,-0.054883,4.446651,0.018890,0.034036,4.239521,-0.333115,-0.394653,3.745076,-0.460341,0.070936,3.330358,-0.599713,0.213406,3.646571,-0.626530,0.168468,3.649738,36.755692,44.512760,-101.326721,28.816528,0.0,129,1,1,1,33.103516,44.557449,-0.975356,0.083435,-0.204253,0.081663,0.996513,0.017101,0.204968,-0.000000,-0.978769,1
130,6.482938,1,1,1,1,0.992365,-0.059861,4.453969,0.020428,0.031046,4.243382,-0.320334,-0.401310,3.744497,-0.430111,0.060530,3.321226,-0.551928,0.212732,3.643173,-0.581989,0.166625,3.648019,34.176788,44.512760,-103.168274,34.679840,0.0,130,1,1,1,30.856201,44.204906,-0.974757,0.085651,-0.206186,0.083797,0.996325,0.017725,0.206947,0.000000,-0.978352,1
131,6.517422,1,1,1,1,0.992906,-0.062117,4.458263,0.020993,0.029630,4.247052,-0.314325,-0.404645,3.746086,-0.418185,0.056618,3.319536,-0.532800,0.212389,3.641441,-0.564048,0.165763,3.647087,33.161865,44.512760,-103.850769,37.408020,0.0,131,1,1,1,30.113312,44.087650,-0.974493,0.086634,-0.207023,0.084743,0.996240,0.018003,0.207804,0.000000,-0.978171,1
132,6.551906,1,1,1,1,0.993220,-0.064459,4.462284,0.021442,0.028005,4.250297,-0.307634,-0.407677,3.746873,-0.406612,0.052975,3.317300,-0.515241,0.211912,3.639515,-0.547357,0.164698,3.645973,32.248520,44.373592,-104.445694,40.101410,0.0,132,1,1,1,29.504990,43.955555,-0.974234,0.087574,-0.207846,0.085646,0.996158,0.018272,0.208648,-0.000000,-0.977991,1
133,6.620873,1,1,1,1,0.993338,-0.069622,4.469435,0.021970,0.024058,4.255702,-0.293971,-0.413329,3.746693,-0.385678,0.045844,3.311665,-0.484917,0.210260,3.634352,-0.518014,0.161606,3.642393,30.662201,44.055717,-105.474228,45.505646,0.0,133,1,1,1,28.619644,43.646423,-0.973688,0.089382,-0.209627,0.087380,0.995997,0.018812,0.210469,0.000000,-0.977601,1
134,6.655357,1,1,1,1,0.993297,-0.071911,4.472483,0.022113,0.022296,4.257945,-0.288810,-0.415495,3.746356,-0.377751,0.042870,3.308875,-0.473829,0.209380,3.631728,-0.507124,0.160144,3.640465,30.068008,43.913433,-105.865295,47.917175,0.0,134,1,1,1,28.283188,43.486038,-0.973441,0.090161,-0.210438,0.088125,0.995927,0.019051,0.211298,0.000000,-0.977422,1
135,6.724324,1,1,1,1,0.992983,-0.077198,4.477841,0.022239,0.018407,4.261681,-0.281094,-0.418977,3.745134,-0.366041,0.036826,3.302790,-0.457440,0.206974,3.625284,-0.491027,0.156563,3.635220,29.076721,43.545151,-106.567139,52.525818,0.0,135,1,1,1,27.800354,43.070957,-0.972915,0.091775,-0.212165,0.089667,0.995780,0.019554,0.213064,0.000000,-0.977038,1
136,6.758808,1,1,1,1,0.992813,-0.079575,4.480120,0.022269,0.016774,4.263231,-0.278643,-0.420178,3.744517,-0.362471,0.034362,3.299970,-0.452259,0.205847,3.622105,-0.485955,0.154964,3.632531,28.723969,43.374222,-106.836456,54.536530,0.0,136,1,1,1,27.664398,42.860779,-0.972675,0.092512,-0.212943,0.090372,0.995712,0.019785,0.213860,-0.000000,-0.976864,1
137,6.827775,1,1,1,1,0.992346,-0.085352,4.484043,0.022274,0.013449,4.265813,-0.276602,-0.422245,3.743526,-0.358943,0.029414,3.294714,-0.446685,0.202675,3.615168,-0.480541,0.150799,3.626386,28.191147,42.948505,-107.338928,58.235199,0.0,137,1,1,1,27.505081,42.400352,-0.972146,0.094370,-0.214537,0.092152,0.995537,0.020337,0.215499,0.000000,-0.976504,1
138,6.862259,1,1,1,1,0.992119,-0.087753,4.485755,0.022270,0.012111,4.266884,-0.276453,-0.423146,3.743232,-0.358158,0.027248,3.292487,-0.445355,0.200925,3.611997,-0.479256,0.148656,3.623512,28.003571,42.759701,-107.542328,59.825134,0.0,138,1,1,1,27.440125,42.192570,-0.971902,0.095252,-0.215251,0.092999,0.995453,0.020597,0.216234,0.000000,-0.976342,1
139,6.931227,1,1,1,1,0.991606,-0.092280,4.488950,0.022276,0.009606,4.268668,-0.277488,-0.425659,3.743328,-0.358063,0.021042,3.288374,-0.445209,0.194317,3.606031,-0.479137,0.140775,3.617942,27.704727,42.285397,-108.076935,62.689514,0.0,139,1,1,1,27.319946,41.674702,-0.971371,0.097210,-0.216768,0.094877,0.995264,0.021172,0.217799,0.000000,-0.975994,1
140,6.965710,1,1,1,1,0.991430,-0.094013,4.490397,0.022342,0.008646,4.269408,-0.278106,-0.426917,3.743572,-0.358160,0.017800,3.286515,-0.445551,0.190553,3.603501,-0.479484,0.136279,3.615535,27.704727,42.066582,-108.343399,63.910919,0.0,140,1,1,1,27.255722,41.409283,-0.971128,0.098086,-0.217463,0.095715,0.995178,0.021433,0.218517,0.000000,-0.975833,1
141,7.000194,1,1,1,1,0.991299,-0.095548,4.491845,0.022487,0.007788,4.270063,-0.278840,-0.428392,3.744037,-0.358341,0.014080,3.284784,-0.446158,0.185838,3.601261,-0.480099,0.130733,3.613340,27.574310,41.830936,-108.664413,65.029297,0.0,141,1,1,1,27.182541,41.123100,-0.970882,0.098930,-0.218175,0.096523,0.995094,0.021690,0.219251,0.000000,-0.975669,1
142,7.069161,1,1,1,1,0.991220,-0.098351,4.494825,0.023063,0.006080,4.271153,-0.280600,-0.434109,3.746503,-0.359555,0.005423,3.283610,-0.447974,0.172564,3.598041,-0.481894,0.115844,3.609921,27.574310,41.328991,-109.567368,67.017639,0.0,142,1,1,1,27.150375,40.682690,-0.970340,0.100562,-0.219837,0.098076,0.994931,0.022220,0.220957,0.000000,-0.975284,1
143,7.103645,1,1,1,1,0.991227,-0.099457,4.496181,0.023344,0.005336,4.271605,-0.281318,-0.437242,3.748035,-0.360244,0.001511,3.283715,-0.448847,0.166204,3.596952,-0.482766,0.108779,3.608662,27.574310,41.129044,-109.976562,67.858276,0.0,143,1,1,1,27.172333,40.528446,-0.970091,0.101247,-0.220620,0.098726,0.994861,0.022452,0.221759,0.000000,-0.975101,1
144,7.172613,1,1,1,1,0.990441,-0.101796,4.496731,0.023967,0.003267,4.268462,-0.282512,-0.444847,3.747900,-0.362268,-0.009329,3.280269,-0.452854,0.148227,3.595200,-0.486588,0.089945,3.606065,27.574310,40.665539,-111.188065,69.366608,0.0,144,1,1,1,27.318298,40.068748,-0.969437,0.102404,-0.222945,0.099798,0.994743,0.022951,0.224124,0.000000,-0.974561,1
145,7.207096,1,1,1,1,0.990233,-0.102808,4.497066,0.024258,0.002227,4.267158,-0.283039,-0.448447,3.748236,-0.363751,-0.014887,3.278907,-0.455452,0.139103,3.594559,-0.488898,0.080547,3.604897,27.574310,40.451015,-111.767303,70.009064,0.0,145,1,1,1,27.440277,39.806606,-0.969123,0.102846,-0.224104,0.100201,0.994697,0.023171,0.225298,-0.000000,-0.974290,1
146,7.276064,1,1,1,1,0.990086,-0.104863,4.497787,0.024834,0.000020,4.264986,-0.283770,-0.455922,3.749736,-0.369746,-0.034675,3.273808,-0.465514,0.110387,3.593225,-0.497004,0.051098,3.602083,27.574310,39.589928,-113.673721,71.167633,0.0,146,1,1,1,27.879303,38.481216,-0.968440,0.103488,-0.226748,0.100763,0.994631,0.023592,0.227972,-0.000000,-0.973668,1
147,7.310547,1,1,1,1,0.990605,-0.105714,4.499210,0.025087,-0.000833,4.266152,-0.283305,-0.459288,3.752597,-0.372832,-0.045398,3.272851,-0.471058,0.096224,3.592649,-0.501396,0.036459,3.600753,27.717804,39.115128,-114.568954,71.655701,0.0,147,1,1,1,28.148834,37.688881,-0.968168,0.103730,-0.227794,0.100973,0.994606,0.023757,0.229029,0.000000,-0.973420,1
148,7.379515,1,1,1,1,0.991389,-0.107281,4.501577,0.025547,-0.002150,4.268096,-0.278509,-0.463332,3.755881,-0.382584,-0.072462,3.265984,-0.488873,0.057511,3.590156,-0.519599,-0.001861,3.595417,28.402924,37.413807,-116.804642,72.609711,0.0,148,1,1,1,29.285049,35.223251,-0.967717,0.104163,-0.229507,0.101352,0.994560,0.024037,0.230763,-0.000000,-0.973010,1
149,7.413999,1,1,1,1,0.991647,-0.107890,4.502535,0.025698,-0.002590,4.268903,-0.276122,-0.464496,3.756951,-0.387141,-0.084468,3.262028,-0.497054,0.039318,3.588710,-0.528321,-0.019731,3.592380,28.750977,36.569767,-117.798065,73.067047,0.0,149,1,1,1,29.796509,34.034443,-0.967536,0.104354,-0.230184,0.101520,0.994540,0.024153,0.231448,0.000000,-0.972847,1
150,7.482966,1,1,1,1,0.992733,-0.109010,4.506099,0.025766,-0.003097,4.274143,-0.271700,-0.463071,3.760935,-0.401343,-0.114351,3.253733,-0.521038,-0.010763,3.584027,-0.551113,-0.069147,3.583971,29.757828,34.008911,-120.505066,74.260406,0.0,150,1,1,1,31.054230,30.711555,-0.967364,0.104808,-0.230700,0.101949,0.994492,0.024313,0.231977,0.000000,-0.972721,1
151,7.517450,1,1,1,1,0.992937,-0.109398,4.507638,0.025678,-0.003245,4.276317,-0.269927,-0.461038,3.761837,-0.408629,-0.128112,3.248530,-0.532733,-0.034585,3.581178,-0.563294,-0.088786,3.578991,30.223175,32.764736,-121.602859,74.938507,0.0,151,1,1,1,31.620987,29.027483,-0.967319,0.105018,-0.230791,0.102151,0.994470,0.024372,0.232075,0.000000,-0.972698,1
152,7.551933,1,1,1,1,0.993080,-0.109694,4.509607,0.025395,-0.003306,4.279274,-0.268471,-0.458076,3.763033,-0.417090,-0.144446,3.243117,-0.545488,-0.062650,3.577663,-0.576713,-0.113384,3.572988,30.715759,31.329823,-122.722000,75.820526,0.0,152,1,1,1,32.195404,27.019497,-0.967317,0.105228,-0.230705,0.102357,0.994448,0.024412,0.231993,-0.000000,-0.972718,1
153,7.620901,1,1,1,1,0.992369,-0.110016,4.513356,0.024343,-0.003314,4.284198,-0.265967,-0.450418,3.763158,-0.436224,-0.185030,3.229087,-0.569890,-0.131705,3.568491,-0.603077,-0.179575,3.558022,31.856354,27.295366,-125.701355,79.064240,0.0,153,1,1,1,33.324951,22.100752,-0.967387,0.105643,-0.230221,0.102773,0.994404,0.024458,0.231517,-0.000000,-0.972831,1
154,7.655385,1,1,1,1,0.992399,-0.110133,4.516152,0.023858,-0.003310,4.288310,-0.265402,-0.447372,3.765085,-0.445142,-0.201791,3.224886,-0.579424,-0.160337,3.564197,-0.614112,-0.207184,3.550909,32.341705,25.483692,-126.959198,80.876343,0.0,154,1,1,1,33.799606,20.041792,-0.967463,0.105818,-0.229819,0.102953,0.994386,0.024456,0.231117,0.000000,-0.972926,1
155,7.724352,1,1,1,1,0.991736,-0.110191,4.521236,0.022677,-0.003519,4.295158,-0.266490,-0.440164,3.767276,-0.467641,-0.232669,3.216765,-0.598347,-0.217055,3.555693,-0.638199,-0.259552,3.536935,33.496857,21.369926,-129.765121,86.188599,0.0,155,1,1,1,34.984222,16.073048,-0.967710,0.106043,-0.228677,0.103200,0.994362,0.024387,0.229974,-0.000000,-0.973197,1
156,7.758836,1,1,1,1,0.991341,-0.110187,4.523429,0.022145,-0.003674,4.298000,-0.267333,-0.437323,3.768048,-0.476698,-0.244595,3.213196,-0.605894,-0.238860,3.551883,-0.648180,-0.279144,3.530770,33.972229,19.663115,-130.953598,88.932556,0.0,156,1,1,1,35.400177,14.536196,-0.967830,0.106105,-0.228136,0.103274,0.994355,0.024344,0.229431,-0.000000,-0.973325,1
157,7.827803,1,1,1,1,0.990231,-0.110137,4.527390,0.020937,-0.004371,4.302733,-0.270734,-0.433748,3.769682,-0.492072,-0.273471,3.206362,-0.619408,-0.279636,3.544833,-0.665585,-0.318754,3.519671,34.774384,16.016138,-133.359314,95.532501,0.0,157,1,1,1,35.807220,11.320342,-0.968091,0.105988,-0.227083,0.103187,0.994367,0.024204,0.228369,0.000000,-0.973575,1
158,7.862287,1,1,1,1,0.989772,-0.110155,4.529099,0.020462,-0.004779,4.304697,-0.272436,-0.432979,3.770562,-0.497638,-0.286090,3.203473,-0.625148,-0.297300,3.541444,-0.672369,-0.335212,3.514706,35.047577,14.517673,-134.346039,98.693665,0.0,158,1,1,1,35.868164,10.016590,-0.968206,0.105882,-0.226640,0.103095,0.994379,0.024133,0.227922,0.000000,-0.973680,1
159,7.931254,1,1,1,1,0.988908,-0.110469,4.532190,0.019636,-0.006107,4.307968,-0.275717,-0.435440,3.773323,-0.507189,-0.322160,3.199009,-0.638258,-0.342915,3.533724,-0.684304,-0.377116,3.505008,35.389496,11.167768,-136.322708,105.490875,0.0,159,1,1,1,35.829758,6.854438,-0.968425,0.105429,-0.225914,0.102672,0.994427,0.023951,0.227180,0.000000,-0.973853,1
160,7.965738,1,1,1,1,0.988572,-0.110649,4.533552,0.019336,-0.006768,4.309325,-0.276748,-0.437435,3.774816,-0.510513,-0.338108,3.197401,-0.643563,-0.363012,3.530096,-0.688591,-0.396195,3.500612,35.389496,9.765604,-137.069153,108.602905,0.0,160,1,1,1,35.785934,5.553786,-0.968517,0.105180,-0.225638,0.102437,0.994453,0.023865,0.226897,0.000000,-0.973919,1
161,8.000222,1,1,1,1,0.987718,-0.110783,4.533773,0.019020,-0.007657,4.308456,-0.277140,-0.440681,3.774463,-0.512441,-0.354543,3.194164,-0.648195,-0.383067,3.526359,-0.691802,-0.416035,3.496219,35.389496,8.410415,-137.655441,111.614502,0.0,161,1,1,1,35.706207,4.339763,-0.968563,0.104857,-0.225591,0.102123,0.994487,0.023786,0.226842,0.000000,-0.973932,1
162,8.069189,1,1,1,1,0.986339,-0.111266,4.534355,0.018306,-0.010545,4.307010,-0.277321,-0.449958,3.775083,-0.515087,-0.396398,3.189700,-0.654419,-0.434715,3.518284,-0.694921,-0.467896,3.486889,35.389496,5.345077,-138.588318,117.331970,0.0,162,1,1,1,35.512390,1.398153,-0.968563,0.103666,-0.226139,0.100951,0.994612,0.023570,0.227364,0.000000,-0.973810,1
163,8.103673,1,1,1,1,0.985850,-0.111523,4.534627,0.018011,-0.011939,4.306409,-0.277060,-0.453654,3.775338,-0.515896,-0.414239,3.187885,-0.656089,-0.458871,3.514311,-0.695522,-0.490893,3.482535,35.389496,4.043026,-139.090088,119.822083,0.0,163,1,1,1,35.442154,0.131928,-0.968549,0.103030,-0.226492,0.100323,0.994678,0.023460,0.227704,-0.000000,-0.973731,1
164,8.172640,1,1,1,1,0.985015,-0.112280,4.534943,0.017252,-0.015324,4.305409,-0.274399,-0.461552,3.775657,-0.515562,-0.450699,3.185063,-0.657035,-0.512013,3.506195,-0.694215,-0.542995,3.473585,35.389496,1.229019,-140.344864,124.304871,0.0,164,1,1,1,35.368073,-2.394291,-0.968515,0.101278,-0.227425,0.098596,0.994858,0.023152,0.228601,0.000000,-0.973520,1
165,8.207124,1,1,1,1,0.984679,-0.112645,4.534983,0.016865,-0.016825,4.304995,-0.272929,-0.465146,3.775856,-0.514937,-0.465514,3.184025,-0.656926,-0.533635,3.502592,-0.693003,-0.564448,3.469662,35.389496,0.079257,-140.802216,126.198242,0.0,165,1,1,1,35.339417,-3.374396,-0.968503,0.100423,-0.227855,0.097754,0.994945,0.022998,0.229013,0.000000,-0.973423,1
166,8.276091,1,1,1,1,0.984014,-0.114570,4.534434,0.015806,-0.020577,4.304304,-0.269695,-0.472730,3.776161,-0.511085,-0.493989,3.182129,-0.652170,-0.575361,3.496665,-0.688317,-0.606501,3.462726,35.389496,-2.213251,-142.298553,129.427795,0.0,166,1,1,1,35.106720,-5.165080,-0.968531,0.098559,-0.228546,0.095925,0.995131,0.022635,0.229664,0.000000,-0.973270,1
167,8.310575,1,1,1,1,0.983734,-0.115791,4.534049,0.015332,-0.022241,4.304017,-0.268412,-0.475734,3.776237,-0.509045,-0.505100,3.181243,-0.649773,-0.591350,3.494222,-0.686087,-0.622608,3.459870,35.389496,-3.121819,-143.039841,130.760437,0.0,167,1,1,1,34.970581,-5.850972,-0.968553,0.097770,-0.228791,0.095151,0.995209,0.022477,0.229892,0.000000,-0.973216,1
168,8.379543,1,1,1,1,0.983204,-0.118963,4.533097,0.014420,-0.025816,4.303540,-0.266013,-0.480841,3.776002,-0.504539,-0.523766,3.179326,-0.644688,-0.619513,3.489953,-0.681500,-0.649994,3.455200,35.071487,-4.811613,-145.480957,132.980499,0.0,168,1,1,1,34.662048,-6.987309,-0.968635,0.096423,-0.229018,0.093836,0.995341,0.022186,0.230090,0.000000,-0.973169,1
169,8.414026,1,1,1,1,0.982996,-0.120345,4.532668,0.014075,-0.027287,4.303342,-0.265084,-0.482670,3.775799,-0.502834,-0.530511,3.178433,-0.642729,-0.630119,3.488085,-0.679739,-0.660035,3.453247,34.940109,-5.456987,-146.707748,133.890991,0.0,169,1,1,1,34.545471,-7.395621,-0.968677,0.095890,-0.229066,0.093316,0.995392,0.022067,0.230126,-0.000000,-0.973161,1
170,8.482994,1,1,1,1,0.982612,-0.123616,4.531820,0.013491,-0.030235,4.303012,-0.263546,-0.485518,3.775099,-0.501217,-0.540482,3.176804,-0.640004,-0.646919,3.484817,-0.677167,-0.675492,3.450115,34.940109,-6.564613,-149.872482,135.405823,0.0,170,1,1,1,34.457245,-7.990765,-0.968769,0.095155,-0.228982,0.092603,0.995463,0.021888,0.230026,-0.000000,-0.973185,1
171,8.517477,1,1,1,1,0.982455,-0.125061,4.531441,0.013269,-0.031438,4.302875,-0.263017,-0.486620,3.774764,-0.500853,-0.543864,3.176118,-0.639255,-0.652486,3.483470,-0.676372,-0.680531,3.448910,34.940109,-6.968172,-151.211761,136.027100,0.0,171,1,1,1,34.440689,-8.180419,-0.968810,0.094910,-0.228910,0.092366,0.995486,0.021824,0.229948,0.000000,-0.973203,1
172,8.551961,1,1,1,1,0.982307,-0.126585,4.531078,0.013075,-0.032600,4.302754,-0.262593,-0.487582,3.774406,-0.500671,-0.546309,3.175461,-0.638899,-0.656441,3.482310,-0.675833,-0.683990,3.447982,34.814133,-7.301629,-152.444092,136.574524,0.0,172,1,1,1,34.435699,-8.303265,-0.968848,0.094760,-0.228811,0.092223,0.995500,0.021780,0.229845,-0.000000,-0.973227,1
173,8.620929,1,1,1,1,0.981985,-0.130044,4.530471,0.012755,-0.034959,4.302552,-0.262379,-0.489086,3.773628,-0.501310,-0.549724,3.174288,-0.639115,-0.661211,3.480412,-0.675351,-0.687927,3.446769,34.814133,-7.813138,-154.447235,137.483276,0.0,173,1,1,1,34.463745,-8.471745,-0.968904,0.094850,-0.228537,0.092316,0.995492,0.021775,0.229572,0.000000,-0.973292,1
174,8.655412,1,1,1,1,0.981846,-0.131535,4.530229,0.012639,-0.035918,4.302469,-0.262383,-0.489592,3.773249,-0.501548,-0.550644,3.173729,-0.639312,-0.662298,3.479667,-0.675206,-0.689031,3.446312,34.814133,-7.987249,-155.009476,137.851868,0.0,174,1,1,1,34.465942,-8.510260,-0.968923,0.094968,-0.228408,0.092435,0.995480,0.021790,0.229445,0.000000,-0.973322,1
175,8.724380,1,1,1,1,0.981440,-0.134875,4.529525,0.012175,-0.038070,4.302330,-0.263253,-0.490333,3.772415,-0.504085,-0.551736,3.172856,-0.640412,-0.662716,3.478576,-0.675592,-0.689269,3.445966,34.814133,-8.238443,-155.525528,138.438477,0.0,175,1,1,1,34.575409,-8.561875,-0.968957,0.095498,-0.228039,0.092958,0.995430,0.021877,0.229086,0.000000,-0.973406,1
176,8.758863,1,1,1,1,0.981247,-0.136279,4.529126,0.011916,-0.039018,4.302272,-0.263670,-0.490596,3.771985,-0.505304,-0.552093,3.172459,-0.640975,-0.662579,3.478159,-0.675891,-0.688945,3.445928,34.814133,-8.238443,-155.686813,138.673340,0.0,176,1,1,1,34.629013,-8.581251,-0.968977,0.095773,-0.227842,0.093230,0.995403,0.021922,0.228894,0.000000,-0.973451,1
177,8.827831,1,1,1,1,0.980741,-0.139636,4.527943,0.011149,-0.041155,4.302176,-0.264467,-0.491596,3.771124,-0.507870,-0.552618,3.171769,-0.642386,-0.661148,3.477679,-0.676762,-0.687315,3.446267,34.814133,-8.238443,-155.686813,139.046021,0.0,177,1,1,1,34.742279,-8.570139,-0.969047,0.096552,-0.227212,0.094002,0.995328,0.022041,0.228278,-0.000000,-0.973596,1
178,8.862315,1,1,1,1,0.980513,-0.141099,4.527328,0.010795,-0.042051,4.302135,-0.264752,-0.492189,3.770771,-0.508868,-0.552803,3.171504,-0.642989,-0.660328,3.477535,-0.677148,-0.686490,3.446494,34.814133,-8.238443,-155.686813,139.194519,0.0,178,1,1,1,34.784790,-8.548953,-0.969087,0.096940,-0.226876,0.094388,0.995290,0.022098,0.227950,-0.000000,-0.973673,1
179,8.931282,1,1,1,1,0.980006,-0.144400,4.525843,0.009995,-0.043817,4.302069,-0.265189,-0.493822,3.770226,-0.510517,-0.552964,3.171114,-0.644162,-0.657423,3.477606,-0.678067,-0.682878,3.447479,34.814133,-8.238443,-155.686813,139.462402,0.0,179,1,1,1,34.838501,-8.456020,-0.969202,0.097987,-0.225936,0.095428,0.995188,0.022246,0.227028,0.000000,-0.973888,1
180,8.965766,1,1,1,1,0.979792,-0.145817,4.525123,0.009656,-0.044554,4.302041,-0.265357,-0.494635,3.770034,-0.510990,-0.552984,3.170955,-0.644567,-0.655333,3.477807,-0.678401,-0.680523,3.448134,34.814133,-8.238443,-155.686813,139.462402,0.0,180,1,1,1,34.839630,-8.402643,-0.969260,0.098496,-0.225463,0.095935,0.995137,0.022316,0.226565,0.000000,-0.973996,1
181,9.000249,1,1,1,1,0.979589,-0.147176,4.524399,0.009333,-0.045265,4.302017,-0.265684,-0.495610,3.769976,-0.511381,-0.552860,3.170876,-0.644972,-0.652098,3.478203,-0.678781,-0.677177,3.448993,34.814133,-8.238443,-155.686813,139.598022,0.0,181,1,1,1,34.818924,-8.321624,-0.969324,0.099027,-0.224954,0.096464,0.995085,0.022387,0.226065,0.000000,-0.974112,1
182,9.069217,1,1,1,1,0.979177,-0.149995,4.522885,0.008678,-0.046726,4.301976,-0.267278,-0.498188,3.770450,-0.513797,-0.552463,3.171397,-0.648518,-0.643919,3.479059,-0.681741,-0.668667,3.450876,34.814133,-8.238443,-154.802704,139.921051,0.0,182,1,1,1,34.830612,-8.099099,-0.969482,0.100245,-0.223732,0.097677,0.994963,0.022541,0.224865,-0.000000,-0.974390,1
183,9.103701,1,1,1,1,0.978960,-0.151280,4.522215,0.008386,-0.047353,4.301960,-0.268389,-0.499574,3.770933,-0.515106,-0.552229,3.171862,-0.650704,-0.640081,3.479452,-0.683466,-0.664727,3.451778,34.814133,-8.238443,-154.238892,140.078522,0.0,183,1,1,1,34.821289,-7.974048,-0.969555,0.100817,-0.223159,0.098248,0.994905,0.022613,0.224302,0.000000,-0.974520,1
184,9.172668,1,1,1,1,0.977727,-0.153848,4.520219,0.007553,-0.048914,4.299983,-0.272452,-0.503619,3.771013,-0.518028,-0.550636,3.171498,-0.656898,-0.627161,3.480338,-0.687760,-0.655077,3.453604,34.814133,-7.918314,-150.384460,140.078522,0.0,184,1,1,1,34.696472,-7.506122,-0.969631,0.102007,-0.222283,0.099427,0.994784,0.022793,0.223448,0.000000,-0.974716,1
185,9.207152,1,1,1,1,0.977136,-0.154851,4.519478,0.007121,-0.049709,4.299163,-0.274518,-0.505709,3.771401,-0.519438,-0.550013,3.171621,-0.659634,-0.621723,3.480730,-0.689579,-0.651089,3.454458,34.814133,-7.758266,-148.544067,140.078522,0.0,185,1,1,1,34.632751,-7.277516,-0.969653,0.102499,-0.221962,0.099915,0.994733,0.022871,0.223137,0.000000,-0.974787,1
186,9.276119,1,1,1,1,0.975725,-0.156555,4.518680,0.006069,-0.051579,4.297797,-0.278945,-0.510686,3.773018,-0.522612,-0.548894,3.172647,-0.666067,-0.611967,3.481439,-0.693805,-0.644150,3.456152,34.814133,-7.319221,-144.346542,140.078522,0.0,186,1,1,1,34.534180,-6.753908,-0.969649,0.103221,-0.221646,0.100625,0.994658,0.023001,0.222837,0.000000,-0.974856,1
187,9.310603,1,1,1,1,0.975107,-0.157185,4.518440,0.005601,-0.052365,4.297230,-0.280661,-0.512861,3.773894,-0.524103,-0.548409,3.173296,-0.669054,-0.608464,3.481702,-0.695822,-0.641648,3.456869,34.814133,-7.120976,-142.658920,140.078522,0.0,187,1,1,1,34.523392,-6.525489,-0.969637,0.103475,-0.221580,0.100875,0.994632,0.023052,0.222776,0.000000,-0.974870,1
188,9.379570,1,1,1,1,0.973690,-0.158240,4.518206,0.004418,-0.054009,4.296286,-0.283851,-0.517820,3.776139,-0.528250,-0.547800,3.175373,-0.675791,-0.603296,3.482366,-0.700753,-0.637974,3.458390,34.814133,-6.652082,-139.484375,139.653351,0.0,188,1,1,1,34.644318,-6.048334,-0.969587,0.103702,-0.221692,0.101093,0.994608,0.023114,0.222894,0.000000,-0.974843,1
189,9.414054,1,1,1,1,0.973046,-0.158632,4.518071,0.003812,-0.054749,4.295894,-0.285197,-0.520082,3.777291,-0.530397,-0.547754,3.176540,-0.678759,-0.601606,3.482716,-0.703097,-0.636758,3.459095,34.814133,-6.452140,-138.282578,139.411133,0.0,189,1,1,1,34.732864,-5.851556,-0.969564,0.103734,-0.221776,0.101122,0.994605,0.023131,0.222979,-0.000000,-0.974823,1
190,9.483021,1,1,1,1,0.971593,-0.159249,4.517591,0.002236,-0.056356,4.295242,-0.288171,-0.525221,3.780048,-0.535929,-0.548429,3.179613,-0.684996,-0.600184,3.483950,-0.708631,-0.635656,3.460900,34.814133,-6.022357,-136.289673,138.778870,0.0,190,1,1,1,34.997498,-5.468970,-0.969549,0.103494,-0.221954,0.100884,0.994630,0.023095,0.223152,0.000000,-0.974784,1
191,9.517505,1,1,1,1,0.970950,-0.159453,4.517214,0.001443,-0.057099,4.294971,-0.289397,-0.527559,3.781389,-0.538394,-0.548831,3.181159,-0.687612,-0.599936,3.484634,-0.711074,-0.635448,3.461809,34.814133,-5.842350,-135.570160,138.470886,0.0,191,1,1,1,35.123535,-5.301642,-0.969557,0.103315,-0.222003,0.100709,0.994649,0.023060,0.223197,0.000000,-0.974773,1
192,9.551989,1,1,1,1,0.970288,-0.159592,4.516665,0.000533,-0.057919,4.294732,-0.290538,-0.529923,3.782702,-0.540825,-0.549049,3.182717,-0.690185,-0.599946,3.485408,-0.713551,-0.635428,3.462770,34.814133,-5.660299,-134.965790,138.158264,0.0,192,1,1,1,35.253006,-5.113455,-0.969587,0.103055,-0.221992,0.100455,0.994676,0.023000,0.223180,0.000000,-0.974777,1
193,9.620956,1,1,1,1,0.968920,-0.159648,4.515005,-0.001584,-0.059752,4.294333,-0.292485,-0.534646,3.785162,-0.546968,-0.547655,3.186099,-0.695787,-0.600534,3.487451,-0.720875,-0.635429,3.464572,35.179092,-5.185019,-134.295273,137.620636,0.0,193,1,1,1,35.649002,-4.573061,-0.969778,0.102126,-0.221589,0.099560,0.994772,0.022749,0.222754,-0.000000,-0.974875,1
194,9.655440,1,1,1,1,0.968382,-0.159597,4.514173,-0.002456,-0.060517,4.294168,-0.293154,-0.536505,3.786217,-0.549595,-0.546598,3.187658,-0.698013,-0.600187,3.488556,-0.723883,-0.635452,3.465460,35.342072,-4.967418,-134.077835,137.402008,0.0,194,1,1,1,35.831650,-4.313786,-0.969889,0.101638,-0.221326,0.099090,0.994822,0.022612,0.222478,0.000000,-0.974938,1
195,9.724407,1,1,1,1,0.967463,-0.159360,4.512468,-0.004013,-0.061960,4.293892,-0.294149,-0.539375,3.787882,-0.554244,-0.540785,3.190420,-0.701885,-0.596642,3.491313,-0.729894,-0.631593,3.467739,35.708481,-4.340421,-134.077835,137.132904,0.0,195,1,1,1,36.180267,-3.533100,-0.970209,0.100387,-0.220492,0.097891,0.994949,0.022247,0.221611,0.000000,-0.975135,1
196,9.758891,1,1,1,1,0.967131,-0.159255,4.511713,-0.004586,-0.062528,4.293777,-0.294408,-0.540177,3.788438,-0.556004,-0.537303,3.191513,-0.703916,-0.594789,3.492491,-0.732710,-0.629675,3.468652,35.862793,-4.042305,-134.077835,137.132904,0.0,196,1,1,1,36.326294,-3.146825,-0.970366,0.099799,-0.220068,0.097328,0.995008,0.022073,0.221173,0.000000,-0.975235,1
197,9.827859,1,1,1,1,0.966623,-0.159043,4.510344,-0.005490,-0.063515,4.293587,-0.294529,-0.540149,3.788631,-0.560509,-0.527351,3.193224,-0.710704,-0.589699,3.494137,-0.740456,-0.624979,3.469512,36.247757,-3.264153,-133.748367,137.132904,0.0,197,1,1,1,36.743423,-2.262224,-0.970721,0.098539,-0.219068,0.096121,0.995133,0.021692,0.220139,0.000000,-0.975469,1
198,9.862342,1,1,1,1,0.966447,-0.158963,4.509758,-0.005807,-0.063881,4.293508,-0.294521,-0.539798,3.788520,-0.563050,-0.522859,3.194010,-0.714154,-0.587372,3.494720,-0.744122,-0.622984,3.469688,36.430847,-2.922797,-133.508362,137.132904,0.0,198,1,1,1,36.980835,-1.897401,-0.970882,0.097983,-0.218603,0.095590,0.995188,0.021523,0.219660,-0.000000,-0.975576,1
199,9.931310,1,1,1,1,0.966205,-0.158807,4.508754,-0.006265,-0.064478,4.293376,-0.294407,-0.537648,3.787458,-0.569326,-0.512900,3.195231,-0.722112,-0.581178,3.495658,-0.751823,-0.615974,3.470206,36.928085,-2.178494,-132.723755,137.132904,0.0,199,1,1,1,37.568314,-1.220148,-0.971208,0.096904,-0.217632,0.094559,0.995294,0.021189,0.218661,-0.000000,-0.975801,1
200,9.965793,1,1,1,1,0.966132,-0.158748,4.508334,-0.006411,-0.064697,4.293322,-0.294443,-0.536485,3.786823,-0.571932,-0.508726,3.195675,-0.725430,-0.578245,3.496062,-0.754886,-0.612327,3.470547,37.147491,-1.873701,-132.371048,137.132904,0.0,200,1,1,1,37.806549,-0.958136,-0.971350,0.096446,-0.217202,0.094121,0.995338,0.021046,0.218219,0.000000,-0.975900,1
201,10.000277,1,1,1,1,0.966102,-0.158734,4.507941,-0.006507,-0.064901,4.293274,-0.294618,-0.535149,3.786091,-0.574439,-0.504748,3.195999,-0.728634,-0.575245,3.496416,-0.757735,-0.608351,3.470949,37.366180,-1.587506,-132.024307,137.132904,0.0,201,1,1,1,38.023117,-0.727832,-0.971485,0.096026,-0.216786,0.093721,0.995379,0.020914,0.217793,0.000000,-0.975995,1
202,10.069245,1,1,1,1,0.966242,-0.159059,4.507182,-0.006489,-0.065404,4.293193,-0.295373,-0.531846,3.784256,-0.578983,-0.496148,3.196167,-0.734729,-0.569033,3.496916,-0.763082,-0.599293,3.471797,37.810455,-1.009102,-131.458893,137.396729,0.0,202,1,1,1,38.382462,-0.264378,-0.971741,0.095324,-0.215947,0.093054,0.995446,0.020679,0.216934,-0.000000,-0.976186,1
203,10.103728,1,1,1,1,0.966353,-0.159320,4.506810,-0.006436,-0.065637,4.293160,-0.295823,-0.530377,3.783364,-0.580804,-0.492623,3.196152,-0.737117,-0.566589,3.497084,-0.765172,-0.595576,3.472163,37.986359,-0.777896,-131.277618,137.546570,0.0,203,1,1,1,38.514801,-0.083377,-0.971850,0.095059,-0.215570,0.092803,0.995472,0.020585,0.216551,0.000000,-0.976271,1
204,10.172696,1,1,1,1,0.967152,-0.160454,4.506962,-0.006174,-0.066285,4.295053,-0.297104,-0.527596,3.783545,-0.584706,-0.486310,3.198034,-0.741323,-0.561012,3.497902,-0.768848,-0.588467,3.473357,38.317535,-0.341101,-130.927765,137.961212,0.0,204,1,1,1,38.743942,0.221305,-0.972121,0.094784,-0.214468,0.092558,0.995498,0.020420,0.215438,0.000000,-0.976518,1
205,10.207179,1,1,1,1,0.967459,-0.161000,4.506977,-0.006054,-0.066596,4.295838,-0.297563,-0.526390,3.783474,-0.586036,-0.483723,3.198684,-0.742835,-0.558572,3.498360,-0.770166,-0.585710,3.473962,38.317535,-0.170741,-130.776123,138.166748,0.0,205,1,1,1,38.816956,0.341002,-0.972249,0.094714,-0.213920,0.092502,0.995504,0.020353,0.214886,0.000000,-0.976639,1
206,10.276147,1,1,1,1,0.967996,-0.162477,4.506794,-0.005821,-0.067452,4.297146,-0.298365,-0.524066,3.782913,-0.587705,-0.478629,3.199294,-0.745075,-0.553291,3.499365,-0.772098,-0.580426,3.475185,38.560501,0.157952,-130.420395,138.598999,0.0,206,1,1,1,38.873337,0.581169,-0.972523,0.094787,-0.212635,0.092600,0.995498,0.020246,0.213597,0.000000,-0.976922,1
207,10.310631,1,1,1,1,0.968188,-0.163185,4.506663,-0.005741,-0.067865,4.297689,-0.298699,-0.523148,3.782578,-0.588066,-0.476530,3.199398,-0.745777,-0.551109,3.499816,-0.772739,-0.578308,3.475710,38.560501,0.289612,-130.281418,138.792877,0.0,207,1,1,1,38.865295,0.685091,-0.972647,0.094862,-0.212034,0.092685,0.995490,0.020205,0.212995,0.000000,-0.977053,1
208,10.379598,1,1,1,1,0.968478,-0.164770,4.506288,-0.005662,-0.069028,4.298593,-0.299268,-0.521572,3.781622,-0.588033,-0.472893,3.199038,-0.746709,-0.547026,3.500440,-0.773851,-0.574469,3.476320,38.560501,0.542959,-130.281418,139.161743,0.0,208,1,1,1,38.779068,0.869167,-0.972907,0.095101,-0.210731,0.092946,0.995468,0.020132,0.211690,-0.000000,-0.977337,1
209,10.414082,1,1,1,1,0.968578,-0.165431,4.506105,-0.005644,-0.069576,4.298968,-0.299466,-0.520903,3.781095,-0.588122,-0.471602,3.198775,-0.747349,-0.545521,3.500577,-0.774582,-0.573026,3.476414,38.560501,0.542959,-130.139389,139.323669,0.0,209,1,1,1,38.750687,0.923765,-0.973024,0.095212,-0.210142,0.093066,0.995457,0.020099,0.211101,0.000000,-0.977464,1
210,10.483049,1,1,1,1,0.968731,-0.166719,4.505670,-0.005663,-0.070840,4.299593,-0.300256,-0.520020,3.780118,-0.590760,-0.469921,3.198737,-0.751397,-0.543064,3.500210,-0.778586,-0.570593,3.475876,38.560501,0.542959,-129.662430,139.640778,0.0,210,1,1,1,38.866577,0.978906,-0.973268,0.095391,-0.208924,0.093266,0.995440,0.020021,0.209881,0.000000,-0.977727,1
211,10.517533,1,1,1,1,0.968784,-0.167261,4.505460,-0.005683,-0.071408,4.299852,-0.300638,-0.519740,3.779680,-0.593113,-0.469405,3.199016,-0.754826,-0.541908,3.499712,-0.781612,-0.569141,3.475394,38.560501,0.542959,-129.346054,139.784912,0.0,211,1,1,1,39.019073,0.984286,-0.973378,0.095456,-0.208382,0.093341,0.995434,0.019983,0.209338,0.000000,-0.977844,1
212,10.552017,1,1,1,1,0.968837,-0.167832,4.505279,-0.005683,-0.072004,4.300082,-0.301185,-0.519583,3.779320,-0.597309,-0.468892,3.199828,-0.760804,-0.539734,3.498834,-0.786457,-0.566622,3.474744,38.750732,0.542959,-128.771744,139.924927,0.0,212,1,1,1,39.322159,0.986973,-0.973484,0.095508,-0.207861,0.093402,0.995429,0.019944,0.208816,0.000000,-0.977955,1
213,10.620984,1,1,1,1,0.968970,-0.169184,4.505155,-0.005524,-0.073178,4.300464,-0.302520,-0.517741,3.778088,-0.606395,-0.450748,3.202335,-0.771564,-0.512407,3.499507,-0.798242,-0.540341,3.475669,39.351257,1.331951,-127.231186,140.254181,0.0,213,1,1,1,40.124481,2.347855,-0.973673,0.095643,-0.206915,0.093554,0.995416,0.019881,0.207868,0.000000,-0.978157,1
214,10.655468,1,1,1,1,0.969024,-0.169805,4.505131,-0.005439,-0.073624,4.300622,-0.303173,-0.516736,3.777458,-0.608922,-0.440290,3.203432,-0.774234,-0.497676,3.500401,-0.802402,-0.526179,3.476526,39.607758,1.787778,-126.671021,140.423096,0.0,214,1,1,1,40.378235,3.156990,-0.973748,0.095723,-0.206523,0.093640,0.995408,0.019860,0.207476,0.000000,-0.978240,1
215,10.724435,1,1,1,1,0.969075,-0.171692,4.505073,-0.005262,-0.074367,4.300886,-0.304488,-0.513382,3.775658,-0.609615,-0.412133,3.204978,-0.772674,-0.457361,3.503731,-0.806210,-0.487002,3.479494,40.037659,3.331253,-126.169189,140.969696,0.0,215,1,1,1,40.591187,5.318627,-0.973850,0.096183,-0.205827,0.094105,0.995364,0.019889,0.206786,0.000000,-0.978386,1
216,10.758919,1,1,1,1,0.969071,-0.172675,4.505006,-0.005210,-0.074639,4.300995,-0.305017,-0.511927,3.774784,-0.609574,-0.399311,3.205794,-0.771994,-0.437221,3.505160,-0.806764,-0.468219,3.481122,40.197205,4.075337,-125.886520,141.249207,0.0,216,1,1,1,40.676468,6.310417,-0.973884,0.096473,-0.205532,0.094394,0.995336,0.019921,0.206495,-0.000000,-0.978448,1
217,10.827886,1,1,1,1,0.968953,-0.175721,4.504644,-0.005186,-0.075111,4.301178,-0.309542,-0.506373,3.772907,-0.610386,-0.355799,3.209548,-0.772594,-0.368386,3.506174,-0.810546,-0.405959,3.483413,40.482620,6.503637,-124.365250,141.734558,0.0,217,1,1,1,40.850113,9.630312,-0.973894,0.097673,-0.204916,0.095581,0.995219,0.020111,0.205901,0.000000,-0.978573,1
218,10.862370,1,1,1,1,0.968885,-0.177114,4.504433,-0.005193,-0.075286,4.301253,-0.312501,-0.503331,3.772065,-0.610864,-0.335164,3.211690,-0.773293,-0.336514,3.506135,-0.812378,-0.376145,3.484141,40.482620,7.671002,-123.565140,141.924500,0.0,218,1,1,1,40.892273,11.177530,-0.973887,0.098328,-0.204634,0.096226,0.995154,0.020219,0.205630,0.000000,-0.978630,1
219,10.931337,1,1,1,1,0.968300,-0.180197,4.502942,-0.005228,-0.075555,4.299431,-0.320378,-0.496339,3.768728,-0.608043,-0.278405,3.217682,-0.767572,-0.251716,3.505251,-0.806019,-0.297103,3.487556,40.482620,11.143572,-121.312073,141.658630,0.0,219,1,1,1,40.800079,15.614764,-0.973769,0.100168,-0.204304,0.098034,0.994971,0.020568,0.205336,0.000000,-0.978692,1
220,10.965821,1,1,1,1,0.968085,-0.181514,4.502282,-0.005252,-0.075675,4.298675,-0.324936,-0.494032,3.767885,-0.604258,-0.251491,3.221868,-0.760864,-0.215865,3.505865,-0.799069,-0.262460,3.490269,40.482620,12.822688,-120.407471,141.338623,0.0,220,1,1,1,40.536850,17.866415,-0.973700,0.101066,-0.204193,0.098914,0.994880,0.020743,0.205244,0.000000,-0.978711,1
221,11.000305,1,1,1,1,0.967364,-0.182736,4.500539,-0.005381,-0.075751,4.295938,-0.330248,-0.492255,3.765587,-0.596711,-0.223710,3.224853,-0.750242,-0.181211,3.507327,-0.788585,-0.228404,3.493741,40.346512,14.696288,-119.669754,140.780029,0.0,221,1,1,1,39.937683,20.324205,-0.973586,0.102008,-0.204266,0.099834,0.994784,0.020946,0.205337,-0.000000,-0.978691,1
222,11.069272,1,1,1,1,0.966136,-0.185487,4.497153,-0.005929,-0.076003,4.291379,-0.344589,-0.491392,3.764617,-0.575431,-0.163951,3.238227,-0.720085,-0.104318,3.512652,-0.757870,-0.151635,3.503354,39.361542,19.673100,-118.158691,138.059692,0.0,222,1,1,1,38.093307,26.081232,-0.973256,0.104201,-0.204730,0.101969,0.994556,0.021450,0.205850,-0.000000,-0.978584,1
223,11.103756,1,1,1,1,0.965160,-0.186587,4.494533,-0.006251,-0.076034,4.287420,-0.350036,-0.490552,3.762177,-0.564390,-0.140213,3.242474,-0.706292,-0.072192,3.515196,-0.743661,-0.119755,3.507951,38.814178,21.852543,-117.478729,136.447144,0.0,223,1,1,1,37.169998,28.399151,-0.973063,0.105218,-0.205128,0.102955,0.994449,0.021704,0.206273,0.000000,-0.978494,1
224,11.172723,1,1,1,1,0.963381,-0.189031,4.489359,-0.007435,-0.076264,4.280824,-0.360528,-0.488164,3.758434,-0.540826,-0.094838,3.253931,-0.676936,-0.004098,3.520293,-0.712767,-0.052441,3.517395,37.228760,26.674982,-115.297714,131.231476,0.0,224,1,1,1,35.187393,32.884346,-0.972601,0.107442,-0.206163,0.105107,0.994211,0.022280,0.207364,0.000000,-0.978264,1
225,11.207207,1,1,1,1,0.962570,-0.190106,4.487026,-0.008124,-0.076471,4.278087,-0.364560,-0.486722,3.756701,-0.530962,-0.076417,3.259598,-0.664908,0.023889,3.522641,-0.700079,-0.025064,3.521798,36.516968,28.681053,-114.206635,128.457977,0.0,225,1,1,1,34.378845,34.706886,-0.972393,0.108434,-0.206623,0.106066,0.994104,0.022538,0.207849,0.000000,-0.978161,1
226,11.276175,1,1,1,1,0.960449,-0.192360,4.482264,-0.010399,-0.077040,4.273529,-0.371554,-0.482077,3.752743,-0.511406,-0.041441,3.271227,-0.639729,0.077489,3.528719,-0.673891,0.026703,3.531765,34.880447,32.791843,-111.398956,121.331757,0.0,226,1,1,1,32.773315,38.084793,-0.972031,0.110453,-0.207258,0.108025,0.993881,0.023033,0.208534,-0.000000,-0.978015,1
227,11.310658,1,1,1,1,0.959524,-0.193350,4.480231,-0.011378,-0.077301,4.271637,-0.374218,-0.479673,3.750807,-0.503564,-0.026938,3.276788,-0.629451,0.099209,3.531648,-0.663416,0.047520,3.536447,34.200241,34.462746,-110.134689,117.835083,0.0,227,1,1,1,32.157013,39.481796,-0.971883,0.111343,-0.207476,0.108889,0.993782,0.023246,0.208774,0.000000,-0.977964,1
228,11.379626,1,1,1,1,0.957726,-0.195472,4.476654,-0.013254,-0.077882,4.268487,-0.380830,-0.473757,3.747356,-0.489187,-0.001004,3.287512,-0.608662,0.141570,3.538158,-0.642306,0.086934,3.546645,32.701584,37.739124,-107.224854,110.053009,0.0,228,1,1,1,30.771957,41.957703,-0.971629,0.113166,-0.207680,0.110666,0.993576,0.023654,0.209022,0.000000,-0.977911,1
229,11.414109,1,1,1,1,0.957034,-0.196334,4.475135,-0.013972,-0.078125,4.267180,-0.384089,-0.471333,3.746066,-0.483760,0.008315,3.292192,-0.600290,0.157936,3.541313,-0.633886,0.102054,3.551446,32.066223,39.027905,-105.988770,106.440582,0.0,229,1,1,1,30.157700,42.899269,-0.971526,0.113964,-0.207722,0.111445,0.993485,0.023828,0.209085,0.000000,-0.977898,1
230,11.483077,1,1,1,1,0.955759,-0.197869,4.472431,-0.015330,-0.078633,4.265003,-0.392206,-0.466951,3.744662,-0.474609,0.023698,3.301454,-0.585601,0.187203,3.548155,-0.619424,0.128904,3.561277,30.635254,41.437935,-103.374298,99.127167,0.0,230,1,1,1,28.792770,44.541027,-0.971365,0.115498,-0.207629,0.112947,0.993308,0.024142,0.209028,0.000000,-0.977910,1
231,11.517561,1,1,1,1,0.955157,-0.198425,4.471183,-0.016020,-0.078894,4.264100,-0.395948,-0.465303,3.744268,-0.471370,0.029547,3.305777,-0.580241,0.198077,3.551466,-0.614241,0.138928,3.565817,30.033859,42.380707,-102.308105,95.853241,0.0,231,1,1,1,28.227371,45.212608,-0.971309,0.116133,-0.207537,0.113570,0.993234,0.024266,0.208951,-0.000000,-0.977926,1
232,11.552044,1,1,1,1,0.954487,-0.198901,4.470040,-0.016783,-0.079227,4.263301,-0.399865,-0.463551,3.744003,-0.468884,0.035153,3.310024,-0.575841,0.207507,3.554891,-0.610140,0.147809,3.570250,29.450577,43.244759,-101.319000,92.734253,0.0,232,1,1,1,27.698471,45.840275,-0.971271,0.116690,-0.207404,0.114117,0.993168,0.024369,0.208831,0.000000,-0.977952,1
233,11.621012,1,1,1,1,0.952725,-0.199727,4.468399,-0.018574,-0.080000,4.261971,-0.407607,-0.459239,3.743397,-0.465605,0.045362,3.317321,-0.569719,0.222358,3.562726,-0.604543,0.162049,3.579395,28.267975,44.837688,-99.638367,86.857666,0.0,233,1,1,1,26.745285,46.888702,-0.971228,0.117570,-0.207109,0.114984,0.993065,0.024520,0.208555,0.000000,-0.978011,1
234,11.655495,1,1,1,1,0.951868,-0.200135,4.467873,-0.019362,-0.080324,4.261419,-0.410571,-0.457387,3.743059,-0.464500,0.049031,3.320186,-0.567748,0.227296,3.566512,-0.602619,0.166794,3.583647,27.798706,45.445877,-99.048889,84.305695,0.0,234,1,1,1,26.389084,47.272808,-0.971208,0.117922,-0.207001,0.115332,0.993023,0.024581,0.208455,0.000000,-0.978032,1
235,11.724463,1,1,1,1,0.949619,-0.201130,4.467794,-0.021141,-0.080930,4.260499,-0.415378,-0.453563,3.742002,-0.462773,0.054069,3.323660,-0.565636,0.233198,3.574312,-0.600157,0.172043,3.591991,26.917542,46.454727,-98.391907,79.674683,0.0,235,1,1,1,25.782974,47.753674,-0.971107,0.118590,-0.207093,0.115982,0.992943,0.024734,0.208565,0.000000,-0.978009,1
236,11.758947,1,1,1,1,0.948514,-0.201570,4.468023,-0.021961,-0.081154,4.260118,-0.417118,-0.452014,3.741430,-0.462137,0.055648,3.324746,-0.565107,0.234822,3.577827,-0.599470,0.173263,3.595689,26.578934,46.816933,-98.242126,77.699738,0.0,236,1,1,1,25.561829,47.904930,-0.971042,0.118884,-0.207229,0.116266,0.992908,0.024812,0.208709,-0.000000,-0.977978,1
237,11.827914,1,1,1,1,0.946007,-0.202494,4.469411,-0.023613,-0.081522,4.259483,-0.420140,-0.448439,3.739977,-0.462424,0.058941,3.325869,-0.567174,0.236896,3.583925,-0.601615,0.174407,3.601793,26.052368,47.375069,-98.242126,74.185974,0.0,237,1,1,1,25.374374,48.093719,-0.970789,0.119513,-0.208051,0.116859,0.992833,0.025044,0.209553,0.000000,-0.977797,1
238,11.862398,1,1,1,1,0.944974,-0.202969,4.470192,-0.024256,-0.081698,4.259219,-0.421191,-0.446847,3.739203,-0.463528,0.060473,3.326226,-0.569678,0.237715,3.586278,-0.604310,0.174835,3.604032,25.904099,47.569130,-98.242126,72.684082,0.0,238,1,1,1,25.458725,48.152050,-0.970649,0.119805,-0.208537,0.117132,0.992797,0.025165,0.210050,0.000000,-0.977691,1
239,11.931365,1,1,1,1,0.942952,-0.204307,4.471762,-0.025573,-0.082083,4.258780,-0.425697,-0.444133,3.738664,-0.473057,0.063705,3.328241,-0.585343,0.239128,3.589149,-0.620740,0.175577,3.606058,25.904099,47.848148,-98.242126,69.818817,0.0,239,1,1,1,26.299988,48.207413,-0.970267,0.120540,-0.209886,0.117815,0.992708,0.025486,0.211427,0.000000,-0.977394,1
240,11.965849,1,1,1,1,0.941984,-0.204888,4.472150,-0.026427,-0.082235,4.258598,-0.428864,-0.443251,3.738898,-0.479326,0.065017,3.329788,-0.594380,0.239521,3.590061,-0.630010,0.175892,3.606433,26.126709,47.848148,-98.242126,68.541748,0.0,240,1,1,1,26.795395,48.232002,-0.970092,0.120890,-0.210493,0.118141,0.992666,0.025634,0.212048,0.000000,-0.977259,1
241,12.000333,1,1,1,1,0.940494,-0.205364,4.471212,-0.027430,-0.082286,4.256369,-0.432494,-0.441818,3.737139,-0.486992,0.066569,3.329194,-0.605366,0.239841,3.590322,-0.641502,0.176448,3.605898,26.446457,47.848148,-98.242126,67.304718,0.0,241,1,1,1,27.406921,48.205002,-0.969890,0.121255,-0.211213,0.118478,0.992621,0.025801,0.212783,0.000000,-0.977099,1
242,12.069300,1,1,1,1,0.937595,-0.206274,4.468720,-0.030071,-0.082280,4.252655,-0.442689,-0.438438,3.735386,-0.511979,0.070362,3.330474,-0.638930,0.238265,3.589692,-0.675962,0.177700,3.602370,27.783279,47.848148,-97.822449,64.606964,0.0,242,1,1,1,29.504562,48.022236,-0.969466,0.122083,-0.212678,0.119247,0.992520,0.026160,0.214281,0.000000,-0.976772,1
243,12.103784,1,1,1,1,0.936379,-0.206611,4.467362,-0.031351,-0.082233,4.251114,-0.447369,-0.436923,3.734912,-0.523969,0.071845,3.331441,-0.655159,0.236512,3.589244,-0.692138,0.177911,3.600321,28.466965,47.848148,-97.588135,63.334381,0.0,243,1,1,1,30.520630,47.903965,-0.969289,0.122459,-0.213266,0.119598,0.992474,0.026314,0.214883,0.000000,-0.976640,1
244,12.172751,1,1,1,1,0.933905,-0.207241,4.463828,-0.034434,-0.082055,4.248548,-0.459826,-0.433489,3.735764,-0.555003,0.074696,3.335591,-0.697161,0.230711,3.588195,-0.733134,0.177585,3.595411,30.448715,47.848148,-96.782776,60.399475,0.0,244,1,1,1,33.000366,47.525295,-0.969056,0.123260,-0.213863,0.120364,0.992374,0.026563,0.215506,0.000000,-0.976502,1
245,12.207235,1,1,1,1,0.932922,-0.207556,4.462045,-0.035749,-0.082015,4.247483,-0.465502,-0.431725,3.736450,-0.569027,0.075994,3.337829,-0.715925,0.228207,3.587627,-0.751318,0.177423,3.593029,31.359299,47.719292,-96.377441,58.991394,0.0,245,1,1,1,34.094482,47.332226,-0.968986,0.123620,-0.213972,0.120712,0.992330,0.026656,0.215626,0.000000,-0.976476,1
246,12.276202,1,1,1,1,0.930247,-0.208065,4.455557,-0.038668,-0.081849,4.241813,-0.481352,-0.427658,3.736428,-0.600900,0.079283,3.341165,-0.757400,0.223334,3.587054,-0.791312,0.177102,3.589008,33.466125,47.387848,-95.421875,55.821655,0.0,246,1,1,1,36.178879,46.961079,-0.968908,0.124369,-0.213893,0.121445,0.992236,0.026810,0.215566,0.000000,-0.976489,1
247,12.310686,1,1,1,1,0.929262,-0.208295,4.452419,-0.039934,-0.081828,4.239460,-0.488890,-0.426308,3.737339,-0.615218,0.081231,3.344280,-0.774808,0.221452,3.587187,-0.808000,0.177019,3.587668,34.373444,47.387848,-94.978302,54.316681,0.0,247,1,1,1,37.098816,46.890320,-0.968901,0.124695,-0.213733,0.121767,0.992195,0.026861,0.215415,0.000000,-0.976523,1
248,12.379653,1,1,1,1,0.926782,-0.208359,4.443943,-0.042542,-0.081853,4.231644,-0.504126,-0.422776,3.736504,-0.644314,0.086172,3.348553,-0.812003,0.217991,3.588478,-0.842794,0.176964,3.586705,36.391617,47.119289,-94.043793,50.959503,0.0,248,1,1,1,38.990234,46.773491,-0.968931,0.125211,-0.213294,0.122283,0.992130,0.026919,0.214986,0.000000,-0.976617,1
249,12.414137,1,1,1,1,0.925865,-0.208357,4.440080,-0.043674,-0.081937,4.228402,-0.510297,-0.421143,3.736432,-0.656974,0.088592,3.351235,-0.827745,0.216721,3.589252,-0.857493,0.176985,3.586549,37.264725,47.119289,-93.631531,49.366119,0.0,249,1,1,1,39.887360,46.738197,-0.968967,0.125394,-0.213025,0.122470,0.992107,0.026925,0.214720,0.000000,-0.976676,1
250,12.483105,1,1,1,1,0.924051,-0.208231,4.432569,-0.046263,-0.082213,4.223000,-0.521939,-0.416311,3.736564,-0.682513,0.093523,3.356568,-0.859832,0.214944,3.592155,-0.887655,0.177316,3.587949,39.203949,46.859058,-92.727661,45.820038,0.0,250,1,1,1,41.700851,46.523991,-0.969176,0.125552,-0.211978,0.122653,0.992087,0.026827,0.213668,0.000000,-0.976906,1
251,12.517588,1,1,1,1,0.923255,-0.208055,4.429276,-0.047401,-0.082290,4.220759,-0.526752,-0.413880,3.736710,-0.692588,0.095393,3.358667,-0.872239,0.214502,3.593853,-0.899421,0.177571,3.589039,39.993088,46.859058,-92.368195,44.168396,0.0,251,1,1,1,42.363586,46.404083,-0.969299,0.125571,-0.211405,0.122687,0.992085,0.026758,0.213092,0.000000,-0.977032,1
252,12.552072,1,1,1,1,0.922352,-0.207638,4.426257,-0.048640,-0.082298,4.218778,-0.531369,-0.411112,3.736856,-0.701501,0.097052,3.360180,-0.883240,0.214344,3.595796,-0.909884,0.177938,3.590491,40.711060,46.709011,-92.064697,42.541504,0.0,252,1,1,1,42.867722,46.258297,-0.969446,0.125519,-0.210758,0.122654,0.992091,0.026665,0.212438,0.000000,-0.977175,1
253,12.621040,1,1,1,1,0.920160,-0.205958,4.421384,-0.051335,-0.082179,4.215477,-0.540193,-0.404875,3.737154,-0.716268,0.099960,3.361556,-0.902642,0.214609,3.600149,-0.928056,0.178852,3.594332,41.902710,46.368385,-91.709534,39.354401,0.0,253,1,1,1,43.436996,45.929810,-0.969832,0.124985,-0.209298,0.122172,0.992159,0.026366,0.210952,-0.000000,-0.977496,1
254,12.655523,1,1,1,1,0.919185,-0.205044,4.419557,-0.052430,-0.082120,4.214108,-0.543484,-0.402230,3.737197,-0.721442,0.101054,3.361740,-0.909974,0.214780,3.602093,-0.934851,0.179215,3.596128,42.321884,46.224873,-91.709534,37.958405,0.0,254,1,1,1,43.581055,45.793774,-0.970011,0.124645,-0.208667,0.121858,0.992201,0.026214,0.210307,0.000000,-0.977635,1
255,12.724491,1,1,1,1,0.917025,-0.202243,4.417362,-0.054578,-0.081985,4.211828,-0.548460,-0.397200,3.736741,-0.728424,0.103047,3.360744,-0.921571,0.215227,3.605696,-0.945529,0.179858,3.599614,42.888443,45.939365,-91.709534,35.455933,0.0,255,1,1,1,43.617920,45.571751,-0.970377,0.123353,-0.207732,0.120621,0.992363,0.025822,0.209331,0.000000,-0.977845,1
256,12.758974,1,1,1,1,0.916079,-0.200721,4.416604,-0.055522,-0.081927,4.210881,-0.550074,-0.395321,3.736358,-0.730475,0.103817,3.360010,-0.925480,0.215425,3.607259,-0.949153,0.180112,3.601132,43.061081,45.939365,-91.709534,34.406830,0.0,256,1,1,1,43.579681,45.503693,-0.970538,0.122627,-0.207407,0.119920,0.992453,0.025627,0.208984,0.000000,-0.977919,1
257,12.827942,1,1,1,1,0.913977,-0.196769,4.415646,-0.057705,-0.081737,4.209305,-0.552516,-0.392303,3.735253,-0.732426,0.105308,3.358024,-0.930546,0.215918,3.609880,-0.954019,0.180761,3.603616,43.061081,45.939365,-92.076111,32.706085,0.0,257,1,1,1,43.338425,45.478851,-0.970882,0.120413,-0.207098,0.117764,0.992724,0.025120,0.208616,0.000000,-0.977998,1
258,12.862426,1,1,1,1,0.913136,-0.195128,4.415303,-0.058585,-0.081659,4.208651,-0.553460,-0.391218,3.734756,-0.732956,0.106111,3.357231,-0.932116,0.216187,3.610962,-0.955575,0.181215,3.604606,43.061081,45.939365,-92.249664,32.031464,0.0,258,1,1,1,43.219788,45.506939,-0.971031,0.119315,-0.207031,0.116693,0.992856,0.024880,0.208521,0.000000,-0.978018,1
259,12.931393,1,1,1,1,0.911884,-0.192246,4.415348,-0.059711,-0.081624,4.207561,-0.555770,-0.389665,3.734442,-0.733359,0.106942,3.355880,-0.933280,0.217139,3.612835,-0.957132,0.182406,3.606221,43.061081,45.939365,-92.649323,31.100861,0.0,259,1,1,1,42.840866,45.582207,-0.971287,0.116790,-0.207271,0.114219,0.993157,0.024374,0.208699,-0.000000,-0.977980,1
260,12.965877,1,1,1,1,0.911685,-0.191251,4.415868,-0.059652,-0.081731,4.207109,-0.556887,-0.389202,3.734680,-0.733500,0.107081,3.355556,-0.933418,0.217745,3.613618,-0.957451,0.183041,3.606911,43.061081,45.939365,-92.809692,30.772705,0.0,260,1,1,1,42.658432,45.614353,-0.971370,0.115647,-0.207523,0.113095,0.993290,0.024162,0.208924,0.000000,-0.977932,1
261,13.000360,1,1,1,1,0.911810,-0.190531,4.416784,-0.059129,-0.081999,4.206710,-0.558366,-0.388941,3.735421,-0.733508,0.106889,3.355523,-0.932736,0.218494,3.614512,-0.957053,0.183718,3.607739,42.900436,45.939365,-92.963562,30.549835,0.0,261,1,1,1,42.417862,45.643829,-0.971411,0.114533,-0.207950,0.111995,0.993419,0.023975,0.209328,0.000000,-0.977846,1
262,13.069328,1,1,1,1,0.913003,-0.189722,4.418714,-0.057262,-0.082777,4.206044,-0.562204,-0.388727,3.738262,-0.732998,0.106075,3.356273,-0.928969,0.220791,3.616767,-0.953846,0.185429,3.610139,42.410660,45.939365,-93.309082,30.549835,0.0,262,1,1,1,41.780060,45.711731,-0.971357,0.112351,-0.209388,0.109828,0.993669,0.023675,0.210722,0.000000,-0.977546,1
263,13.103812,1,1,1,1,0.913698,-0.189497,4.419498,-0.056363,-0.083112,4.205768,-0.563847,-0.388653,3.739784,-0.732635,0.105756,3.356773,-0.926905,0.222011,3.617894,-0.951956,0.186327,3.611420,42.180405,45.939365,-93.458069,30.549835,0.0,263,1,1,1,41.488770,45.739323,-0.971308,0.111423,-0.210110,0.108904,0.993773,0.023558,0.211427,-0.000000,-0.977394,1
264,13.172779,1,1,1,1,0.914983,-0.189506,4.419691,-0.054411,-0.083726,4.203360,-0.567258,-0.388181,3.741348,-0.730517,0.105105,3.355668,-0.921649,0.224805,3.619756,-0.946934,0.188198,3.613803,41.546661,45.939365,-93.896637,31.097321,0.0,264,1,1,1,40.730652,45.780121,-0.971081,0.109813,-0.211998,0.107287,0.993952,0.023422,0.213288,-0.000000,-0.976989,1
265,13.207263,1,1,1,1,0.915554,-0.189672,4.419714,-0.053652,-0.084066,4.202361,-0.568998,-0.388096,3.742393,-0.729802,0.104903,3.355525,-0.919448,0.225945,3.620554,-0.944785,0.188925,3.614877,41.260498,45.939365,-94.096954,31.422241,0.0,265,1,1,1,40.400940,45.805077,-0.970959,0.109166,-0.212886,0.106633,0.994024,0.023380,0.214166,-0.000000,-0.976797,1
266,13.276230,1,1,1,1,0.916994,-0.190369,4.419445,-0.052105,-0.084970,4.200696,-0.572631,-0.388084,3.745136,-0.727803,0.104354,3.355720,-0.914890,0.228020,3.622006,-0.940064,0.189910,3.617063,40.560776,45.939365,-94.571960,32.353424,0.0,266,1,1,1,39.659805,45.858593,-0.970689,0.108097,-0.214657,0.105547,0.994140,0.023341,0.215923,0.000000,-0.976411,1
267,13.310714,1,1,1,1,0.917721,-0.190615,4.419357,-0.051329,-0.085248,4.200006,-0.573827,-0.388010,3.746428,-0.726721,0.104045,3.355759,-0.912933,0.228825,3.622633,-0.937953,0.190233,3.618077,40.258057,45.939365,-94.778534,32.823334,0.0,267,1,1,1,39.348770,45.855690,-0.970564,0.107679,-0.215431,0.105121,0.994186,0.023333,0.216691,-0.000000,-0.976240,1
268,13.379681,1,1,1,1,0.919813,-0.190811,4.419415,-0.049012,-0.084898,4.198855,-0.572535,-0.387170,3.747636,-0.722859,0.103232,3.354256,-0.908640,0.230376,3.623162,-0.933201,0.190721,3.619478,39.685089,45.939365,-95.214569,33.871307,0.0,268,1,1,1,38.947342,45.702908,-0.970274,0.107188,-0.216976,0.104604,0.994239,0.023392,0.218234,0.000000,-0.975897,1
269,13.414165,1,1,1,1,0.920855,-0.190823,4.419397,-0.047885,-0.084430,4.198378,-0.570910,-0.386704,3.747735,-0.720886,0.102869,3.353146,-0.906829,0.230992,3.623186,-0.931181,0.190894,3.619915,39.479538,45.939365,-95.389954,34.350647,0.0,269,1,1,1,38.862076,45.597748,-0.970138,0.107074,-0.217641,0.104477,0.994251,0.023438,0.218899,0.000000,-0.975747,1
270,13.483132,1,1,1,1,0.923866,-0.190745,4.419385,-0.045497,-0.082452,4.199532,-0.566298,-0.386381,3.749498,-0.717668,0.102290,3.353353,-0.903405,0.232187,3.622997,-0.927331,0.191278,3.620539,39.259125,45.699863,-95.389954,35.209961,0.0,270,1,1,1,38.975342,45.391487,-0.969951,0.107434,-0.218295,0.104812,0.994212,0.023589,0.219566,-0.000000,-0.975598,1
271,13.517616,1,1,1,1,0.925193,-0.190667,4.419017,-0.044509,-0.081472,4.200010,-0.563562,-0.386162,3.749753,-0.715845,0.102022,3.352934,-0.901935,0.232686,3.622801,-0.925712,0.191477,3.620701,39.259125,45.699863,-95.389954,35.566498,0.0,271,1,1,1,39.053986,45.282639,-0.969896,0.107711,-0.218404,0.105080,0.994182,0.023662,0.219683,0.000000,-0.975571,1
272,13.552100,1,1,1,1,0.926575,-0.190499,4.418169,-0.043593,-0.080351,4.200433,-0.560598,-0.385922,3.749690,-0.713837,0.101819,3.352280,-0.900421,0.233262,3.622467,-0.924128,0.191796,3.620688,39.259125,45.569267,-95.389954,35.877258,0.0,272,1,1,1,39.134338,45.176983,-0.969880,0.108090,-0.218286,0.105452,0.994141,0.023734,0.219572,0.000000,-0.975596,1
273,13.621067,1,1,1,1,0.929482,-0.189496,4.414974,-0.041877,-0.076647,4.201138,-0.555078,-0.385613,3.749723,-0.710369,0.102297,3.351943,-0.897444,0.235058,3.621447,-0.921196,0.193224,3.620199,39.259125,45.343159,-95.389954,36.314148,0.0,273,1,1,1,39.332306,45.052021,-0.970033,0.109446,-0.216927,0.106807,0.993993,0.023885,0.218238,0.000000,-0.975896,1
274,13.655551,1,1,1,1,0.930712,-0.188830,4.413146,-0.041197,-0.074672,4.201430,-0.553030,-0.385544,3.749925,-0.709153,0.102672,3.352166,-0.896292,0.235963,3.620959,-0.920093,0.194060,3.619925,39.259125,45.343159,-95.389954,36.467590,0.0,274,1,1,1,39.415085,45.019817,-0.970144,0.110170,-0.216061,0.107536,0.993913,0.023949,0.217384,0.000000,-0.976086,1
275,13.724518,1,1,1,1,0.933219,-0.186848,4.408251,-0.039971,-0.069594,4.201917,-0.549041,-0.384612,3.750298,-0.706539,0.104178,3.352736,-0.894081,0.238073,3.620048,-0.918051,0.196376,3.619275,39.259125,45.343159,-95.170685,36.467590,0.0,275,1,1,1,39.516571,44.957119,-0.970564,0.112180,-0.213125,0.109569,0.993688,0.024060,0.214478,0.000000,-0.976729,1
276,13.759002,1,1,1,1,0.934239,-0.185866,4.405874,-0.039455,-0.067225,4.202119,-0.546920,-0.383943,3.750203,-0.705292,0.104909,3.352734,-0.893036,0.238940,3.619676,-0.917116,0.197415,3.618974,39.259125,45.343159,-95.170685,36.467590,0.0,276,1,1,1,39.580200,44.906746,-0.970786,0.113170,-0.211583,0.110574,0.993576,0.024100,0.212952,0.000000,-0.977063,1
277,13.827970,1,1,1,1,0.936187,-0.183589,4.400988,-0.038368,-0.061961,4.202456,-0.540926,-0.381150,3.748603,-0.702622,0.108642,3.352271,-0.890675,0.241428,3.618966,-0.915107,0.200923,3.618125,39.546692,45.122639,-94.888214,36.467590,0.0,277,1,1,1,39.916962,44.838699,-0.971349,0.115569,-0.207668,0.113015,0.993299,0.024162,0.209069,0.000000,-0.977901,1
278,13.862453,1,1,1,1,0.936944,-0.182551,4.398825,-0.037915,-0.059760,4.202596,-0.538390,-0.379804,3.747708,-0.701661,0.110809,3.352251,-0.889710,0.242699,3.618675,-0.914307,0.202752,3.617712,39.684296,45.122639,-94.888214,36.467590,0.0,278,1,1,1,40.097641,44.847008,-0.971614,0.116677,-0.205798,0.114144,0.993170,0.024177,0.207213,0.000000,-0.978296,1
279,13.931421,1,1,1,1,0.938361,-0.180144,4.395163,-0.036882,-0.055541,4.202828,-0.533831,-0.376687,3.745788,-0.700346,0.116715,3.353145,-0.887988,0.246055,3.618571,-0.912938,0.207660,3.617129,40.054749,45.122639,-94.539825,36.055756,0.0,279,1,1,1,40.531738,44.982510,-0.972185,0.118926,-0.201775,0.116445,0.992903,0.024168,0.203217,0.000000,-0.979134,1
280,13.965904,1,1,1,1,0.938916,-0.179129,4.393670,-0.036433,-0.053894,4.202925,-0.532191,-0.375403,3.744967,-0.699959,0.119310,3.353785,-0.887343,0.247580,3.618648,-0.912432,0.209858,3.616955,40.220139,45.122639,-94.388184,35.840820,0.0,280,1,1,1,40.716919,45.065174,-0.972437,0.119893,-0.199980,0.117436,0.992787,0.024150,0.201433,-0.000000,-0.979502,1
281,14.000388,1,1,1,1,0.939430,-0.178183,4.392402,-0.035967,-0.052381,4.203010,-0.530996,-0.374244,3.744348,-0.699753,0.121810,3.354687,-0.886805,0.249119,3.618874,-0.911983,0.212003,3.616934,40.384857,45.122639,-94.233521,35.607147,0.0,281,1,1,1,40.879639,45.163784,-0.972677,0.120799,-0.198259,0.118366,0.992677,0.024126,0.199721,0.000000,-0.979853,1
282,14.069356,1,1,1,1,0.940082,-0.176370,4.389454,-0.035006,-0.050152,4.201204,-0.531542,-0.372090,3.742554,-0.698713,0.126036,3.354992,-0.885577,0.252003,3.619581,-0.910870,0.215851,3.617142,40.384857,45.122639,-94.233521,35.164520,0.0,282,1,1,1,40.771179,45.414886,-0.973086,0.122342,-0.195283,0.119950,0.992488,0.024072,0.196761,-0.000000,-0.980452,1
283,14.103839,1,1,1,1,0.940399,-0.175699,4.388252,-0.034615,-0.049610,4.200454,-0.532673,-0.371428,3.742291,-0.698478,0.127573,3.355556,-0.885002,0.253094,3.620028,-0.910265,0.217266,3.617398,40.384857,45.122639,-94.233521,34.981903,0.0,283,1,1,1,40.645615,45.546837,-0.973256,0.122918,-0.194071,0.120545,0.992417,0.024037,0.195554,-0.000000,-0.980693,1
284,14.172807,1,1,1,1,0.941383,-0.174642,4.386365,-0.033655,-0.050026,4.199206,-0.536315,-0.370526,3.742896,-0.697984,0.129922,3.357249,-0.883490,0.254923,3.621478,-0.908428,0.219536,3.618627,40.384857,45.435585,-94.233521,34.981903,0.0,284,1,1,1,40.190765,45.838524,-0.973603,0.123391,-0.192022,0.121059,0.992358,0.023876,0.193501,0.000000,-0.981100,1
285,14.207290,1,1,1,1,0.941904,-0.174284,4.385667,-0.033156,-0.050534,4.198688,-0.537856,-0.370155,3.743292,-0.697728,0.130709,3.357977,-0.882816,0.255589,3.622230,-0.907575,0.220344,3.619313,40.384857,45.564297,-94.233521,34.981903,0.0,285,1,1,1,39.977325,45.950939,-0.973757,0.123438,-0.191209,0.121125,0.992352,0.023784,0.192682,-0.000000,-0.981261,1
286,14.276258,1,1,1,1,0.943298,-0.173861,4.385015,-0.031705,-0.052138,4.197825,-0.541012,-0.369572,3.744694,-0.697463,0.131802,3.359697,-0.881554,0.256669,3.624007,-0.905873,0.221617,3.621057,40.014481,45.820793,-94.233521,34.981903,0.0,286,1,1,1,39.537613,46.151047,-0.974053,0.122930,-0.190024,0.120655,0.992415,0.023538,0.191476,0.000000,-0.981497,1
287,14.310742,1,1,1,1,0.943928,-0.173754,4.384872,-0.031020,-0.052824,4.197467,-0.542357,-0.369396,3.745520,-0.697669,0.132126,3.360638,-0.881104,0.257070,3.624889,-0.905241,0.222073,3.621943,39.856537,45.820793,-94.233521,34.981903,0.0,287,1,1,1,39.382095,46.222359,-0.974175,0.122610,-0.189605,0.120352,0.992455,0.023424,0.191046,0.000000,-0.981581,1
288,14.379709,1,1,1,1,0.944864,-0.173598,4.384224,-0.029444,-0.054035,4.194923,-0.544138,-0.368791,3.745109,-0.697344,0.132180,3.359816,-0.880100,0.257654,3.626262,-0.903935,0.222715,3.623365,39.512634,45.820793,-94.233521,34.981903,0.0,288,1,1,1,39.069824,46.278843,-0.974299,0.121732,-0.189533,0.119492,0.992563,0.023245,0.190953,-0.000000,-0.981599,1
289,14.414193,1,1,1,1,0.945295,-0.173548,4.384125,-0.028740,-0.054479,4.193867,-0.544867,-0.368652,3.745132,-0.697556,0.132031,3.359631,-0.879714,0.257855,3.626836,-0.903471,0.222855,3.623972,39.380386,45.820793,-94.359772,34.981903,0.0,289,1,1,1,38.983154,46.284218,-0.974326,0.121319,-0.189661,0.119084,0.992614,0.023181,0.191073,0.000000,-0.981576,1
290,14.483160,1,1,1,1,0.946347,-0.173394,4.384824,-0.026999,-0.055181,4.192109,-0.545382,-0.368671,3.745422,-0.697621,0.131415,3.359477,-0.878832,0.258146,3.627822,-0.902603,0.222888,3.625038,39.380386,45.820793,-94.359772,35.268311,0.0,290,1,1,1,38.906769,46.268917,-0.974253,0.120439,-0.190594,0.118198,0.992721,0.023123,0.191992,0.000000,-0.981397,1
291,14.517644,1,1,1,1,0.946829,-0.173328,4.385360,-0.026190,-0.055428,4.191379,-0.545219,-0.368705,3.745500,-0.697353,0.131130,3.359343,-0.878392,0.258252,3.628225,-0.902214,0.222867,3.625473,39.380386,45.820793,-94.493652,35.412750,0.0,291,1,1,1,38.891052,46.257454,-0.974190,0.120053,-0.191157,0.117806,0.992768,0.023116,0.192550,-0.000000,-0.981287,1
292,14.552128,1,1,1,1,0.947354,-0.173268,4.386083,-0.025309,-0.055628,4.190734,-0.544479,-0.368716,3.745372,-0.696612,0.130834,3.358984,-0.877835,0.258358,3.628531,-0.901733,0.222823,3.625811,39.380386,45.820793,-94.493652,35.564117,0.0,292,1,1,1,38.893463,46.237720,-0.974098,0.119689,-0.191851,0.117433,0.992811,0.023129,0.193240,-0.000000,-0.981152,1
293,14.621095,1,1,1,1,0.948944,-0.173253,4.388968,-0.023366,-0.055966,4.191608,-0.541852,-0.369154,3.746719,-0.694059,0.130137,3.360036,-0.876321,0.258585,3.629067,-0.900388,0.222552,3.626436,39.380386,45.820793,-94.493652,35.855011,0.0,293,1,1,1,38.938507,46.218681,-0.973851,0.119021,-0.193513,0.116739,0.992892,0.023197,0.194899,0.000000,-0.980823,1
294,14.655579,1,1,1,1,0.949584,-0.173250,4.390316,-0.022544,-0.056076,4.191970,-0.540294,-0.369291,3.746999,-0.692227,0.129669,3.359990,-0.875484,0.258653,3.629226,-0.899648,0.222289,3.626646,39.380386,45.820793,-94.493652,35.855011,0.0,294,1,1,1,38.914093,46.197098,-0.973726,0.118747,-0.194309,0.116451,0.992925,0.023238,0.195694,0.000000,-0.980665,1
295,14.724546,1,1,1,1,0.950785,-0.173217,4.392956,-0.020941,-0.056235,4.192574,-0.536209,-0.369691,3.746667,-0.686336,0.127540,3.358025,-0.872660,0.258524,3.628603,-0.896989,0.221168,3.626198,39.069870,45.820793,-94.493652,36.147186,0.0,295,1,1,1,38.670059,46.078640,-0.973419,0.118265,-0.196137,0.115935,0.992982,0.023360,0.197523,-0.000000,-0.980298,1
296,14.759030,1,1,1,1,0.951270,-0.173188,4.394176,-0.020271,-0.056282,4.192824,-0.534244,-0.369922,3.746302,-0.683394,0.126164,3.356574,-0.871172,0.258376,3.628074,-0.895529,0.220466,3.625796,38.932571,45.820793,-94.493652,36.280914,0.0,296,1,1,1,38.520157,45.988834,-0.973269,0.118068,-0.196994,0.115721,0.993006,0.023422,0.198381,0.000000,-0.980125,1
297,14.827997,1,1,1,1,0.952691,-0.173179,4.397662,-0.018820,-0.056383,4.195190,-0.530651,-0.371222,3.747728,-0.677544,0.121882,3.355108,-0.867205,0.257806,3.626309,-0.891585,0.218085,3.624528,38.584717,45.820793,-94.493652,36.539276,0.0,297,1,1,1,38.136826,45.736038,-0.972977,0.117723,-0.198637,0.115344,0.993046,0.023548,0.200028,0.000000,-0.979790,1
298,14.862481,1,1,1,1,0.953264,-0.173172,4.399250,-0.018172,-0.056408,4.196172,-0.529227,-0.371774,3.748320,-0.674968,0.119770,3.354093,-0.865402,0.257509,3.625322,-0.889851,0.216795,3.623818,38.421280,45.820793,-94.493652,36.539276,0.0,298,1,1,1,37.930344,45.595329,-0.972845,0.117585,-0.199364,0.115191,0.993063,0.023606,0.200757,0.000000,-0.979641,1
299,14.931448,1,1,1,1,0.954424,-0.173160,4.402336,-0.016713,-0.056353,4.197807,-0.526700,-0.373086,3.749515,-0.669492,0.114696,3.351353,-0.861178,0.256538,3.622459,-0.885797,0.213151,3.621745,37.978790,45.572063,-94.493652,36.816711,0.0,299,1,1,1,37.409042,45.251797,-0.972551,0.117382,-0.200913,0.114955,0.993087,0.023748,0.202312,0.000000,-0.979321,1
300,14.965932,1,1,1,1,0.954924,-0.173145,4.403729,-0.016060,-0.056296,4.198485,-0.525620,-0.373631,3.750021,-0.667120,0.112557,3.349966,-0.859293,0.256091,3.620989,-0.883952,0.211602,3.620679,37.778351,45.572063,-94.636230,36.816711,0.0,300,1,1,1,37.176270,45.092300,-0.972413,0.117311,-0.201622,0.114868,0.993095,0.023817,0.203024,0.000000,-0.979174,1
301,15.000416,1,1,1,1,0.955463,-0.173105,4.405106,-0.015333,-0.056188,4.199085,-0.524366,-0.374124,3.750410,-0.664622,0.110525,3.348453,-0.857218,0.255646,3.619424,-0.881944,0.210162,3.619522,37.571991,45.412289,-94.767883,36.959900,0.0,301,1,1,1,36.952118,44.932358,-0.972269,0.117262,-0.202343,0.114803,0.993101,0.023892,0.203748,0.000000,-0.979023,1
302,15.069383,1,1,1,1,0.956721,-0.172952,4.407975,-0.013569,-0.055881,4.200084,-0.521309,-0.374936,3.750836,-0.659190,0.106871,3.345123,-0.851911,0.254772,3.615797,-0.877074,0.207631,3.616635,37.121567,45.065594,-95.033539,37.267059,0.0,302,1,1,1,36.541611,44.619194,-0.971924,0.117235,-0.204011,0.114734,0.993104,0.024083,0.205427,0.000000,-0.978672,1
303,15.103867,1,1,1,1,0.957261,-0.172872,4.409283,-0.012811,-0.055753,4.200499,-0.520084,-0.375234,3.751008,-0.656962,0.105532,3.343634,-0.849611,0.254429,3.614060,-0.874942,0.206701,3.615230,36.934479,44.921944,-95.033539,37.410370,0.0,303,1,1,1,36.372482,44.490452,-0.971759,0.117232,-0.204794,0.114712,0.993105,0.024175,0.206216,-0.000000,-0.978506,1
304,15.172834,1,1,1,1,0.958367,-0.172690,4.411623,-0.011359,-0.055622,4.201189,-0.518029,-0.375700,3.751314,-0.653023,0.103591,3.341022,-0.845111,0.253886,3.610290,-0.870636,0.205356,3.612096,36.563171,44.644283,-95.293945,37.716675,0.0,304,1,1,1,36.085098,44.286774,-0.971403,0.117213,-0.206491,0.114651,0.993107,0.024371,0.207924,0.000000,-0.978145,1
305,15.207318,1,1,1,1,0.958815,-0.172618,4.412616,-0.010795,-0.055604,4.201476,-0.517436,-0.375863,3.751523,-0.651630,0.102982,3.340008,-0.843369,0.253749,3.608539,-0.868941,0.205034,3.610616,36.414703,44.644283,-95.293945,37.857788,0.0,305,1,1,1,35.968719,44.211548,-0.971242,0.117196,-0.207254,0.114616,0.993109,0.024458,0.208692,0.000000,-0.977981,1
306,15.276286,1,1,1,1,0.959632,-0.172501,4.414254,-0.009840,-0.055635,4.201953,-0.516935,-0.375616,3.751964,-0.649734,0.103709,3.338962,-0.840439,0.254394,3.605175,-0.866017,0.205998,3.607658,36.155777,44.644283,-95.293945,38.131104,0.0,306,1,1,1,35.822388,44.192013,-0.970926,0.117124,-0.208770,0.114507,0.993117,0.024621,0.210217,0.000000,-0.977655,1
307,15.310769,1,1,1,1,0.959958,-0.172460,4.414902,-0.009486,-0.055656,4.202151,-0.516839,-0.375338,3.752137,-0.649238,0.104512,3.338724,-0.839383,0.254999,3.603693,-0.864964,0.206907,3.606324,36.155777,44.644283,-95.293945,38.131104,0.0,307,1,1,1,35.797089,44.209427,-0.970790,0.117085,-0.209422,0.114452,0.993122,0.024690,0.210872,0.000000,-0.977514,1
308,15.379737,1,1,1,1,0.960690,-0.172442,4.416026,-0.008697,-0.055709,4.202480,-0.516802,-0.373691,3.752198,-0.649334,0.108187,3.338983,-0.837944,0.257776,3.601203,-0.863513,0.211347,3.603864,36.155777,44.644283,-95.293945,38.131104,0.0,308,1,1,1,35.909332,44.331600,-0.970533,0.117001,-0.210658,0.114338,0.993132,0.024818,0.212115,0.000000,-0.977245,1
309,15.414220,1,1,1,1,0.961048,-0.172466,4.416584,-0.008274,-0.055730,4.202617,-0.516800,-0.372697,3.752166,-0.649690,0.110175,3.339269,-0.837510,0.259360,3.600169,-0.863084,0.213879,3.602774,36.155777,44.644283,-95.293945,38.131104,0.0,309,1,1,1,36.005020,44.394852,-0.970419,0.116968,-0.211199,0.114293,0.993136,0.024874,0.212659,0.000000,-0.977126,1
310,15.483188,1,1,1,1,0.961974,-0.172609,4.417738,-0.007149,-0.055766,4.202845,-0.516756,-0.369611,3.751794,-0.651032,0.115104,3.339894,-0.837226,0.263406,3.598751,-0.862785,0.220199,3.601045,36.155777,44.644283,-95.065369,38.131104,0.0,310,1,1,1,36.291779,44.510368,-0.970180,0.116949,-0.212308,0.114245,0.993138,0.025001,0.213774,0.000000,-0.976883,1
311,15.517672,1,1,1,1,0.962410,-0.172682,4.418273,-0.006619,-0.055779,4.202940,-0.516730,-0.368199,3.751589,-0.651644,0.117166,3.340164,-0.837210,0.265097,3.598255,-0.862759,0.222798,3.600379,36.155777,44.644283,-95.065369,38.131104,0.0,311,1,1,1,36.421997,44.552452,-0.970071,0.116950,-0.212803,0.114234,0.993138,0.025059,0.214273,0.000000,-0.976774,1
312,15.552155,1,1,1,1,0.962884,-0.172739,4.418802,-0.006047,-0.055789,4.203023,-0.516676,-0.366810,3.751376,-0.652280,0.119131,3.340454,-0.837280,0.266671,3.597928,-0.862820,0.225175,3.599867,36.155777,44.644283,-94.920807,38.131104,0.0,312,1,1,1,36.558624,44.589764,-0.969963,0.116959,-0.213291,0.114230,0.993137,0.025119,0.214765,-0.000000,-0.976666,1
313,15.621123,1,1,1,1,0.964010,-0.172761,4.419733,-0.004774,-0.055791,4.203162,-0.516299,-0.364252,3.750902,-0.653488,0.122580,3.341013,-0.837650,0.269404,3.597842,-0.863175,0.229166,3.599382,36.460968,44.644283,-94.638245,38.131104,0.0,313,1,1,1,36.853912,44.643829,-0.969743,0.116977,-0.214275,0.114222,0.993135,0.025239,0.215756,0.000000,-0.976447,1
314,15.655606,1,1,1,1,0.964523,-0.172743,4.420106,-0.004221,-0.055788,4.203220,-0.516015,-0.363288,3.750652,-0.653931,0.123826,3.341223,-0.837834,0.270378,3.597905,-0.863348,0.230590,3.599258,36.592026,44.644283,-94.638245,38.131104,0.0,314,1,1,1,36.985703,44.660614,-0.969648,0.116981,-0.214703,0.114215,0.993134,0.025290,0.216187,0.000000,-0.976352,1
315,15.724574,1,1,1,1,0.965706,-0.172656,4.420494,-0.003098,-0.055756,4.203316,-0.515179,-0.361298,3.749966,-0.654237,0.125648,3.341015,-0.838199,0.271461,3.598253,-0.863568,0.231934,3.599344,36.847305,44.644283,-94.638245,38.131104,0.0,315,1,1,1,37.176010,44.637661,-0.969486,0.116968,-0.215443,0.114182,0.993136,0.025374,0.216932,-0.000000,-0.976187,1
316,15.759058,1,1,1,1,0.966268,-0.172617,4.420522,-0.002620,-0.055730,4.203356,-0.514742,-0.360419,3.749587,-0.654244,0.126264,3.340731,-0.838337,0.271768,3.598410,-0.863632,0.232206,3.599411,36.847305,44.644283,-94.638245,38.131104,0.0,316,1,1,1,37.242401,44.612164,-0.969425,0.116959,-0.215724,0.114166,0.993137,0.025405,0.217214,0.000000,-0.976124,1
317,15.828025,1,1,1,1,0.967416,-0.172662,4.420205,-0.001726,-0.055653,4.203423,-0.512713,-0.359132,3.748262,-0.653541,0.126311,3.339163,-0.838338,0.271567,3.598459,-0.863222,0.231135,3.599546,37.080658,44.644283,-94.638245,38.131104,0.0,317,1,1,1,37.381134,44.480553,-0.969353,0.116975,-0.216035,0.114174,0.993135,0.025445,0.217528,0.000000,-0.976054,1
318,15.862509,1,1,1,1,0.967883,-0.172761,4.419947,-0.001397,-0.055676,4.203451,-0.511328,-0.359267,3.747512,-0.653150,0.125837,3.338436,-0.838307,0.271116,3.598443,-0.863011,0.229922,3.599647,37.080658,44.644283,-94.638245,38.131104,0.0,318,1,1,1,37.493835,44.428490,-0.969335,0.116991,-0.216106,0.114188,0.993133,0.025457,0.217601,0.000000,-0.976038,1
319,15.931476,1,1,1,1,0.969553,-0.173193,4.421131,-0.000884,-0.055933,4.207393,-0.499203,-0.365772,3.746793,-0.650800,0.116025,3.337676,-0.836753,0.259870,3.600064,-0.861642,0.214065,3.601344,37.699097,44.322853,-94.638245,37.842590,0.0,319,1,1,1,38.495377,43.908978,-0.969490,0.117050,-0.215379,0.114264,0.993126,0.025385,0.216869,0.000000,-0.976201,1
320,15.965960,1,1,1,1,0.970139,-0.173225,4.421632,-0.000683,-0.056060,4.209029,-0.491262,-0.370401,3.745436,-0.649178,0.109456,3.336443,-0.835991,0.252288,3.601046,-0.860908,0.204600,3.602202,38.059601,44.139618,-94.638245,37.662109,0.0,320,1,1,1,39.142487,43.589218,-0.969592,0.117055,-0.214915,0.114281,0.993125,0.025331,0.216403,0.000000,-0.976304,1
321,16.000444,1,1,1,1,0.970560,-0.172953,4.422094,-0.000588,-0.056232,4.210475,-0.481224,-0.377810,3.743664,-0.647116,0.100106,3.335196,-0.834944,0.240863,3.602408,-0.859439,0.192207,3.603262,38.537811,43.913162,-94.638245,37.425079,0.0,321,1,1,1,39.974213,43.232956,-0.969722,0.116988,-0.214368,0.114230,0.993133,0.025252,0.215850,0.000000,-0.976427,1
322,16.069410,1,1,1,1,0.971043,-0.170359,4.427363,-0.000612,-0.057133,4.216781,-0.444207,-0.410837,3.742793,-0.632470,0.044192,3.327272,-0.824656,0.175015,3.607237,-0.846151,0.124800,3.606216,39.858185,42.516846,-95.865753,36.960144,0.0,322,1,1,1,41.558319,40.718922,-0.970108,0.115870,-0.213225,0.113169,0.993264,0.024874,0.214671,0.000000,-0.976686,1
323,16.103895,1,1,1,1,0.970637,-0.168707,4.430689,-0.000781,-0.057836,4.219397,-0.425679,-0.428183,3.742413,-0.623750,0.013710,3.322095,-0.817217,0.138968,3.609520,-0.837319,0.088155,3.607323,40.416428,41.718830,-96.641754,36.810089,0.0,323,1,1,1,42.093216,39.321823,-0.970272,0.115073,-0.212910,0.112399,0.993357,0.024664,0.214333,-0.000000,-0.976761,1
324,16.172861,1,1,1,1,0.967276,-0.164225,4.445197,-0.001837,-0.060358,4.227652,-0.382588,-0.466825,3.745121,-0.594125,-0.081882,3.302493,-0.789136,0.016260,3.609313,-0.806535,-0.034778,3.602634,40.932861,38.346882,-100.842163,37.776642,0.0,324,1,1,1,41.597839,34.005089,-0.970332,0.111848,-0.214351,0.109215,0.993725,0.024126,0.215704,0.000000,-0.976459,1
325,16.207346,1,1,1,1,0.965558,-0.162340,4.453951,-0.002538,-0.061628,4.233145,-0.365745,-0.482815,3.748649,-0.580084,-0.125414,3.294115,-0.775359,-0.040143,3.607886,-0.791078,-0.091292,3.599043,40.932861,36.613060,-103.070953,38.576813,0.0,325,1,1,1,40.992935,31.405178,-0.970288,0.110117,-0.215444,0.107499,0.993919,0.023869,0.216762,-0.000000,-0.976224,1
326,16.276314,1,1,1,1,0.957192,-0.158483,4.476607,-0.005378,-0.064700,4.242295,-0.333294,-0.509684,3.753007,-0.545915,-0.227378,3.269701,-0.740729,-0.176092,3.597559,-0.750793,-0.227100,3.584327,40.074585,31.282215,-109.945190,42.090576,0.0,326,1,1,1,38.969482,24.418354,-0.969483,0.105494,-0.221298,0.102849,0.994420,0.023477,0.222540,0.000000,-0.974924,1
327,16.310797,1,1,1,1,0.952611,-0.156830,4.487926,-0.006980,-0.065958,4.246091,-0.320122,-0.519536,3.754364,-0.530843,-0.269102,3.257872,-0.724490,-0.234009,3.591426,-0.732062,-0.284109,3.576447,39.576584,28.796709,-113.072769,44.058136,0.0,327,1,1,1,38.080673,21.330515,-0.968916,0.103274,-0.224801,0.100602,0.994653,0.023341,0.226010,0.000000,-0.974125,1
328,16.379765,1,1,1,1,0.940431,-0.153148,4.513917,-0.010728,-0.069108,4.252415,-0.296415,-0.532535,3.753940,-0.490818,-0.355020,3.230300,-0.670971,-0.368287,3.572560,-0.677983,-0.410257,3.554934,37.764709,22.513695,-120.734131,50.013458,0.0,328,1,1,1,35.431793,14.423844,-0.966727,0.097931,-0.236322,0.095130,0.995193,0.023255,0.237463,0.000000,-0.971397,1
329,16.414248,1,1,1,1,0.935218,-0.151614,4.527599,-0.012674,-0.070859,4.257107,-0.288405,-0.537076,3.755425,-0.474757,-0.392478,3.219718,-0.646359,-0.425028,3.562714,-0.654548,-0.463209,3.543932,36.898727,19.702425,-123.932266,53.128998,0.0,329,1,1,1,34.297379,11.257670,-0.965519,0.095363,-0.242236,0.092497,0.995443,0.023206,0.243345,0.000000,-0.969940,1
330,16.483215,1,1,1,1,0.922133,-0.148635,4.553575,-0.019423,-0.076652,4.264923,-0.275596,-0.541659,3.754319,-0.439348,-0.477094,3.196992,-0.593424,-0.547096,3.537889,-0.601762,-0.579354,3.517091,34.627548,12.696996,-130.651535,60.838562,0.0,330,1,1,1,31.703247,3.676982,-0.962338,0.088840,-0.256929,0.085834,0.996046,0.022916,0.257949,0.000000,-0.966159,1
331,16.517698,1,1,1,1,0.916491,-0.147565,4.565510,-0.023015,-0.079840,4.269199,-0.271037,-0.542930,3.753938,-0.423547,-0.509837,3.187483,-0.570514,-0.593507,3.527196,-0.579030,-0.623695,3.505790,33.613922,9.709222,-133.415543,64.528076,0.0,331,1,1,1,30.569077,0.734268,-0.960766,0.085646,-0.263804,0.082589,0.996326,0.022677,0.264777,0.000000,-0.964310,1
332,16.552183,1,1,1,1,0.910803,-0.146665,4.576486,-0.026892,-0.083487,4.272981,-0.266878,-0.543622,3.752673,-0.406851,-0.536431,3.177927,-0.547112,-0.631617,3.518170,-0.556264,-0.660330,3.496467,32.565704,6.878971,-136.235382,68.240845,0.0,332,1,1,1,29.417191,-1.622263,-0.959134,0.082227,-0.270740,0.079135,0.996614,0.022338,0.271660,-0.000000,-0.962393,1
