frame_id,time_sec,update_ret,target_valid,major_fresh,finger_fresh,shoulder_l_x3d,shoulder_l_y3d,shoulder_l_z,shoulder_r_x3d,shoulder_r_y3d,shoulder_r_z,elbow_x3d,elbow_y3d,elbow_z,wrist_x3d,wrist_y3d,wrist_z,finger1_x3d,finger1_y3d,finger1_z,finger2_x3d,finger2_y3d,finger2_z,elbow_roll_deg,elbow_pitch_deg,wrist_pitch_deg,wrist_roll_deg,gripper_norm,target_frame_id,elbow_roll_observable,hand_fresh,body_frame_valid,raw_elbow_roll_deg,raw_elbow_pitch_deg,body_x_x,body_x_y,body_x_z,body_y_x,body_y_y,body_y_z,body_z_x,body_z_y,body_z_z,active_arm
1,0.000000,1,1,1,1,0.854147,0.156832,4.983517,-0.099729,0.193623,4.685584,-0.258824,-0.507841,4.473129,-0.091983,0.123570,4.459072,-0.071047,0.350695,4.724546,-0.052649,0.305608,4.755406,-64.384010,77.077286,47.266373,-143.898819,0.0,1,1,1,1,-64.384010,77.077286,-0.953877,0.036791,-0.297934,0.035117,0.999323,0.010969,0.298136,-0.000000,-0.954524,1
2,0.068967,1,1,1,1,0.853220,0.155101,4.973976,-0.099315,0.191163,4.673893,-0.259354,-0.508612,4.459078,-0.090487,0.122569,4.445044,-0.069929,0.349854,4.710464,-0.051873,0.304567,4.741437,-64.384010,77.077286,47.266373,-143.898819,0.0,2,1,1,1,-64.481445,76.891327,-0.953671,0.036585,-0.298619,0.034914,0.999331,0.010932,0.298819,0.000000,-0.954310,1
3,0.103451,1,1,1,1,0.852912,0.154207,4.967969,-0.099202,0.189345,4.666975,-0.259857,-0.508989,4.450011,-0.089713,0.121602,4.436026,-0.069453,0.349018,4.701398,-0.051671,0.303131,4.732593,-64.384010,77.077286,47.266373,-143.898819,0.0,3,1,1,1,-64.567993,76.759407,-0.953549,0.036361,-0.299035,0.034695,0.999339,0.010880,0.299233,0.000000,-0.954180,1
4,0.172419,1,1,1,1,0.852524,0.152382,4.953277,-0.099613,0.184165,4.651553,-0.261827,-0.512161,4.431104,-0.088314,0.118047,4.417358,-0.069425,0.346139,4.682468,-0.052891,0.296888,4.714934,-64.614983,76.781914,47.266373,-143.898819,0.0,4,1,1,1,-64.912369,76.401596,-0.953333,0.035032,-0.299881,0.033418,0.999386,0.010512,0.300065,0.000000,-0.953919,1
5,0.206902,1,1,1,1,0.852160,0.151569,4.945145,-0.099989,0.181345,4.643087,-0.262615,-0.513978,4.420675,-0.087819,0.115874,4.407095,-0.069898,0.344259,4.672080,-0.054069,0.293160,4.705312,-64.614983,76.647690,47.266373,-143.898819,0.0,5,1,1,1,-65.094612,76.244499,-0.953245,0.034203,-0.300257,0.032623,0.999415,0.010276,0.300433,-0.000000,-0.953803,1
6,0.275870,1,1,1,1,0.849364,0.149403,4.920449,-0.101224,0.174173,4.615345,-0.263342,-0.522105,4.392715,-0.086910,0.107727,4.379758,-0.071458,0.336069,4.644749,-0.057149,0.279502,4.680079,-65.027161,76.351326,47.266373,-143.898819,0.0,6,1,1,1,-65.557877,75.969734,-0.952854,0.031461,-0.301794,0.029993,0.999505,0.009500,0.301944,-0.000000,-0.953326,1
7,0.310353,1,1,1,1,0.847462,0.148064,4.905378,-0.101628,0.170404,4.597631,-0.262677,-0.525763,4.374023,-0.086192,0.103873,4.361380,-0.071711,0.331872,4.626508,-0.058024,0.273227,4.662744,-65.205261,76.351326,47.266373,-143.898819,0.0,7,1,1,1,-65.740257,75.888031,-0.952569,0.030024,-0.302838,0.028613,0.999549,0.009097,0.302974,0.000000,-0.952999,1
8,0.379321,1,1,1,1,0.842987,0.143375,4.867642,-0.102070,0.159588,4.552535,-0.260216,-0.539049,4.330866,-0.083851,0.093512,4.319057,-0.071388,0.319525,4.585075,-0.058849,0.257291,4.622810,-65.610611,76.093903,47.266373,-143.898819,0.0,8,1,1,1,-66.132530,75.762444,-0.951429,0.026015,-0.306766,0.024759,0.999662,0.007983,0.306870,0.000000,-0.951751,1
9,0.413805,1,1,1,1,0.840903,0.141329,4.849074,-0.101884,0.155118,4.529689,-0.258355,-0.543021,4.306715,-0.081911,0.088947,4.295318,-0.069933,0.313783,4.561908,-0.057950,0.250458,4.600173,-65.785576,76.093903,47.266373,-144.050568,0.0,9,1,1,1,-66.311127,75.643120,-0.950757,0.024089,-0.309000,0.022909,0.999710,0.007446,0.309090,-0.000000,-0.951033,1
10,0.482772,1,1,1,1,0.838408,0.137829,4.815983,-0.100081,0.146684,4.487737,-0.254161,-0.549000,4.259916,-0.073108,0.080904,4.249259,-0.055949,0.303691,4.516822,-0.044532,0.239602,4.555645,-66.186966,75.606201,47.266373,-144.334244,0.0,10,1,1,1,-66.703796,74.978233,-0.948825,0.019662,-0.315188,0.018659,0.999807,0.006198,0.315249,0.000000,-0.949009,1
11,0.517256,1,1,1,1,0.837610,0.136664,4.801967,-0.098872,0.143560,4.469297,-0.252087,-0.550436,4.238288,-0.066913,0.078489,4.227867,-0.044704,0.301074,4.495482,-0.033522,0.236284,4.534682,-66.356422,75.330917,47.120789,-144.334244,0.0,11,1,1,1,-66.865448,74.504021,-0.947827,0.017648,-0.318296,0.016729,0.999844,0.005618,0.318346,0.000000,-0.947975,1
12,0.551739,1,1,1,1,0.836487,0.135888,4.788816,-0.097357,0.140949,4.450926,-0.249002,-0.550400,4.215191,-0.057615,0.077185,4.204843,-0.027423,0.300338,4.471887,-0.016627,0.234114,4.511748,-66.512207,74.960182,46.784607,-144.334244,0.0,12,1,1,1,-66.980156,73.846527,-0.946683,0.015660,-0.321786,0.014827,0.999877,0.005040,0.321825,0.000000,-0.946799,1
13,0.620707,1,1,1,1,0.834517,0.136205,4.767461,-0.092113,0.138039,4.416427,-0.234837,-0.543396,4.163759,-0.024793,0.078928,4.152694,0.028964,0.306217,4.415500,0.039837,0.235850,4.457668,-66.512207,73.640099,45.162231,-144.334244,0.0,13,1,1,1,-66.858734,71.940407,-0.943452,0.011634,-0.331305,0.010977,0.999932,0.003855,0.331327,-0.000000,-0.943516,1
14,0.655191,1,1,1,1,0.833902,0.136780,4.759173,-0.089869,0.137253,4.402113,-0.226705,-0.538307,4.139352,-0.008949,0.080849,4.127741,0.055752,0.310687,4.387655,0.067101,0.238541,4.431103,-66.512207,73.010239,44.293488,-144.334244,0.0,14,1,1,1,-66.679520,71.118279,-0.941826,0.009868,-0.335957,0.009294,0.999951,0.003315,0.335974,-0.000000,-0.941871,1
15,0.724158,1,1,1,1,0.832945,0.138495,4.745446,-0.086997,0.136495,4.378271,-0.201469,-0.524916,4.090761,0.033042,0.087486,4.077187,0.120417,0.321298,4.330059,0.137474,0.245279,4.375170,-66.512207,71.410233,42.767838,-144.033035,1.0,15,1,1,1,-66.046455,69.350075,-0.938160,0.006402,-0.346142,0.006006,0.999980,0.002216,0.346150,0.000000,-0.938179,1
16,0.758642,1,1,1,1,0.832789,0.139177,4.739406,-0.086247,0.136156,4.368380,-0.190040,-0.518787,4.068789,0.052501,0.090683,4.054104,0.149864,0.325276,4.303620,0.169625,0.247802,4.349153,-66.313965,70.688423,42.183762,-143.795349,1.0,16,1,1,1,-65.718475,68.520248,-0.936500,0.004906,-0.350634,0.004594,0.999988,0.001720,0.350638,0.000000,-0.936511,1
17,0.827609,1,1,1,1,0.829554,0.142210,4.724800,-0.088829,0.135287,4.348005,-0.160914,-0.504147,4.021768,0.096638,0.098848,4.004152,0.212194,0.330833,4.248455,0.238195,0.251161,4.293046,-65.722000,69.031540,41.526413,-142.749557,1.0,17,1,1,1,-64.959785,66.898140,-0.933293,0.001441,-0.359113,0.001345,0.999999,0.000518,0.359114,0.000000,-0.933294,1
18,0.862093,1,1,1,1,0.826720,0.144219,4.718568,-0.091599,0.134988,4.339552,-0.148224,-0.497555,4.000870,0.114941,0.102745,3.981788,0.235982,0.333187,4.224357,0.264897,0.252496,4.268219,-65.442429,68.339104,41.526413,-142.148224,1.0,18,1,1,1,-64.602654,66.259178,-0.931916,-0.000259,-0.362675,-0.000241,1.000000,-0.000094,0.362675,0.000000,-0.931916,1
19,0.931060,1,1,1,1,0.813934,0.150676,4.708292,-0.100733,0.137575,4.321575,-0.125140,-0.481289,3.959026,0.154808,0.109929,3.936519,0.289909,0.334524,4.175871,0.321132,0.252271,4.218072,-64.755310,66.609856,41.526413,-140.430313,1.0,19,1,1,1,-63.870575,64.383293,-0.928822,-0.004031,-0.370504,-0.003744,0.999992,-0.001494,0.370507,0.000000,-0.928830,1
20,0.965544,1,1,1,1,0.806413,0.153515,4.706173,-0.104914,0.139027,4.314116,-0.116814,-0.473537,3.940549,0.172675,0.112799,3.916294,0.314341,0.334473,4.154113,0.346094,0.251854,4.195414,-64.445595,65.796021,41.526413,-139.554321,1.0,20,1,1,1,-63.515274,63.351421,-0.927239,-0.005706,-0.374427,-0.005291,0.999984,-0.002136,0.374433,0.000000,-0.927254,1
21,1.000028,1,1,1,1,0.797362,0.156066,4.704498,-0.109044,0.140384,4.305453,-0.109352,-0.464371,3.920405,0.191904,0.115167,3.894221,0.342617,0.333515,4.129722,0.374304,0.250825,4.170064,-64.115723,64.865974,41.526413,-138.615952,1.0,21,1,1,1,-63.124863,62.072311,-0.925384,-0.007310,-0.378960,-0.006765,0.999973,-0.002770,0.378970,0.000000,-0.925409,1
22,1.068995,1,1,1,1,0.776779,0.160149,4.700422,-0.116268,0.142502,4.283230,-0.094135,-0.442943,3.874040,0.237515,0.119521,3.842985,0.411837,0.329400,4.071278,0.441134,0.247406,4.109933,-63.209793,62.231750,40.793396,-136.468857,1.0,22,1,1,1,-62.043335,58.839939,-0.919925,-0.010402,-0.391957,-0.009569,0.999946,-0.004077,0.391978,0.000000,-0.919975,1
23,1.103479,1,1,1,1,0.767254,0.161752,4.698827,-0.118854,0.143125,4.271942,-0.087234,-0.434125,3.851827,0.256147,0.121281,3.818442,0.439013,0.327499,4.043718,0.467317,0.245906,4.081540,-62.774429,61.065556,40.435226,-135.460159,1.0,23,1,1,1,-61.466690,57.562550,-0.917022,-0.011755,-0.398664,-0.010780,0.999931,-0.004687,0.398691,0.000000,-0.917085,1
24,1.172446,1,1,1,1,0.743191,0.167670,4.696598,-0.123659,0.143662,4.245344,-0.070250,-0.417282,3.804707,0.292824,0.124701,3.766424,0.488660,0.322391,3.987509,0.514612,0.242357,4.023399,-61.550270,58.531677,39.818604,-133.326035,1.0,24,1,1,1,-59.974045,55.269070,-0.908664,-0.015497,-0.417240,-0.014083,0.999880,-0.006467,0.417290,0.000000,-0.908773,1
25,1.206930,1,1,1,1,0.731931,0.171231,4.695790,-0.125563,0.143671,4.232241,-0.062641,-0.410617,3.782602,0.307317,0.126202,3.742070,0.507457,0.320242,3.961727,0.532310,0.241064,3.996718,-60.970886,57.501572,39.622574,-132.348969,1.0,25,1,1,1,-59.230545,54.407356,-0.904285,-0.017524,-0.426570,-0.015849,0.999846,-0.007476,0.426635,-0.000000,-0.904424,1
26,1.275897,1,1,1,1,0.711336,0.178027,4.696926,-0.130242,0.141231,4.210414,-0.045232,-0.400701,3.744884,0.334236,0.129439,3.700027,0.537370,0.315944,3.919758,0.559556,0.238780,3.953040,-59.499054,55.572231,39.622574,-130.367035,1.0,26,1,1,1,-57.603943,53.088020,-0.893543,-0.023463,-0.448364,-0.020971,0.999725,-0.010523,0.448487,0.000000,-0.893789,1
27,1.310381,1,1,1,1,0.703244,0.179779,4.697047,-0.132137,0.139217,4.200325,-0.038124,-0.396935,3.727565,0.344631,0.130661,3.680777,0.548316,0.314079,3.900958,0.569459,0.237773,3.933448,-58.839386,54.825218,39.819366,-129.473557,1.0,27,1,1,1,-56.857895,52.581345,-0.888359,-0.026360,-0.458392,-0.023426,0.999653,-0.012088,0.458551,0.000000,-0.888668,1
28,1.379349,1,1,1,1,0.685448,0.181164,4.697310,-0.135812,0.131764,4.179620,-0.024002,-0.388486,3.691580,0.365572,0.133339,3.640856,0.568746,0.310241,3.863271,0.588627,0.235691,3.893811,-57.287308,53.354038,40.788940,-127.650627,1.0,28,1,1,1,-55.288895,51.459789,-0.876396,-0.033522,-0.480423,-0.029395,0.999438,-0.016114,0.480693,0.000000,-0.876889,1
29,1.413832,1,1,1,1,0.677829,0.181566,4.698371,-0.137281,0.128315,4.171031,-0.018435,-0.384696,3.675910,0.374270,0.134569,3.623369,0.577050,0.308648,3.847048,0.596670,0.234884,3.876564,-56.610489,52.753521,41.311310,-126.817581,1.0,29,1,1,1,-54.577393,50.949631,-0.870703,-0.036901,-0.490422,-0.032152,0.999319,-0.018109,0.490756,0.000000,-0.871297,1
30,1.482800,1,1,1,1,0.664150,0.181353,4.698196,-0.139707,0.120826,4.152825,-0.008613,-0.376765,3.643716,0.390110,0.136653,3.587668,0.591062,0.304783,3.814779,0.610103,0.232674,3.842209,-55.091843,51.501095,42.838440,-125.059525,1.0,30,1,1,1,-53.136490,49.888508,-0.858311,-0.044311,-0.511213,-0.038070,0.999018,-0.022675,0.511716,0.000000,-0.859155,1
31,1.517283,1,1,1,1,0.659662,0.181137,4.698033,-0.140689,0.117837,4.145273,-0.004884,-0.373939,3.630117,0.396303,0.137499,3.572509,0.595979,0.303257,3.801444,0.614823,0.231817,3.827927,-54.445892,50.993671,43.561859,-124.246658,1.0,31,1,1,1,-52.505493,49.469433,-0.852697,-0.047594,-0.520233,-0.040629,0.998867,-0.024788,0.520823,0.000000,-0.853665,1
32,1.551767,1,1,1,1,0.656335,0.180772,4.697731,-0.141610,0.114989,4.138595,-0.001582,-0.371637,3.617872,0.401777,0.138283,3.558805,0.599576,0.301937,3.789788,0.618303,0.231078,3.815370,-53.813950,50.521759,44.350830,-123.437500,1.0,32,1,1,1,-51.915741,49.104240,-0.847307,-0.050739,-0.528674,-0.043047,0.998712,-0.026859,0.529356,-0.000000,-0.848400,1
33,1.620735,1,1,1,1,0.652302,0.179557,4.696629,-0.143308,0.109502,4.127471,0.004411,-0.368309,3.596919,0.410908,0.139657,3.535247,0.602802,0.299525,3.771255,0.621386,0.229676,3.795165,-52.519531,49.652153,46.356979,-121.716766,1.0,33,1,1,1,-50.852875,48.532475,-0.837167,-0.056800,-0.543990,-0.047628,0.998386,-0.030949,0.544870,0.000000,-0.838521,1
34,1.655218,1,1,1,1,0.650724,0.178794,4.694300,-0.143797,0.107229,4.120788,0.006752,-0.366672,3.585796,0.413585,0.139954,3.523070,0.602791,0.298366,3.761491,0.621303,0.228913,3.784682,-51.989273,49.322781,47.247467,-120.922791,1.0,34,1,1,1,-50.396454,48.333385,-0.832802,-0.059351,-0.550380,-0.049515,0.998237,-0.032723,0.551352,-0.000000,-0.834272,1
35,1.724186,1,1,1,1,0.649470,0.176323,4.689736,-0.144677,0.102860,4.109654,0.011524,-0.364173,3.566841,0.419439,0.140973,3.508778,0.602124,0.296744,3.752457,0.620318,0.227959,3.774435,-51.318573,48.759327,48.979095,-119.145050,1.0,35,1,1,1,-50.454987,48.033836,-0.824978,-0.063783,-0.561554,-0.052727,0.997964,-0.035891,0.562699,-0.000000,-0.826662,1
36,1.758669,1,1,1,1,0.649687,0.175320,4.689411,-0.145159,0.101290,4.107104,0.013554,-0.363599,3.561162,0.421183,0.141209,3.501592,0.601193,0.295891,3.747692,0.619186,0.227416,3.769160,-50.996460,48.560524,49.770844,-118.356194,1.0,36,1,1,1,-50.028915,47.963341,-0.821794,-0.065553,-0.566001,-0.053987,0.997849,-0.037183,0.567221,-0.000000,-0.823566,1
37,1.827637,1,1,1,1,0.649472,0.173361,4.689148,-0.145879,0.098679,4.102855,0.017381,-0.361817,3.551256,0.426489,0.142171,3.499218,0.601599,0.293967,3.750202,0.618726,0.226184,3.770793,-50.996460,48.200970,51.098770,-116.628319,1.0,37,1,1,1,-50.635269,47.738018,-0.816305,-0.068423,-0.573555,-0.055986,0.997656,-0.039337,0.574902,0.000000,-0.818222,1
38,1.862121,1,1,1,1,0.649849,0.172942,4.690722,-0.146285,0.098008,4.103161,0.018869,-0.361347,3.549374,0.427586,0.142137,3.495106,0.601082,0.292564,3.748240,0.617908,0.225112,3.768406,-50.793732,48.073368,51.741943,-115.892487,1.0,38,1,1,1,-50.184753,47.690079,-0.814120,-0.069549,-0.576517,-0.056759,0.997579,-0.040194,0.577916,0.000000,-0.816096,1
39,1.931088,1,1,1,1,0.648743,0.174917,4.694249,-0.146858,0.097664,4.103670,0.021578,-0.359488,3.546079,0.431307,0.141918,3.487901,0.603718,0.288308,3.744887,0.620524,0.222147,3.763804,-50.193604,47.781548,53.232300,-114.510757,1.0,39,1,1,1,-49.420898,47.405800,-0.810202,-0.071940,-0.581719,-0.058437,0.997409,-0.041958,0.583230,0.000000,-0.812307,1
40,1.965572,1,1,1,1,0.647268,0.176538,4.696329,-0.147064,0.097711,4.103881,0.022636,-0.358668,3.544717,0.433189,0.141814,3.484856,0.605518,0.286210,3.743527,0.622436,0.220719,3.761775,-49.920395,47.648724,53.866760,-113.899437,1.0,40,1,1,1,-49.099731,47.249752,-0.808460,-0.073107,-0.583993,-0.059263,0.997324,-0.042809,0.585560,0.000000,-0.810629,1
41,2.000055,1,1,1,1,0.644235,0.179781,4.699183,-0.147250,0.098006,4.104068,0.023812,-0.357862,3.543597,0.435129,0.141726,3.482215,0.607356,0.284090,3.742514,0.624544,0.219303,3.760028,-49.641403,47.508678,54.493439,-113.307365,1.0,41,1,1,1,-48.803314,47.088001,-0.806600,-0.074565,-0.586376,-0.060312,0.997216,-0.043845,0.588013,0.000000,-0.808851,1
42,2.069023,1,1,1,1,0.636746,0.188147,4.705757,-0.147539,0.097927,4.104379,0.026211,-0.356325,3.541496,0.438885,0.141601,3.478149,0.610569,0.279739,3.741670,0.628851,0.216643,3.757443,-49.077179,47.160503,55.809280,-112.012787,1.0,42,1,1,1,-48.350693,46.712200,-0.801914,-0.079340,-0.592148,-0.063825,0.996848,-0.047129,0.594020,0.000000,-0.804450,1
43,2.103507,1,1,1,1,0.633831,0.191449,4.708691,-0.147639,0.097458,4.104508,0.027114,-0.355717,3.540441,0.440882,0.141747,3.478671,0.612202,0.278191,3.743657,0.631072,0.215804,3.758584,-48.926208,47.001118,56.292175,-111.372391,1.0,43,1,1,1,-48.472748,46.522354,-0.799681,-0.081780,-0.594830,-0.065618,0.996650,-0.048809,0.596829,0.000000,-0.802369,1
44,2.172474,1,1,1,1,0.629201,0.196833,4.713809,-0.147796,0.095033,4.104723,0.028378,-0.354515,3.537839,0.444558,0.142157,3.482562,0.614699,0.275628,3.750380,0.634910,0.214455,3.763607,-48.926208,46.601589,56.983658,-109.785645,1.0,44,1,1,1,-49.162552,46.087154,-0.794863,-0.087853,-0.600395,-0.070102,0.996134,-0.052951,0.602725,-0.000000,-0.797949,1
45,2.206958,1,1,1,1,0.627647,0.198685,4.715921,-0.147855,0.093853,4.104812,0.028666,-0.354049,3.536572,0.445769,0.142278,3.484240,0.615374,0.274667,3.753304,0.636120,0.213890,3.765785,-49.063644,46.425247,57.216217,-109.009941,1.0,45,1,1,1,-49.476456,45.895561,-0.792714,-0.090665,-0.602813,-0.072169,0.995881,-0.054880,0.605306,0.000000,-0.795993,1
46,2.275925,1,1,1,1,0.625634,0.201103,4.719307,-0.147950,0.091159,4.104960,0.028718,-0.353249,3.533909,0.447534,0.142393,3.488368,0.616038,0.273093,3.759688,0.637667,0.212657,3.770872,-49.574875,46.022354,57.492462,-107.227028,1.0,46,1,1,1,-50.233124,45.503593,-0.788576,-0.096492,-0.607320,-0.076448,0.995334,-0.058876,0.610167,0.000000,-0.792273,1
47,2.310409,1,1,1,1,0.625123,0.201835,4.720613,-0.147988,0.090051,4.105022,0.028628,-0.353006,3.532710,0.448123,0.142378,3.490928,0.616174,0.272526,3.763213,0.638123,0.212102,3.773862,-49.846756,45.850613,57.492462,-106.374168,1.0,47,1,1,1,-50.663452,45.334740,-0.786823,-0.099014,-0.609184,-0.078291,0.995086,-0.060616,0.612192,0.000000,-0.790709,1
48,2.379376,1,1,1,1,0.625950,0.202803,4.725519,-0.148352,0.088174,4.109021,0.028242,-0.353655,3.534823,0.447047,0.141678,3.491120,0.614493,0.271277,3.764976,0.636986,0.210575,3.774745,-50.082565,45.561169,57.852966,-104.692314,1.0,48,1,1,1,-50.386200,45.188484,-0.784030,-0.103695,-0.612000,-0.081741,0.994609,-0.063805,0.615317,0.000000,-0.788279,1
49,2.413860,1,1,1,1,0.627110,0.202796,4.727047,-0.148477,0.087465,4.110681,0.027912,-0.353914,3.535653,0.446607,0.141450,3.491846,0.613801,0.270971,3.766348,0.636443,0.210089,3.775782,-50.082565,45.561169,58.008698,-103.934021,1.0,49,1,1,1,-50.370850,45.119209,-0.783028,-0.105587,-0.612958,-0.083143,0.994410,-0.065084,0.616404,0.000000,-0.787430,1
50,2.482827,1,1,1,1,0.637376,0.199133,4.724180,-0.148671,0.086323,4.113445,0.026228,-0.354416,3.536833,0.444971,0.141356,3.496437,0.611380,0.271203,3.772051,0.633634,0.209888,3.781204,-50.452698,45.331280,58.008698,-102.403488,1.0,50,1,1,1,-50.929291,45.035278,-0.783503,-0.107636,-0.611995,-0.084826,0.994190,-0.066257,0.615571,0.000000,-0.788082,1
51,2.517311,1,1,1,1,0.644105,0.196548,4.720930,-0.148702,0.086011,4.114592,0.025155,-0.354669,3.537297,0.443841,0.141390,3.499221,0.609708,0.271500,3.775341,0.631603,0.210021,3.784476,-50.668945,45.331280,58.008698,-101.715347,1.0,51,1,1,1,-51.318512,45.024899,-0.784458,-0.108023,-0.610702,-0.085238,0.994148,-0.066358,0.614297,-0.000000,-0.789075,1
52,2.551795,1,1,1,1,0.653106,0.192548,4.715597,-0.148693,0.086119,4.115605,0.023620,-0.355193,3.537843,0.441851,0.141356,3.501107,0.606922,0.271964,3.777714,0.628209,0.210332,3.786976,-50.909760,45.331280,58.008698,-101.075577,1.0,52,1,1,1,-51.633072,45.084049,-0.786331,-0.107655,-0.608353,-0.085147,0.994188,-0.065875,0.611909,0.000000,-0.790928,1
53,2.620762,1,1,1,1,0.671505,0.183197,4.702185,-0.148553,0.087730,4.117294,0.019274,-0.356933,3.539371,0.435563,0.141280,3.504027,0.598484,0.273576,3.781519,0.618084,0.211693,3.791413,-51.505539,45.331280,58.008698,-100.031319,1.0,53,1,1,1,-52.272675,45.437794,-0.793520,-0.103794,-0.599627,-0.082810,0.994599,-0.062575,0.602883,-0.000000,-0.797829,1
54,2.655246,1,1,1,1,0.678238,0.179558,4.696096,-0.148483,0.088497,4.117995,0.017175,-0.358099,3.540221,0.431969,0.141198,3.504347,0.593337,0.274614,3.782302,0.612523,0.212621,3.792504,-51.738846,45.331280,58.008698,-99.631042,1.0,54,1,1,1,-52.439636,45.680424,-0.797193,-0.101604,-0.595113,-0.081419,0.994825,-0.060780,0.598209,0.000000,-0.801340,1
55,2.724213,1,1,1,1,0.690464,0.174041,4.687154,-0.148448,0.090352,4.123059,0.010719,-0.361851,3.546258,0.419597,0.141023,3.503661,0.576466,0.277515,3.782664,0.594723,0.215943,3.793643,-51.738846,45.841801,58.573181,-99.251564,1.0,55,1,1,1,-52.148682,46.499149,-0.806122,-0.096060,-0.583901,-0.077796,0.995376,-0.056350,0.586613,0.000000,-0.809867,1
56,2.758697,1,1,1,1,0.695528,0.172160,4.683605,-0.148456,0.091199,4.126194,0.007305,-0.363517,3.549905,0.413878,0.141122,3.504633,0.568436,0.279112,3.784164,0.586384,0.217948,3.795501,-51.738846,46.093842,58.844940,-99.251564,1.0,56,1,1,1,-52.071701,46.850922,-0.810299,-0.093496,-0.578510,-0.076093,0.995620,-0.054327,0.581055,-0.000000,-0.813864,1
57,2.827665,1,1,1,1,0.710461,0.164770,4.674704,-0.148404,0.093099,4.135313,-0.003373,-0.366728,3.559853,0.396437,0.141709,3.507504,0.544431,0.284740,3.788018,0.561415,0.224075,3.800503,-51.738846,46.826759,59.582581,-99.251564,1.0,57,1,1,1,-51.790131,47.770439,-0.820684,-0.086823,-0.564747,-0.071524,0.996224,-0.049219,0.566888,0.000000,-0.823795,1
58,2.862148,1,1,1,1,0.716983,0.160489,4.668257,-0.147583,0.093717,4.137028,-0.009464,-0.366697,3.561170,0.389589,0.143283,3.513107,0.534428,0.289347,3.793910,0.551132,0.229160,3.806981,-51.969086,47.129654,59.582581,-99.389366,1.0,58,1,1,1,-52.660721,48.039516,-0.825526,-0.083489,-0.558154,-0.069164,0.996509,-0.046763,0.560110,-0.000000,-0.828418,1
59,2.931116,1,1,1,1,0.730071,0.151560,4.656577,-0.143208,0.095582,4.139885,-0.025938,-0.364483,3.561872,0.368760,0.148920,3.512385,0.506963,0.303092,3.793087,0.521079,0.245503,3.807813,-52.449692,47.884079,59.582581,-100.088860,0.0,59,1,1,1,-53.068512,48.855457,-0.835768,-0.075238,-0.543903,-0.063061,0.997166,-0.041039,0.545449,0.000000,-0.838144,1
60,2.965599,1,1,1,1,0.737239,0.146959,4.652001,-0.140921,0.096472,4.143138,-0.033857,-0.363819,3.564124,0.358239,0.151671,3.513496,0.487350,0.312270,3.794399,0.504578,0.253104,3.809946,-52.632111,48.240528,59.582581,-100.486359,0.0,60,1,1,1,-53.180084,49.311260,-0.840451,-0.071207,-0.537188,-0.059998,0.997462,-0.038349,0.538555,0.000000,-0.842590,1
61,3.000083,1,1,1,1,0.746480,0.142006,4.648499,-0.138091,0.097418,4.149117,-0.042466,-0.363740,3.569267,0.342652,0.153360,3.509188,0.458466,0.320921,3.790565,0.478773,0.259199,3.807413,-52.501732,48.686886,60.109543,-101.053436,1.0,61,1,1,1,-52.110092,50.027657,-0.845338,-0.066891,-0.530028,-0.056673,0.997760,-0.035534,0.531217,0.000000,-0.847236,1
62,3.069051,1,1,1,1,0.768892,0.132273,4.643120,-0.129113,0.099185,4.164922,-0.059741,-0.364253,3.583667,0.301784,0.155004,3.492864,0.392571,0.334273,3.775061,0.415963,0.267968,3.795089,-50.530655,50.117714,62.740982,-103.192490,1.0,62,1,1,1,-47.992767,51.960003,-0.856632,-0.056898,-0.512781,-0.048820,0.998380,-0.029224,0.513613,0.000000,-0.858022,1
63,3.103534,1,1,1,1,0.778706,0.128303,4.642191,-0.124355,0.099925,4.173547,-0.067534,-0.364773,3.591815,0.283986,0.155737,3.487148,0.365236,0.338808,3.769808,0.389153,0.271268,3.791217,-49.395386,50.769169,64.063583,-104.370705,1.0,63,1,1,1,-45.985123,52.726063,-0.861741,-0.052319,-0.504644,-0.045147,0.998630,-0.026438,0.505336,0.000000,-0.862923,1
64,3.172502,1,1,1,1,0.799322,0.119313,4.640735,-0.110344,0.101485,4.187915,-0.084797,-0.365188,3.605489,0.242028,0.155512,3.468409,0.303733,0.343181,3.752517,0.327309,0.274810,3.776340,-45.593140,52.279785,67.803741,-107.706268,1.0,64,1,1,1,-40.697479,54.224812,-0.871989,-0.042201,-0.487703,-0.036831,0.999109,-0.020600,0.488138,-0.000000,-0.872766,1
65,3.206985,1,1,1,1,0.807467,0.115530,4.640933,-0.103572,0.102332,4.193876,-0.092970,-0.365362,3.611402,0.223399,0.154671,3.458912,0.277420,0.343729,3.743723,0.300540,0.275341,3.768556,-43.704132,52.878487,69.524200,-109.424042,1.0,65,1,1,1,-38.029739,54.676929,-0.876273,-0.037586,-0.480346,-0.032959,0.999293,-0.018067,0.480686,0.000000,-0.876893,1
66,3.275953,1,1,1,1,0.823992,0.107621,4.644498,-0.085908,0.104728,4.203806,-0.111988,-0.366937,3.623119,0.178882,0.151511,3.438702,0.218029,0.342976,3.724701,0.237705,0.275440,3.751435,-38.475388,54.067818,73.613724,-113.748177,1.0,66,1,1,1,-31.743027,55.599167,-0.883533,-0.027469,-0.467562,-0.024279,0.999623,-0.012848,0.467738,0.000000,-0.883867,1
67,3.310437,1,1,1,1,0.830738,0.103888,4.647018,-0.077717,0.106323,4.207926,-0.119636,-0.369350,3.629323,0.158844,0.149577,3.430842,0.190392,0.341626,3.717456,0.208013,0.274443,3.745026,-36.032272,54.552063,75.409210,-115.884521,1.0,67,1,1,1,-28.693634,56.006634,-0.886327,-0.022740,-0.462501,-0.020160,0.999741,-0.010520,0.462620,0.000000,-0.886557,1
68,3.379404,1,1,1,1,0.842377,0.095435,4.650365,-0.061020,0.112341,4.210892,-0.134348,-0.376895,3.640472,0.111335,0.144753,3.414471,0.125873,0.337448,3.702160,0.138768,0.271391,3.731102,-29.565033,55.690216,79.401764,-121.024666,1.0,68,1,1,1,-21.237869,57.155693,-0.890274,-0.011203,-0.455288,-0.009974,0.999937,-0.005101,0.455316,0.000000,-0.890330,1
69,3.413888,1,1,1,1,0.846812,0.091914,4.651573,-0.055059,0.115534,4.212122,-0.139785,-0.380799,3.646443,0.089897,0.142897,3.408412,0.096326,0.335565,3.696566,0.107325,0.270219,3.726009,-26.566650,56.173592,81.075043,-123.535423,1.0,69,1,1,1,-17.560089,57.625557,-0.891704,-0.005701,-0.452583,-0.005084,0.999984,-0.002580,0.452591,0.000000,-0.891718,1
70,3.482855,1,1,1,1,0.854163,0.083100,4.650753,-0.048058,0.122048,4.214171,-0.152297,-0.389184,3.659726,0.035496,0.138728,3.397992,0.021396,0.329727,3.686959,0.027118,0.267328,3.716592,-18.620483,57.265564,84.652344,-129.534302,1.0,70,1,1,1,-8.389069,58.671581,-0.894186,0.007288,-0.447636,0.006517,0.999973,0.003263,0.447648,0.000000,-0.894210,1
71,3.517339,1,1,1,1,0.857143,0.079197,4.649519,-0.046069,0.123406,4.215022,-0.157206,-0.392882,3.665437,0.011414,0.136528,3.393046,-0.012805,0.326359,3.682272,-0.009315,0.265554,3.711767,-14.986252,57.669353,86.136414,-132.425812,1.0,71,1,1,1,-4.069763,58.882259,-0.895246,0.013114,-0.445379,0.011742,0.999914,0.005841,0.445418,0.000000,-0.895323,1
72,3.551823,1,1,1,1,0.860565,0.075346,4.647696,-0.044120,0.123381,4.215774,-0.161816,-0.396762,3.670686,-0.013193,0.133131,3.387706,-0.048854,0.321612,3.676918,-0.047561,0.262233,3.706156,-11.152496,57.979477,87.585876,-135.370789,0.0,72,1,1,1,0.363358,58.911022,-0.896307,0.018619,-0.443043,0.016691,0.999827,0.008250,0.443119,0.000000,-0.896463,1
73,3.620790,1,1,1,1,0.870917,0.068578,4.646318,-0.034238,0.120755,4.217026,-0.169656,-0.402266,3.679616,-0.065723,0.124225,3.374499,-0.126504,0.311527,3.662055,-0.131322,0.252967,3.690663,-1.977890,57.979477,87.585876,-135.370789,0.0,73,1,0,1,9.835266,58.282745,-0.898185,0.028363,-0.438701,0.025485,0.999598,0.012448,0.438878,0.000000,-0.898547,1
74,3.655274,1,1,1,1,0.875861,0.065963,4.647477,-0.029774,0.119571,4.219614,-0.172509,-0.401659,3.684349,-0.087695,0.120605,3.367934,-0.158906,0.307793,3.654339,-0.165988,0.249198,3.682709,1.956284,57.979477,87.585876,-135.370789,0.0,74,1,0,1,13.773758,57.506248,-0.898977,0.032337,-0.436802,0.029085,0.999477,0.014132,0.437030,0.000000,-0.899447,1
75,3.724241,1,1,1,1,0.886617,0.061725,4.652750,-0.020137,0.117525,4.227821,-0.176910,-0.389924,3.691418,-0.134662,0.116703,3.350011,-0.228606,0.304712,3.632296,-0.241234,0.245052,3.659963,10.579407,56.698673,104.789093,-148.289627,0.0,75,1,1,1,21.682449,55.049522,-0.900540,0.039136,-0.433009,0.035270,0.999234,0.016959,0.433341,0.000000,-0.901230,1
76,3.758725,1,1,1,1,0.891603,0.060281,4.656179,-0.016308,0.116913,4.233295,-0.178998,-0.384002,3.695760,-0.155008,0.115805,3.343166,-0.258847,0.304206,3.623117,-0.273416,0.243973,3.650487,14.116821,55.972149,119.063232,-154.500290,0.0,76,1,1,1,24.742493,53.789818,-0.901281,0.041879,-0.431207,0.037778,0.999123,0.018075,0.431586,-0.000000,-0.902072,1
77,3.827692,1,1,1,1,0.901612,0.057439,4.660364,-0.009117,0.115985,4.242413,-0.190626,-0.367974,3.701342,-0.201968,0.114933,3.326490,-0.325434,0.303886,3.600730,-0.343216,0.242382,3.627444,21.057144,53.750298,153.106262,-167.349182,0.0,77,1,1,1,29.993454,50.889458,-0.903090,0.046679,-0.426907,0.042201,0.998910,0.019949,0.427373,0.000000,-0.904075,1
78,3.862176,1,1,1,1,0.905831,0.056305,4.661503,-0.006349,0.115681,4.246195,-0.196811,-0.361376,3.703615,-0.222573,0.114549,3.319005,-0.353923,0.303631,3.590452,-0.373880,0.241481,3.616570,23.764893,52.708843,172.795959,-173.084702,0.0,78,1,1,1,31.898407,49.580521,-0.903971,0.048653,-0.424816,0.044033,0.998816,0.020693,0.425320,0.000000,-0.905043,1
79,3.931143,1,1,1,1,0.914495,0.053731,4.661398,-0.001222,0.115245,4.252496,-0.216541,-0.346603,3.707656,-0.273521,0.114981,3.305383,-0.420866,0.303509,3.570607,-0.446055,0.239861,3.594752,28.957748,50.193905,-148.209717,176.021545,1.0,79,1,1,1,35.644043,46.955688,-0.906184,0.052322,-0.419634,0.047479,0.998630,0.021986,0.420209,0.000000,-0.907427,1
80,3.965627,1,1,1,1,0.917995,0.052628,4.660965,0.000809,0.115093,4.255110,-0.225337,-0.340647,3.709486,-0.294557,0.115995,3.299962,-0.447742,0.303944,3.562521,-0.474833,0.239674,3.585717,30.956970,49.124565,-135.616699,171.301727,1.0,80,1,1,1,36.962250,45.912487,-0.907240,0.053882,-0.417148,0.048955,0.998547,0.022509,0.417755,0.000000,-0.908560,1
81,4.000111,1,1,1,1,0.921816,0.051023,4.659672,0.002778,0.114972,4.257421,-0.235134,-0.335188,3.711555,-0.316754,0.117771,3.295993,-0.477247,0.304553,3.555459,-0.505814,0.239728,3.577593,32.782318,48.097954,-126.062485,166.916443,1.0,81,1,1,1,38.265259,45.014252,-0.908375,0.055425,-0.414468,0.050424,0.998463,0.023007,0.415106,0.000000,-0.909773,1
82,4.069078,1,1,1,1,0.931476,0.045566,4.652820,0.006572,0.114725,4.261271,-0.257708,-0.324811,3.716563,-0.365885,0.122651,3.292088,-0.541630,0.304629,3.545367,-0.572349,0.239193,3.564837,36.347534,46.061401,-113.010345,158.814636,1.0,82,1,1,1,40.938080,43.439137,-0.911476,0.059301,-0.407057,0.054147,0.998240,0.024182,0.407775,0.000000,-0.913083,1
83,4.103562,1,1,1,1,0.935676,0.043194,4.648858,0.008033,0.114584,4.262869,-0.267153,-0.320879,3.719035,-0.386765,0.124819,3.291301,-0.569602,0.303982,3.541575,-0.600103,0.238828,3.559970,37.763550,45.249748,-108.661697,155.314026,1.0,83,1,1,1,42.016953,42.811703,-0.913023,0.061137,-0.403300,0.055924,0.998129,0.024703,0.404056,0.000000,-0.914734,1
84,4.172529,1,1,1,1,0.944690,0.037831,4.634025,0.010425,0.112859,4.261633,-0.285896,-0.313563,3.719818,-0.431136,0.129104,3.288267,-0.630535,0.299064,3.532122,-0.660214,0.236943,3.547268,40.644180,43.673622,-102.255829,148.805145,1.0,84,1,1,1,44.353256,41.644222,-0.917054,0.065014,-0.393427,0.059747,0.997884,0.025632,0.394261,-0.000000,-0.918998,1
85,4.207013,1,1,1,1,0.948545,0.035496,4.626736,0.011343,0.111921,4.261120,-0.293879,-0.310973,3.720520,-0.449857,0.131010,3.288000,-0.655918,0.296783,3.528965,-0.685018,0.236227,3.542587,41.800613,43.058270,-100.001678,145.985535,1.0,85,1,1,1,45.274292,41.209877,-0.919012,0.066720,-0.388544,0.061453,0.997772,0.025981,0.389411,-0.000000,-0.921064,1
86,4.275981,1,1,1,1,0.956822,0.031036,4.610335,0.013007,0.109001,4.260266,-0.312926,-0.306836,3.723676,-0.490322,0.136985,3.292598,-0.706724,0.293106,3.529322,-0.733883,0.236163,3.540147,44.101959,42.037685,-96.385345,140.720886,0.0,86,1,1,1,47.065094,40.723610,-0.923813,0.069797,-0.376427,0.064637,0.997561,0.026338,0.377347,-0.000000,-0.926072,1
87,4.310464,1,1,1,1,0.960247,0.029256,4.602500,0.013606,0.107443,4.259912,-0.321219,-0.305284,3.725392,-0.507217,0.139901,3.295685,-0.727334,0.291944,3.530751,-0.753590,0.236524,3.540370,45.012512,41.678650,-95.060730,138.433716,0.0,87,1,1,1,47.747726,40.600140,-0.926080,0.071014,-0.370584,0.065931,0.997475,0.026383,0.371522,0.000000,-0.928424,1
88,4.379432,1,1,1,1,0.965335,0.025621,4.584754,0.014473,0.103637,4.255425,-0.337729,-0.301729,3.725115,-0.540006,0.145563,3.299163,-0.765305,0.288654,3.532397,-0.790127,0.236595,3.539478,46.734528,41.118351,-92.893127,134.157776,0.0,88,1,1,1,48.951736,40.396935,-0.930970,0.072864,-0.357750,0.068015,0.997342,0.026136,0.358703,-0.000000,-0.933452,1
89,4.413915,1,1,1,1,0.967376,0.024109,4.576776,0.014762,0.101982,4.253563,-0.345035,-0.300258,3.725417,-0.553683,0.147823,3.301369,-0.780714,0.287020,3.534079,-0.805009,0.236465,3.539971,47.396942,40.922043,-92.107117,132.300232,0.0,89,1,1,1,49.386780,40.332359,-0.933157,0.073555,-0.351863,0.068825,0.997291,0.025952,0.352818,-0.000000,-0.935692,1
90,4.482883,1,1,1,1,0.971695,0.020333,4.560787,0.015247,0.097875,4.250462,-0.359539,-0.297605,3.726814,-0.582825,0.153355,3.308797,-0.813182,0.284156,3.540986,-0.836506,0.236481,3.544523,48.752167,40.667046,-90.698334,128.761658,0.0,90,1,1,1,50.497131,40.338715,-0.937807,0.074544,-0.339060,0.070103,0.997218,0.025345,0.340006,-0.000000,-0.940423,1
91,4.517367,1,1,1,1,0.973472,0.018674,4.553543,0.015428,0.096056,4.249176,-0.365642,-0.296688,3.727727,-0.595304,0.155802,3.313022,-0.827080,0.283124,3.545014,-0.849918,0.236553,3.547555,49.313843,40.667046,-90.138611,127.200775,0.0,91,1,1,1,51.000977,40.386978,-0.939874,0.074901,-0.333208,0.070596,0.997191,0.025028,0.334146,-0.000000,-0.942521,1
92,4.551850,1,1,1,1,0.975156,0.016914,4.546619,0.015609,0.094056,4.248038,-0.371319,-0.295981,3.728728,-0.607605,0.158217,3.317818,-0.840746,0.282177,3.549667,-0.863198,0.236543,3.551242,49.874146,40.667046,-89.601044,125.710876,0.0,92,1,1,1,51.557251,40.458935,-0.941896,0.075168,-0.327387,0.071001,0.997171,0.024679,0.328316,-0.000000,-0.944568,1
93,4.620818,1,1,1,1,0.977556,0.012641,4.531423,0.016157,0.089484,4.242247,-0.380676,-0.294395,3.726412,-0.633361,0.162290,3.324688,-0.870412,0.279140,3.555848,-0.892700,0.235059,3.555189,51.265198,40.667046,-88.331482,122.724854,0.0,93,1,1,1,53.056244,40.491962,-0.945841,0.075517,-0.315724,0.071632,0.997145,0.023911,0.316628,0.000000,-0.948550,1
94,4.655301,1,1,1,1,0.978644,0.010556,4.524683,0.016412,0.087410,4.239844,-0.384809,-0.294065,3.725761,-0.644906,0.163907,3.328892,-0.883849,0.277410,3.559678,-0.905887,0.234152,3.558035,51.894226,40.667046,-87.765991,121.372925,0.0,94,1,1,1,53.783813,40.536564,-0.947536,0.075657,-0.310568,0.071894,0.997134,0.023564,0.311461,-0.000000,-0.950259,1
95,4.724269,1,1,1,1,0.980223,0.005421,4.509587,0.016933,0.082555,4.231944,-0.392103,-0.293310,3.720727,-0.669451,0.165360,3.334384,-0.912275,0.269068,3.564946,-0.932925,0.228418,3.561574,53.479218,40.667046,-86.565704,118.565155,0.0,95,1,1,1,55.519989,40.419884,-0.950730,0.075976,-0.300565,0.072442,0.997110,0.022902,0.301436,0.000000,-0.953486,1
96,4.758753,1,1,1,1,0.981023,0.003179,4.502867,0.017140,0.080428,4.228667,-0.396203,-0.293488,3.719294,-0.680790,0.165400,3.338003,-0.925238,0.264487,3.568545,-0.945519,0.224489,3.564303,54.178329,40.667046,-86.078674,117.277588,0.0,96,1,1,1,56.278366,40.380459,-0.952092,0.076120,-0.296186,0.072684,0.997099,0.022611,0.297048,0.000000,-0.954863,1
97,4.827720,1,1,1,1,0.982512,-0.001359,4.488860,0.017381,0.075703,4.221259,-0.407252,-0.295579,3.717419,-0.705141,0.163205,3.346013,-0.951547,0.252865,3.577202,-0.971234,0.213281,3.571371,55.705429,40.667046,-85.221619,114.594360,0.0,97,1,1,1,57.671692,40.284557,-0.954728,0.076301,-0.287527,0.073060,0.997085,0.022003,0.288368,-0.000000,-0.957520,1
98,4.862204,1,1,1,1,0.983187,-0.003198,4.482633,0.017421,0.073671,4.218186,-0.412191,-0.296699,3.717192,-0.715432,0.162084,3.350382,-0.962494,0.248034,3.581928,-0.981820,0.208580,3.575481,56.342804,40.667046,-84.890320,113.364685,0.0,98,1,1,1,58.257355,40.268551,-0.955867,0.076343,-0.283706,0.073187,0.997082,0.021722,0.284536,-0.000000,-0.958665,1
99,4.931171,1,1,1,1,0.984080,-0.006802,4.470068,0.017342,0.069598,4.211118,-0.423374,-0.299082,3.716836,-0.735759,0.159315,3.358444,-0.983603,0.239172,3.590821,-1.001833,0.199769,3.583632,57.610764,40.667046,-84.300385,110.831726,0.0,99,1,1,1,59.243378,40.235958,-0.958061,0.076282,-0.276225,0.073297,0.997086,0.021133,0.277032,-0.000000,-0.960861,1
100,4.965655,1,1,1,1,0.984449,-0.008354,4.464641,0.017292,0.067993,4.208186,-0.428961,-0.300226,3.717616,-0.744710,0.158258,3.363050,-0.992782,0.235824,3.595829,-1.010991,0.195968,3.588157,58.116547,40.667046,-84.071533,109.682404,0.0,100,1,1,1,59.635834,40.265686,-0.958998,0.076253,-0.272961,0.073340,0.997089,0.020875,0.273758,0.000000,-0.961798,1
101,5.000139,1,1,1,1,0.984298,-0.009957,4.458500,0.017218,0.066387,4.203525,-0.434125,-0.300906,3.716461,-0.750991,0.156932,3.364182,-0.998936,0.232447,3.597507,-1.017401,0.191770,3.589278,58.521515,40.667046,-83.924438,108.587219,0.0,101,1,1,1,59.737930,40.279987,-0.959839,0.076233,-0.269997,0.073385,0.997090,0.020643,0.270785,0.000000,-0.962640,1
102,5.069106,1,1,1,1,0.984412,-0.013391,4.447516,0.017079,0.063229,4.195761,-0.445173,-0.302444,3.716561,-0.761083,0.152886,3.365852,-1.006877,0.224471,3.601274,-1.026783,0.181206,3.591585,58.934616,40.667046,-83.924438,106.539795,0.0,102,1,1,1,59.466522,40.240288,-0.961362,0.076293,-0.264505,0.073560,0.997085,0.020239,0.265278,0.000000,-0.964172,1
103,5.103590,1,1,1,1,0.984559,-0.014783,4.442745,0.017031,0.061940,4.192540,-0.449300,-0.302985,3.716798,-0.764164,0.150977,3.366095,-1.008667,0.220947,3.602706,-1.029230,0.176687,3.592329,58.934616,40.667046,-84.128876,105.657288,0.0,103,1,1,1,59.244141,40.204018,-0.962002,0.076335,-0.262154,0.073649,0.997082,0.020070,0.262921,0.000000,-0.964817,1
104,5.172557,1,1,1,1,0.984939,-0.017212,4.434223,0.016855,0.059388,4.187174,-0.455463,-0.303531,3.717117,-0.767367,0.147159,3.364799,-1.009104,0.214611,3.603961,-1.030427,0.169068,3.592544,58.934616,40.405323,-84.848389,104.061218,0.0,104,1,1,1,58.602325,40.068329,-0.963227,0.076369,-0.257608,0.073776,0.997080,0.019731,0.258363,-0.000000,-0.966048,1
105,5.207041,1,1,1,1,0.985071,-0.018090,4.430562,0.016726,0.058270,4.184948,-0.457431,-0.303613,3.717062,-0.767974,0.145636,3.363688,-1.008580,0.212193,3.604024,-1.030078,0.166311,3.592221,58.773026,40.405323,-85.192657,103.379425,0.0,105,1,1,1,58.287659,39.997597,-0.963754,0.076345,-0.255637,0.073793,0.997081,0.019574,0.256385,0.000000,-0.966575,1
106,5.276008,1,1,1,1,0.985927,-0.019468,4.425673,0.015886,0.055452,4.185137,-0.460832,-0.304572,3.720748,-0.770446,0.143372,3.366344,-1.008839,0.208245,3.609047,-1.030179,0.162425,3.596800,58.371933,40.405323,-85.948059,102.109589,0.0,106,1,1,1,57.855499,39.944908,-0.964986,0.075883,-0.251084,0.073438,0.997117,0.019108,0.251810,0.000000,-0.967777,1
107,5.310492,1,1,1,1,0.986111,-0.019948,4.423386,0.015362,0.054023,4.185215,-0.461774,-0.305233,3.722015,-0.771056,0.142440,3.367258,-1.008695,0.206501,3.610991,-1.029832,0.160840,3.598612,58.196793,40.405323,-86.261841,101.556213,0.0,107,1,1,1,57.670685,39.948074,-0.965563,0.075555,-0.248956,0.073162,0.997142,0.018864,0.249670,0.000000,-0.968331,1
108,5.379459,1,1,1,1,0.986118,-0.020773,4.418780,0.014004,0.050870,4.185345,-0.462945,-0.307399,3.723750,-0.771289,0.139714,3.368059,-1.008175,0.202035,3.613480,-1.028547,0.156876,3.601063,57.770691,40.405323,-86.907257,100.516113,0.0,108,1,1,1,57.222046,39.982101,-0.966849,0.074368,-0.244280,0.072102,0.997231,0.018217,0.244958,-0.000000,-0.969534,1
109,5.413943,1,1,1,1,0.986078,-0.021092,4.416724,0.013445,0.049645,4.185399,-0.463306,-0.308437,3.724450,-0.771127,0.138146,3.368085,-1.007784,0.199853,3.614206,-1.027840,0.154801,3.601805,57.574966,40.405323,-87.174408,100.064209,0.0,109,1,1,1,56.987061,39.976192,-0.967431,0.073768,-0.242149,0.071561,0.997275,0.017912,0.242810,-0.000000,-0.970074,1
110,5.482911,1,1,1,1,0.985934,-0.021712,4.412966,0.012455,0.047561,4.185489,-0.463753,-0.310991,3.725750,-0.770361,0.134097,3.367552,-1.006726,0.195797,3.614739,-1.026290,0.150646,3.602481,57.083191,40.405323,-87.681091,99.233398,0.0,110,1,1,1,56.450012,39.929905,-0.968626,0.072417,-0.237737,0.070330,0.997375,0.017262,0.238363,0.000000,-0.971176,1
111,5.517394,1,1,1,1,0.985876,-0.021969,4.411373,0.012105,0.046798,4.185526,-0.463887,-0.312260,3.726399,-0.769976,0.132180,3.367296,-1.006094,0.194143,3.614962,-1.025547,0.148890,3.602773,56.864304,40.280384,-87.879364,98.876984,0.0,111,1,1,1,56.206757,39.905083,-0.969148,0.071818,-0.235786,0.069783,0.997418,0.016978,0.236396,0.000000,-0.971657,1
112,5.551878,1,1,1,1,0.985844,-0.022266,4.409974,0.011859,0.046144,4.185559,-0.463877,-0.313578,3.727032,-0.769368,0.130206,3.366954,-1.005037,0.192723,3.615116,-1.024525,0.147327,3.602978,56.637741,40.280384,-88.060883,98.552795,0.0,112,1,1,1,55.957214,39.877689,-0.969640,0.071259,-0.233922,0.069272,0.997458,0.016712,0.234518,0.000000,-0.972112,1
113,5.620845,1,1,1,1,0.985949,-0.023803,4.407401,0.011641,0.045028,4.185615,-0.463206,-0.316886,3.728328,-0.765807,0.126510,3.366050,-0.999532,0.191141,3.615479,-1.019522,0.145449,3.603401,56.059082,40.280384,-88.451263,98.035492,0.0,113,1,1,1,55.313995,39.924847,-0.970565,0.070520,-0.230283,0.068615,0.997510,0.016280,0.230858,0.000000,-0.972987,1
114,5.655329,1,1,1,1,0.986032,-0.024768,4.406201,0.011589,0.044624,4.185637,-0.462663,-0.318573,3.728931,-0.763103,0.125116,3.365516,-0.995489,0.190760,3.615728,-1.015857,0.145008,3.603641,55.781494,40.280384,-88.639282,97.840515,0.0,114,1,1,1,54.947693,39.998985,-0.970955,0.070325,-0.228693,0.068452,0.997524,0.016123,0.229261,0.000000,-0.973365,1
115,5.724297,1,1,1,1,0.986641,-0.027255,4.404740,0.011505,0.044041,4.187624,-0.458711,-0.322777,3.730995,-0.751590,0.123114,3.364950,-0.978538,0.191508,3.617863,-0.999358,0.146814,3.606074,54.964661,40.280384,-89.275604,97.840515,0.0,115,1,1,1,53.912933,40.340336,-0.971748,0.070577,-0.225222,0.068755,0.997506,0.015935,0.225785,0.000000,-0.974177,1
116,5.758780,1,1,1,1,0.986839,-0.028323,4.404048,0.011462,0.043842,4.188448,-0.456153,-0.324726,3.731462,-0.745267,0.122399,3.364155,-0.969275,0.192188,3.618577,-0.990115,0.148145,3.607051,54.576477,40.280384,-89.597565,97.840515,0.0,116,1,1,1,53.410416,40.514000,-0.972094,0.070812,-0.223648,0.069009,0.997490,0.015877,0.224210,-0.000000,-0.974541,1
117,5.827748,1,1,1,1,0.987520,-0.030437,4.403574,0.011349,0.043489,4.191769,-0.447066,-0.329775,3.732337,-0.728002,0.121720,3.363410,-0.944615,0.195547,3.621423,-0.964908,0.153865,3.610826,53.628784,40.607594,-90.404968,97.840515,0.0,117,1,1,1,52.408539,41.028904,-0.972840,0.071686,-0.220098,0.069919,0.997427,0.015819,0.220665,0.000000,-0.975350,1
118,5.862231,1,1,1,1,0.987762,-0.031287,4.403280,0.011302,0.043325,4.193147,-0.442255,-0.331892,3.732039,-0.718897,0.121466,3.362150,-0.931973,0.197182,3.621975,-0.951898,0.156551,3.611905,53.192078,40.771778,-90.782715,97.840515,0.0,118,1,1,1,51.880295,41.264977,-0.973175,0.072131,-0.218468,0.070380,0.997395,0.015800,0.219039,0.000000,-0.975716,1
119,5.931199,1,1,1,1,0.988926,-0.032851,4.404429,0.011238,0.043142,4.199339,-0.430451,-0.338379,3.734458,-0.694097,0.120605,3.362429,-0.898978,0.200584,3.626281,-0.918092,0.161737,3.617445,51.955719,41.315445,-91.823090,98.306183,0.0,119,1,1,1,50.363831,42.015446,-0.973985,0.073218,-0.214460,0.071505,0.997316,0.015745,0.215037,0.000000,-0.976606,1
120,5.965683,1,1,1,1,0.989282,-0.033448,4.404937,0.011218,0.043078,4.201909,-0.424561,-0.341689,3.735070,-0.681990,0.119654,3.361863,-0.882801,0.201558,3.627761,-0.901325,0.163309,3.619631,51.371643,41.571983,-92.321625,98.569122,0.0,120,1,1,1,49.617203,42.342579,-0.974356,0.073720,-0.212593,0.072026,0.997279,0.015715,0.213173,0.000000,-0.977015,1
121,6.000166,1,1,1,1,0.989470,-0.033979,4.405554,0.011201,0.043029,4.204180,-0.417749,-0.345796,3.735280,-0.668663,0.117929,3.360853,-0.864396,0.201997,3.629066,-0.882401,0.164146,3.621693,50.737976,41.848255,-92.881378,98.876343,0.0,121,1,1,1,48.834534,42.678143,-0.974716,0.074221,-0.210763,0.072544,0.997242,0.015686,0.211346,0.000000,-0.977411,1
122,6.069134,1,1,1,1,0.989271,-0.035545,4.408071,0.011372,0.042772,4.207963,-0.400222,-0.356069,3.734154,-0.633619,0.112488,3.356181,-0.815522,0.202902,3.629808,-0.832110,0.164862,3.624423,48.997421,42.550789,-94.467804,99.744354,0.0,122,1,1,1,46.756332,43.455345,-0.975307,0.075388,-0.207586,0.073737,0.997154,0.015694,0.208179,0.000000,-0.978091,1
123,6.103617,1,1,1,1,0.989496,-0.036371,4.410607,0.011496,0.042657,4.211601,-0.393066,-0.361021,3.735859,-0.618028,0.109987,3.356238,-0.792679,0.203368,3.632663,-0.808970,0.164887,3.628215,48.186279,42.870296,-95.221222,100.193909,0.0,123,1,1,1,45.749725,43.830070,-0.975560,0.075951,-0.206192,0.074309,0.997112,0.015706,0.206789,-0.000000,-0.978386,1
124,6.172585,1,1,1,1,0.989174,-0.038330,4.416841,0.011837,0.041559,4.217661,-0.379264,-0.370931,3.738127,-0.580932,0.102145,3.352247,-0.737016,0.203418,3.634762,-0.753313,0.163159,3.632386,45.852127,43.567348,-97.358398,101.472290,0.0,124,1,1,1,42.846725,44.464855,-0.975908,0.077085,-0.204112,0.075453,0.997025,0.015781,0.204721,0.000000,-0.978820,1
125,6.207069,1,1,1,1,0.989077,-0.039656,4.420000,0.012235,0.040826,4.220176,-0.373060,-0.374743,3.738651,-0.563900,0.098596,3.349339,-0.711392,0.203404,3.634715,-0.728126,0.162345,3.633255,44.752441,43.841965,-98.351257,102.139282,0.0,125,1,1,1,41.449219,44.666851,-0.976009,0.077619,-0.203423,0.075987,0.996983,0.015837,0.204039,0.000000,-0.978963,1
126,6.276036,1,1,1,1,0.990319,-0.044509,4.429672,0.014523,0.038796,4.228261,-0.358877,-0.382917,3.742769,-0.526666,0.090441,3.345996,-0.655019,0.203822,3.636806,-0.674040,0.161138,3.637090,42.016174,44.340816,-100.645874,103.937592,0.0,126,1,1,1,38.492950,44.983139,-0.975996,0.079282,-0.202847,0.077623,0.996852,0.016133,0.203487,0.000000,-0.979078,1
127,6.310520,1,1,1,1,0.990817,-0.046849,4.434114,0.015596,0.037819,4.231615,-0.352419,-0.386012,3.744021,-0.510259,0.086807,3.343507,-0.630105,0.203863,3.636745,-0.650615,0.160576,3.637766,40.810425,44.512760,-101.621521,104.854309,0.0,127,1,1,1,37.188644,45.029236,-0.975934,0.080140,-0.202804,0.078464,0.996784,0.016305,0.203459,0.000000,-0.979084,1
128,6.379487,1,1,1,1,0.991750,-0.052519,4.442785,0.017964,0.035237,4.237203,-0.338371,-0.391902,3.744757,-0.474666,0.075943,3.334588,-0.576056,0.201993,3.631989,-0.601098,0.157558,3.634438,37.971558,44.512760,-103.712921,107.273254,0.0,128,1,1,1,34.316223,44.742527,-0.975567,0.082385,-0.203669,0.080646,0.996601,0.016837,0.204364,0.000000,-0.978895,1
129,6.413971,1,1,1,1,0.992069,-0.054883,4.446651,0.018890,0.034036,4.239521,-0.333115,-0.394653,3.745076,-0.460341,0.070936,3.330358,-0.554058,0.200991,3.629445,-0.580874,0.156053,3.632612,36.755692,44.512760,-104.571808,108.479736,0.0,129,1,1,1,33.103516,44.557449,-0.975356,0.083435,-0.204253,0.081663,0.996513,0.017101,0.204968,-0.000000,-0.978769,1
130,6.482938,1,1,1,1,0.992365,-0.059861,4.453969,0.020428,0.031046,4.243382,-0.320334,-0.401310,3.744497,-0.430111,0.060530,3.321226,-0.509215,0.199887,3.622648,-0.539276,0.153780,3.627494,34.176788,44.512760,-106.147247,111.318451,0.0,130,1,1,1,30.856201,44.204906,-0.974757,0.085651,-0.206186,0.083797,0.996325,0.017725,0.206947,0.000000,-0.978352,1
131,6.517422,1,1,1,1,0.992906,-0.062117,4.458263,0.020993,0.029630,4.247052,-0.314325,-0.404645,3.746086,-0.418185,0.056618,3.319536,-0.491808,0.199818,3.621800,-0.523056,0.153191,3.627447,33.161865,44.512760,-106.713760,112.655884,0.0,131,1,1,1,30.113312,44.087650,-0.974493,0.086634,-0.207023,0.084743,0.996240,0.018003,0.207804,0.000000,-0.978171,1
132,6.551906,1,1,1,1,0.993220,-0.064459,4.462284,0.021442,0.028005,4.250297,-0.307634,-0.407677,3.746873,-0.406612,0.052975,3.317300,-0.475804,0.199747,3.620173,-0.507920,0.152533,3.626631,32.248520,44.373592,-107.181091,113.989014,0.0,132,1,1,1,29.504990,43.955555,-0.974234,0.087574,-0.207846,0.085646,0.996158,0.018272,0.208648,-0.000000,-0.977991,1
133,6.620873,1,1,1,1,0.993338,-0.069622,4.469435,0.021970,0.024058,4.255702,-0.293971,-0.413329,3.746693,-0.385678,0.045844,3.311665,-0.450938,0.199399,3.614828,-0.484034,0.150745,3.622869,30.662201,44.055717,-107.800598,116.682739,0.0,133,1,1,1,28.619644,43.646423,-0.973688,0.089382,-0.209627,0.087380,0.995997,0.018812,0.210469,0.000000,-0.977601,1
134,6.655357,1,1,1,1,0.993297,-0.071911,4.472483,0.022113,0.022296,4.257945,-0.288810,-0.415495,3.746356,-0.377751,0.042870,3.308875,-0.442389,0.199000,3.611999,-0.475683,0.149765,3.620737,30.068008,43.913433,-108.000763,117.885498,0.0,134,1,1,1,28.283188,43.486038,-0.973441,0.090161,-0.210438,0.088125,0.995927,0.019051,0.211298,0.000000,-0.977422,1
135,6.724324,1,1,1,1,0.992983,-0.077198,4.477841,0.022239,0.018407,4.261681,-0.281094,-0.418977,3.745134,-0.366041,0.036826,3.302790,-0.433153,0.197730,3.605107,-0.466740,0.147319,3.615042,29.076721,43.545151,-108.000763,120.161072,0.0,135,1,1,1,27.800354,43.070957,-0.972915,0.091775,-0.212165,0.089667,0.995780,0.019554,0.213064,0.000000,-0.977038,1
136,6.758808,1,1,1,1,0.992813,-0.079575,4.480120,0.022269,0.016774,4.263231,-0.278643,-0.420178,3.744517,-0.362471,0.034362,3.299970,-0.431360,0.197063,3.601772,-0.465055,0.146180,3.612198,28.723969,43.374222,-108.000763,121.144897,0.0,136,1,1,1,27.664398,42.860779,-0.972675,0.092512,-0.212943,0.090372,0.995712,0.019785,0.213860,-0.000000,-0.976864,1
137,6.827775,1,1,1,1,0.992346,-0.085352,4.484043,0.022274,0.013449,4.265813,-0.276602,-0.422245,3.743526,-0.358943,0.029414,3.294714,-0.432936,0.194947,3.595165,-0.466792,0.143070,3.606384,28.191147,42.948505,-108.000763,122.899445,0.0,137,1,1,1,27.505081,42.400352,-0.972146,0.094370,-0.214537,0.092152,0.995537,0.020337,0.215499,0.000000,-0.976504,1
138,6.862259,1,1,1,1,0.992119,-0.087753,4.485755,0.022270,0.012111,4.266884,-0.276453,-0.423146,3.743232,-0.358158,0.027248,3.292487,-0.434451,0.193501,3.592344,-0.468352,0.141232,3.603858,28.003571,42.759701,-108.000763,123.639832,0.0,138,1,1,1,27.440125,42.192570,-0.971902,0.095252,-0.215251,0.092999,0.995453,0.020597,0.216234,0.000000,-0.976342,1
139,6.931227,1,1,1,1,0.991606,-0.092280,4.488950,0.022276,0.009606,4.268668,-0.277488,-0.425659,3.743328,-0.358063,0.021042,3.288374,-0.439019,0.186645,3.587454,-0.472947,0.133104,3.599365,27.704727,42.285397,-108.294418,124.878387,0.0,139,1,1,1,27.319946,41.674702,-0.971371,0.097210,-0.216768,0.094877,0.995264,0.021172,0.217799,0.000000,-0.975994,1
140,6.965710,1,1,1,1,0.991430,-0.094013,4.490397,0.022342,0.008646,4.269408,-0.278106,-0.426917,3.743572,-0.358160,0.017800,3.286515,-0.440979,0.182365,3.585433,-0.474912,0.128091,3.597466,27.704727,42.066582,-108.490906,125.378662,0.0,140,1,1,1,27.255722,41.409283,-0.971128,0.098086,-0.217463,0.095715,0.995178,0.021433,0.218517,0.000000,-0.975833,1
141,7.000194,1,1,1,1,0.991299,-0.095548,4.491845,0.022487,0.007788,4.270063,-0.278840,-0.428392,3.744037,-0.358341,0.014080,3.284784,-0.442863,0.176904,3.583756,-0.476805,0.121799,3.595835,27.574310,41.830936,-108.780792,125.802002,0.0,141,1,1,1,27.182541,41.123100,-0.970882,0.098930,-0.218175,0.096523,0.995094,0.021690,0.219251,0.000000,-0.975669,1
142,7.069161,1,1,1,1,0.991220,-0.098351,4.494825,0.023063,0.006080,4.271153,-0.280600,-0.434109,3.746503,-0.359555,0.005423,3.283610,-0.446803,0.162663,3.583441,-0.480723,0.105943,3.595320,27.574310,41.328991,-109.760132,126.355408,0.0,142,1,1,1,27.150375,40.682690,-0.970340,0.100562,-0.219837,0.098076,0.994931,0.022220,0.220957,0.000000,-0.975284,1
143,7.103645,1,1,1,1,0.991227,-0.099457,4.496181,0.023344,0.005336,4.271605,-0.281318,-0.437242,3.748035,-0.360244,0.001511,3.283715,-0.448485,0.155841,3.584136,-0.482405,0.098416,3.595845,27.574310,41.129044,-110.235641,126.537506,0.0,143,1,1,1,27.172333,40.528446,-0.970091,0.101247,-0.220620,0.098726,0.994861,0.022452,0.221759,0.000000,-0.975101,1
144,7.172613,1,1,1,1,0.990441,-0.101796,4.496731,0.023967,0.003267,4.268462,-0.282512,-0.444847,3.747900,-0.362268,-0.009329,3.280269,-0.453790,0.136293,3.582488,-0.487523,0.078011,3.593353,27.574310,40.665539,-111.609177,126.537506,0.0,144,1,1,1,27.318298,40.068748,-0.969437,0.102404,-0.222945,0.099798,0.994743,0.022951,0.224124,0.000000,-0.974561,1
145,7.207096,1,1,1,1,0.990233,-0.102808,4.497066,0.024258,0.002227,4.267158,-0.283039,-0.448447,3.748236,-0.363751,-0.014887,3.278907,-0.457266,0.125979,3.582116,-0.490713,0.067424,3.592453,27.574310,40.451015,-112.274139,126.537506,0.0,145,1,1,1,27.440277,39.806606,-0.969123,0.102846,-0.224104,0.100201,0.994697,0.023171,0.225298,-0.000000,-0.974290,1
146,7.276064,1,1,1,1,0.990086,-0.104863,4.497787,0.024834,0.000020,4.264986,-0.283770,-0.455922,3.749736,-0.369746,-0.034675,3.273808,-0.469909,0.091862,3.579513,-0.501399,0.032573,3.588371,27.574310,39.589928,-114.479584,126.070099,0.0,146,1,1,1,27.879303,38.481216,-0.968440,0.103488,-0.226748,0.100763,0.994631,0.023592,0.227972,-0.000000,-0.973668,1
147,7.310547,1,1,1,1,0.990605,-0.105714,4.499210,0.025087,-0.000833,4.266152,-0.283305,-0.459288,3.752597,-0.372832,-0.045398,3.272851,-0.476671,0.074281,3.579679,-0.507009,0.014517,3.587783,27.717804,39.115128,-115.561691,125.752106,0.0,147,1,1,1,28.148834,37.688881,-0.968168,0.103730,-0.227794,0.100973,0.994606,0.023757,0.229029,0.000000,-0.973420,1
148,7.379515,1,1,1,1,0.991389,-0.107281,4.501577,0.025547,-0.002150,4.268096,-0.278509,-0.463332,3.755881,-0.382584,-0.072462,3.265984,-0.497521,0.029927,3.574651,-0.528248,-0.029445,3.579911,28.402924,37.413807,-118.088882,124.666504,0.0,148,1,1,1,29.285049,35.223251,-0.967717,0.104163,-0.229507,0.101352,0.994560,0.024037,0.230763,-0.000000,-0.973010,1
149,7.413999,1,1,1,1,0.991647,-0.107890,4.502535,0.025698,-0.002590,4.268903,-0.276122,-0.464496,3.756951,-0.387141,-0.084468,3.262028,-0.506961,0.009617,3.571504,-0.538228,-0.049433,3.575174,28.750977,36.569767,-119.159058,124.097076,0.0,149,1,1,1,29.796509,34.034443,-0.967536,0.104354,-0.230184,0.101520,0.994540,0.024153,0.231448,0.000000,-0.972847,1
150,7.482966,1,1,1,1,0.992733,-0.109010,4.506099,0.025766,-0.003097,4.274143,-0.271700,-0.463071,3.760935,-0.401343,-0.114351,3.253733,-0.534608,-0.044300,3.564093,-0.564682,-0.102684,3.564037,29.757828,34.008911,-121.760315,122.557373,0.0,150,1,1,1,31.054230,30.711555,-0.967364,0.104808,-0.230700,0.101949,0.994492,0.024313,0.231977,0.000000,-0.972721,1
151,7.517450,1,1,1,1,0.992937,-0.109398,4.507638,0.025678,-0.003245,4.276317,-0.269927,-0.461038,3.761837,-0.408629,-0.128112,3.248530,-0.548380,-0.070070,3.558954,-0.578941,-0.124271,3.556767,30.223175,32.764736,-122.764511,121.819519,0.0,151,1,1,1,31.620987,29.027483,-0.967319,0.105018,-0.230791,0.102151,0.994470,0.024372,0.232075,0.000000,-0.972698,1
152,7.551933,1,1,1,1,0.993080,-0.109694,4.509607,0.025395,-0.003306,4.279274,-0.268471,-0.458076,3.763033,-0.417090,-0.144446,3.243117,-0.563575,-0.101527,3.553228,-0.594800,-0.152261,3.548553,30.715759,31.329823,-123.773041,121.087463,0.0,152,1,1,1,32.195404,27.019497,-0.967317,0.105228,-0.230705,0.102357,0.994448,0.024412,0.231993,-0.000000,-0.972718,1
153,7.620901,1,1,1,1,0.992369,-0.110016,4.513356,0.024343,-0.003314,4.284198,-0.265967,-0.450418,3.763158,-0.436224,-0.185030,3.229087,-0.590840,-0.176430,3.538424,-0.624027,-0.224300,3.527955,31.856354,27.295366,-126.385147,119.602356,0.0,153,1,1,1,33.324951,22.100752,-0.967387,0.105643,-0.230221,0.102773,0.994404,0.024458,0.231517,-0.000000,-0.972831,1
154,7.655385,1,1,1,1,0.992399,-0.110133,4.516152,0.023858,-0.003310,4.288310,-0.265402,-0.447372,3.765085,-0.445142,-0.201791,3.224886,-0.601832,-0.206466,3.533900,-0.636520,-0.253312,3.520612,32.341705,25.483692,-127.471268,118.947144,0.0,154,1,1,1,33.799606,20.041792,-0.967463,0.105818,-0.229819,0.102953,0.994386,0.024456,0.231117,0.000000,-0.972926,1
155,7.724352,1,1,1,1,0.991736,-0.110191,4.521236,0.022677,-0.003519,4.295158,-0.266490,-0.440164,3.767276,-0.467641,-0.232669,3.216765,-0.623624,-0.260399,3.525662,-0.663476,-0.302896,3.506904,33.496857,21.369926,-129.786728,117.917084,0.0,155,1,1,1,34.984222,16.073048,-0.967710,0.106043,-0.228677,0.103200,0.994362,0.024387,0.229974,-0.000000,-0.973197,1
156,7.758836,1,1,1,1,0.991341,-0.110187,4.523429,0.022145,-0.003674,4.298000,-0.267333,-0.437323,3.768048,-0.476698,-0.244595,3.213196,-0.631652,-0.280327,3.522177,-0.673938,-0.320610,3.501064,33.972229,19.663115,-130.778259,117.547577,0.0,156,1,1,1,35.400177,14.536196,-0.967830,0.106105,-0.228136,0.103274,0.994355,0.024344,0.229431,-0.000000,-0.973325,1
157,7.827803,1,1,1,1,0.990231,-0.110137,4.527390,0.020937,-0.004371,4.302733,-0.270734,-0.433748,3.769682,-0.492072,-0.273471,3.206362,-0.642560,-0.319228,3.516270,-0.688737,-0.358346,3.491108,34.774384,16.016138,-132.996460,117.240845,0.0,157,1,1,1,35.807220,11.320342,-0.968091,0.105988,-0.227083,0.103187,0.994367,0.024204,0.228369,0.000000,-0.973575,1
158,7.862287,1,1,1,1,0.989772,-0.110155,4.529099,0.020462,-0.004779,4.304697,-0.272436,-0.432979,3.770562,-0.497638,-0.286090,3.203473,-0.646692,-0.336471,3.513637,-0.693914,-0.374383,3.486899,35.047577,14.517673,-133.981079,117.240845,0.0,158,1,1,1,35.868164,10.016590,-0.968206,0.105882,-0.226640,0.103095,0.994379,0.024133,0.227922,0.000000,-0.973680,1
159,7.931254,1,1,1,1,0.988908,-0.110469,4.532190,0.019636,-0.006107,4.307968,-0.275717,-0.435440,3.773323,-0.507189,-0.322160,3.199009,-0.655761,-0.385265,3.508498,-0.701807,-0.419466,3.479781,35.389496,11.167768,-136.393143,117.532776,0.0,159,1,1,1,35.829758,6.854438,-0.968425,0.105429,-0.225914,0.102672,0.994427,0.023951,0.227180,0.000000,-0.973853,1
160,7.965738,1,1,1,1,0.988572,-0.110649,4.533552,0.019336,-0.006768,4.309325,-0.276748,-0.437435,3.774816,-0.510513,-0.338108,3.197401,-0.659188,-0.406750,3.506372,-0.704216,-0.439932,3.476887,35.389496,9.765604,-137.386002,117.731506,0.0,160,1,1,1,35.785934,5.553786,-0.968517,0.105180,-0.225638,0.102437,0.994453,0.023865,0.226897,0.000000,-0.973919,1
161,8.000222,1,1,1,1,0.987718,-0.110783,4.533773,0.019020,-0.007657,4.308456,-0.277140,-0.440681,3.774463,-0.512441,-0.354543,3.194164,-0.661365,-0.428210,3.502522,-0.704972,-0.461178,3.472382,35.389496,8.410415,-138.233551,117.960999,0.0,161,1,1,1,35.706207,4.339763,-0.968563,0.104857,-0.225591,0.102123,0.994487,0.023786,0.226842,0.000000,-0.973932,1
162,8.069189,1,1,1,1,0.986339,-0.111266,4.534355,0.018306,-0.010545,4.307010,-0.277321,-0.449958,3.775083,-0.515087,-0.396398,3.189700,-0.663321,-0.483682,3.496161,-0.703823,-0.516864,3.464766,35.389496,5.345077,-139.796646,118.377441,0.0,162,1,1,1,35.512390,1.398153,-0.968563,0.103666,-0.226139,0.100951,0.994612,0.023570,0.227364,0.000000,-0.973810,1
163,8.103673,1,1,1,1,0.985850,-0.111523,4.534627,0.018011,-0.011939,4.306409,-0.277060,-0.453654,3.775338,-0.515896,-0.414239,3.187885,-0.663374,-0.508993,3.493147,-0.702807,-0.541015,3.461371,35.389496,4.043026,-140.620636,118.563629,0.0,163,1,1,1,35.442154,0.131928,-0.968549,0.103030,-0.226492,0.100323,0.994678,0.023460,0.227704,-0.000000,-0.973731,1
164,8.172640,1,1,1,1,0.985015,-0.112280,4.534943,0.017252,-0.015324,4.305409,-0.274399,-0.461552,3.775657,-0.515562,-0.450699,3.185063,-0.660947,-0.560747,3.487446,-0.698127,-0.591729,3.454836,35.389496,1.229019,-142.529968,118.895813,0.0,164,1,1,1,35.368073,-2.394291,-0.968515,0.101278,-0.227425,0.098596,0.994858,0.023152,0.228601,0.000000,-0.973520,1
165,8.207124,1,1,1,1,0.984679,-0.112645,4.534983,0.016865,-0.016825,4.304995,-0.272929,-0.465146,3.775856,-0.514937,-0.465514,3.184025,-0.659393,-0.581313,3.485097,-0.695470,-0.612125,3.452167,35.389496,0.079257,-143.228043,119.026306,0.0,165,1,1,1,35.339417,-3.374396,-0.968503,0.100423,-0.227855,0.097754,0.994945,0.022998,0.229013,0.000000,-0.973423,1
166,8.276091,1,1,1,1,0.984014,-0.114570,4.534434,0.015806,-0.020577,4.304304,-0.269695,-0.472730,3.776161,-0.511085,-0.493989,3.182129,-0.651390,-0.618224,3.481508,-0.687537,-0.649364,3.447569,35.389496,-2.213251,-145.291321,119.275696,0.0,166,1,1,1,35.106720,-5.165080,-0.968531,0.098559,-0.228546,0.095925,0.995131,0.022635,0.229664,0.000000,-0.973270,1
167,8.310575,1,1,1,1,0.983734,-0.115791,4.534049,0.015332,-0.022241,4.304017,-0.268412,-0.475734,3.776237,-0.509045,-0.505100,3.181243,-0.647657,-0.631844,3.480039,-0.683971,-0.663101,3.445686,35.389496,-3.121819,-146.280411,119.275696,0.0,167,1,1,1,34.970581,-5.850972,-0.968553,0.097770,-0.228791,0.095151,0.995209,0.022477,0.229892,0.000000,-0.973216,1
168,8.379543,1,1,1,1,0.983204,-0.118963,4.533097,0.014420,-0.025816,4.303540,-0.266013,-0.480841,3.776002,-0.504539,-0.523766,3.179326,-0.640961,-0.652811,3.477367,-0.677773,-0.683292,3.442614,35.071487,-4.811613,-149.157288,119.705139,0.0,168,1,1,1,34.662048,-6.987309,-0.968635,0.096423,-0.229018,0.093836,0.995341,0.022186,0.230090,0.000000,-0.973169,1
169,8.414026,1,1,1,1,0.982996,-0.120345,4.532668,0.014075,-0.027287,4.303342,-0.265084,-0.482670,3.775799,-0.502834,-0.530511,3.178433,-0.638653,-0.660160,3.476168,-0.675664,-0.690077,3.441330,34.940109,-5.456987,-150.528168,119.946655,0.0,169,1,1,1,34.545471,-7.395621,-0.968677,0.095890,-0.229066,0.093316,0.995392,0.022067,0.230126,-0.000000,-0.973161,1
170,8.482994,1,1,1,1,0.982612,-0.123616,4.531820,0.013491,-0.030235,4.303012,-0.263546,-0.485518,3.775099,-0.501217,-0.540482,3.176804,-0.636800,-0.669440,3.474228,-0.673963,-0.698014,3.439527,34.940109,-6.564613,-153.594498,120.694427,0.0,170,1,1,1,34.457245,-7.990765,-0.968769,0.095155,-0.228982,0.092603,0.995463,0.021888,0.230026,-0.000000,-0.973185,1
171,8.517477,1,1,1,1,0.982455,-0.125061,4.531441,0.013269,-0.031438,4.302875,-0.263017,-0.486620,3.774764,-0.500853,-0.543864,3.176118,-0.636578,-0.671920,3.473502,-0.673695,-0.699965,3.438943,34.940109,-6.968172,-154.799805,121.087524,0.0,171,1,1,1,34.440689,-8.180419,-0.968810,0.094910,-0.228910,0.092366,0.995486,0.021824,0.229948,0.000000,-0.973203,1
172,8.551961,1,1,1,1,0.982307,-0.126585,4.531078,0.013075,-0.032600,4.302754,-0.262593,-0.487582,3.774406,-0.500671,-0.546309,3.175461,-0.636754,-0.672855,3.472916,-0.673688,-0.700404,3.438588,34.814133,-7.301629,-155.810287,121.517365,0.0,172,1,1,1,34.435699,-8.303265,-0.968848,0.094760,-0.228811,0.092223,0.995500,0.021780,0.229845,-0.000000,-0.973227,1
173,8.620929,1,1,1,1,0.981985,-0.130044,4.530471,0.012755,-0.034959,4.302552,-0.262379,-0.489086,3.773628,-0.501310,-0.549724,3.174288,-0.638267,-0.672371,3.472152,-0.674504,-0.699087,3.438509,34.814133,-7.813138,-157.066406,122.508301,0.0,173,1,1,1,34.463745,-8.471745,-0.968904,0.094850,-0.228537,0.092316,0.995492,0.021775,0.229572,0.000000,-0.973292,1
174,8.655412,1,1,1,1,0.981846,-0.131535,4.530229,0.012639,-0.035918,4.302469,-0.262383,-0.489592,3.773249,-0.501548,-0.550644,3.173729,-0.638855,-0.671362,3.471869,-0.674749,-0.698095,3.438515,34.814133,-7.987249,-157.276947,122.964478,0.0,174,1,1,1,34.465942,-8.510260,-0.968923,0.094968,-0.228408,0.092435,0.995480,0.021790,0.229445,0.000000,-0.973322,1
175,8.724380,1,1,1,1,0.981440,-0.134875,4.529525,0.012175,-0.038070,4.302330,-0.263253,-0.490333,3.772415,-0.504085,-0.551736,3.172856,-0.641583,-0.668432,3.471798,-0.676762,-0.694985,3.439188,34.814133,-8.238443,-156.943054,123.834015,0.0,175,1,1,1,34.575409,-8.561875,-0.968957,0.095498,-0.228039,0.092958,0.995430,0.021877,0.229086,0.000000,-0.973406,1
176,8.758863,1,1,1,1,0.981247,-0.136279,4.529126,0.011916,-0.039018,4.302272,-0.263670,-0.490596,3.771985,-0.505304,-0.552093,3.172459,-0.642768,-0.667135,3.471816,-0.677684,-0.693501,3.439585,34.814133,-8.238443,-156.756287,124.212524,0.0,176,1,1,1,34.629013,-8.581251,-0.968977,0.095773,-0.227842,0.093230,0.995403,0.021922,0.228894,0.000000,-0.973451,1
177,8.827831,1,1,1,1,0.980741,-0.139636,4.527943,0.011149,-0.041155,4.302176,-0.264467,-0.491596,3.771124,-0.507870,-0.552618,3.171769,-0.644839,-0.664009,3.472182,-0.679215,-0.690175,3.440770,34.814133,-8.238443,-156.101700,124.881287,0.0,177,1,1,1,34.742279,-8.570139,-0.969047,0.096552,-0.227212,0.094002,0.995328,0.022041,0.228278,-0.000000,-0.973596,1
178,8.862315,1,1,1,1,0.980513,-0.141099,4.527328,0.010795,-0.042051,4.302135,-0.264752,-0.492189,3.770771,-0.508868,-0.552803,3.171504,-0.645578,-0.662612,3.472440,-0.679737,-0.688775,3.441399,34.814133,-8.238443,-155.771896,125.158508,0.0,178,1,1,1,34.784790,-8.548953,-0.969087,0.096940,-0.226876,0.094388,0.995290,0.022098,0.227950,-0.000000,-0.973673,1
179,8.931282,1,1,1,1,0.980006,-0.144400,4.525843,0.009995,-0.043817,4.302069,-0.265189,-0.493822,3.770226,-0.510517,-0.552964,3.171114,-0.646548,-0.658800,3.473318,-0.680453,-0.684255,3.443191,34.814133,-8.238443,-155.459442,125.670013,0.0,179,1,1,1,34.838501,-8.456020,-0.969202,0.097987,-0.225936,0.095428,0.995188,0.022246,0.227028,0.000000,-0.973888,1
180,8.965766,1,1,1,1,0.979792,-0.145817,4.525123,0.009656,-0.044554,4.302041,-0.265357,-0.494635,3.770034,-0.510990,-0.552984,3.170955,-0.646712,-0.656380,3.473876,-0.680546,-0.681571,3.444204,34.814133,-8.238443,-155.459442,125.895660,0.0,180,1,1,1,34.839630,-8.402643,-0.969260,0.098496,-0.225463,0.095935,0.995137,0.022316,0.226565,0.000000,-0.973996,1
181,9.000249,1,1,1,1,0.979589,-0.147176,4.524399,0.009333,-0.045265,4.302017,-0.265684,-0.495610,3.769976,-0.511381,-0.552860,3.170876,-0.646874,-0.652791,3.474657,-0.680684,-0.677870,3.445448,34.814133,-8.238443,-155.320587,126.110901,0.0,181,1,1,1,34.818924,-8.321624,-0.969324,0.099027,-0.224954,0.096464,0.995085,0.022387,0.226065,0.000000,-0.974112,1
182,9.069217,1,1,1,1,0.979177,-0.149995,4.522885,0.008678,-0.046726,4.301976,-0.267278,-0.498188,3.770450,-0.513797,-0.552463,3.171397,-0.650948,-0.644085,3.476695,-0.684171,-0.668833,3.448513,34.814133,-8.238443,-154.339081,126.499573,0.0,182,1,1,1,34.830612,-8.099099,-0.969482,0.100245,-0.223732,0.097677,0.994963,0.022541,0.224865,-0.000000,-0.974390,1
183,9.103701,1,1,1,1,0.978960,-0.151280,4.522215,0.008386,-0.047353,4.301960,-0.268389,-0.499574,3.770933,-0.515106,-0.552229,3.171862,-0.653510,-0.640030,3.477773,-0.686272,-0.664677,3.450099,34.814133,-8.238443,-153.726501,126.656586,0.0,183,1,1,1,34.821289,-7.974048,-0.969555,0.100817,-0.223159,0.098248,0.994905,0.022613,0.224302,0.000000,-0.974520,1
184,9.172668,1,1,1,1,0.977727,-0.153848,4.520219,0.007553,-0.048914,4.299983,-0.272452,-0.503619,3.771013,-0.518028,-0.550636,3.171498,-0.660121,-0.626236,3.478740,-0.690983,-0.654153,3.452007,34.814133,-7.918314,-149.736465,126.656586,0.0,184,1,1,1,34.696472,-7.506122,-0.969631,0.102007,-0.222283,0.099427,0.994784,0.022793,0.223448,0.000000,-0.974716,1
185,9.207152,1,1,1,1,0.977136,-0.154851,4.519478,0.007121,-0.049709,4.299163,-0.274518,-0.505709,3.771401,-0.519438,-0.550013,3.171621,-0.663111,-0.620562,3.479426,-0.693056,-0.649928,3.453154,34.814133,-7.758266,-147.846176,126.426514,0.0,185,1,1,1,34.632751,-7.277516,-0.969653,0.102499,-0.221962,0.099915,0.994733,0.022871,0.223137,0.000000,-0.974787,1
186,9.276119,1,1,1,1,0.975725,-0.156555,4.518680,0.006069,-0.051579,4.297797,-0.278945,-0.510686,3.773018,-0.522612,-0.548894,3.172647,-0.669810,-0.610683,3.481222,-0.697548,-0.642866,3.455935,34.814133,-7.319221,-143.618683,125.298645,0.0,186,1,1,1,34.534180,-6.753908,-0.969649,0.103221,-0.221646,0.100625,0.994658,0.023001,0.222837,0.000000,-0.974856,1
187,9.310603,1,1,1,1,0.975107,-0.157185,4.518440,0.005601,-0.052365,4.297230,-0.280661,-0.512861,3.773894,-0.524103,-0.548409,3.173296,-0.672981,-0.607137,3.482084,-0.699749,-0.640321,3.457251,34.814133,-7.120976,-141.930054,124.646912,0.0,187,1,1,1,34.523392,-6.525489,-0.969637,0.103475,-0.221580,0.100875,0.994632,0.023052,0.222776,0.000000,-0.974870,1
188,9.379570,1,1,1,1,0.973690,-0.158240,4.518206,0.004418,-0.054009,4.296286,-0.283851,-0.517820,3.776139,-0.528250,-0.547800,3.175373,-0.680335,-0.602206,3.484288,-0.705298,-0.636884,3.460311,34.814133,-6.652082,-138.783600,122.799438,0.0,188,1,1,1,34.644318,-6.048334,-0.969587,0.103702,-0.221692,0.101093,0.994608,0.023114,0.222894,0.000000,-0.974843,1
189,9.414054,1,1,1,1,0.973046,-0.158632,4.518071,0.003812,-0.054749,4.295894,-0.285197,-0.520082,3.777291,-0.530397,-0.547754,3.176540,-0.683780,-0.600754,3.485447,-0.708118,-0.635906,3.461826,34.814133,-6.452140,-137.593063,121.865479,0.0,189,1,1,1,34.732864,-5.851556,-0.969564,0.103734,-0.221776,0.101122,0.994605,0.023131,0.222979,-0.000000,-0.974823,1
190,9.483021,1,1,1,1,0.971593,-0.159249,4.517591,0.002236,-0.056356,4.295242,-0.288171,-0.525221,3.780048,-0.535929,-0.548429,3.179613,-0.690935,-0.600085,3.488487,-0.714571,-0.635557,3.465437,34.814133,-6.022357,-135.632645,119.726776,0.0,190,1,1,1,34.997498,-5.468970,-0.969549,0.103494,-0.221954,0.100884,0.994630,0.023095,0.223152,0.000000,-0.974784,1
191,9.517505,1,1,1,1,0.970950,-0.159453,4.517214,0.001443,-0.057099,4.294971,-0.289397,-0.527559,3.781389,-0.538394,-0.548831,3.181159,-0.693917,-0.600163,3.490012,-0.717380,-0.635675,3.467187,34.814133,-5.842350,-134.929993,118.725098,0.0,191,1,1,1,35.123535,-5.301642,-0.969557,0.103315,-0.222003,0.100709,0.994649,0.023060,0.223197,0.000000,-0.974773,1
192,9.551989,1,1,1,1,0.970288,-0.159592,4.516665,0.000533,-0.057919,4.294732,-0.290538,-0.529923,3.782702,-0.540825,-0.549049,3.182717,-0.696740,-0.600280,3.491540,-0.720105,-0.635762,3.468902,34.814133,-5.660299,-134.345276,117.735565,0.0,192,1,1,1,35.253006,-5.113455,-0.969587,0.103055,-0.221992,0.100455,0.994676,0.023000,0.223180,0.000000,-0.974777,1
193,9.620956,1,1,1,1,0.968920,-0.159648,4.515005,-0.001584,-0.059752,4.294333,-0.292485,-0.534646,3.785162,-0.546968,-0.547655,3.186099,-0.702934,-0.599937,3.494889,-0.728022,-0.634832,3.472009,35.179092,-5.185019,-133.680862,115.916748,0.0,193,1,1,1,35.649002,-4.573061,-0.969778,0.102126,-0.221589,0.099560,0.994772,0.022749,0.222754,-0.000000,-0.974875,1
194,9.655440,1,1,1,1,0.968382,-0.159597,4.514173,-0.002456,-0.060517,4.294168,-0.293154,-0.536505,3.786217,-0.549595,-0.546598,3.187658,-0.705346,-0.598947,3.496509,-0.731215,-0.634212,3.473413,35.342072,-4.967418,-133.459091,115.145264,0.0,194,1,1,1,35.831650,-4.313786,-0.969889,0.101638,-0.221326,0.099090,0.994822,0.022612,0.222478,0.000000,-0.974938,1
195,9.724407,1,1,1,1,0.967463,-0.159360,4.512468,-0.004013,-0.061960,4.293892,-0.294149,-0.539375,3.787882,-0.554244,-0.540785,3.190420,-0.708629,-0.592672,3.499689,-0.736638,-0.627623,3.476115,35.708481,-4.340421,-133.459091,113.929749,0.0,195,1,1,1,36.180267,-3.533100,-0.970209,0.100387,-0.220492,0.097891,0.994949,0.022247,0.221611,0.000000,-0.975135,1
196,9.758891,1,1,1,1,0.967131,-0.159255,4.511713,-0.004586,-0.062528,4.293777,-0.294408,-0.540177,3.788438,-0.556004,-0.537303,3.191513,-0.710297,-0.589199,3.500864,-0.739090,-0.624084,3.477024,35.862793,-4.042305,-133.459091,113.457581,0.0,196,1,1,1,36.326294,-3.146825,-0.970366,0.099799,-0.220068,0.097328,0.995008,0.022073,0.221173,0.000000,-0.975235,1
197,9.827859,1,1,1,1,0.966623,-0.159043,4.510344,-0.005490,-0.063515,4.293587,-0.294529,-0.540149,3.788631,-0.560509,-0.527351,3.193224,-0.716831,-0.580950,3.502019,-0.746583,-0.616230,3.477393,36.247757,-3.264153,-133.001404,112.744263,0.0,197,1,1,1,36.743423,-2.262224,-0.970721,0.098539,-0.219068,0.096121,0.995133,0.021692,0.220139,0.000000,-0.975469,1
198,9.862342,1,1,1,1,0.966447,-0.158963,4.509758,-0.005807,-0.063881,4.293508,-0.294521,-0.539798,3.788520,-0.563050,-0.522859,3.194010,-0.720657,-0.577438,3.502383,-0.750625,-0.613050,3.477351,36.430847,-2.922797,-132.686356,112.458313,0.0,198,1,1,1,36.980835,-1.897401,-0.970882,0.097983,-0.218603,0.095590,0.995188,0.021523,0.219660,-0.000000,-0.975576,1
199,9.931310,1,1,1,1,0.966205,-0.158807,4.508754,-0.006265,-0.064478,4.293376,-0.294407,-0.537648,3.787458,-0.569326,-0.512900,3.195231,-0.729305,-0.569982,3.502603,-0.759015,-0.604778,3.477151,36.928085,-2.178494,-131.706757,111.955231,0.0,199,1,1,1,37.568314,-1.220148,-0.971208,0.096904,-0.217632,0.094559,0.995294,0.021189,0.218661,-0.000000,-0.975801,1
200,9.965793,1,1,1,1,0.966132,-0.158748,4.508334,-0.006411,-0.064697,4.293322,-0.294443,-0.536485,3.786823,-0.571932,-0.508726,3.195675,-0.732782,-0.566713,3.502594,-0.762237,-0.600796,3.477079,37.147491,-1.873701,-131.273422,111.739624,0.0,200,1,1,1,37.806549,-0.958136,-0.971350,0.096446,-0.217202,0.094121,0.995338,0.021046,0.218219,0.000000,-0.975900,1
201,10.000277,1,1,1,1,0.966102,-0.158734,4.507941,-0.006507,-0.064901,4.293274,-0.294618,-0.535149,3.786091,-0.574439,-0.504748,3.195999,-0.736030,-0.563609,3.502478,-0.765131,-0.596715,3.477011,37.366180,-1.587506,-130.853943,111.540436,0.0,201,1,1,1,38.023117,-0.727832,-0.971485,0.096026,-0.216786,0.093721,0.995379,0.020914,0.217793,0.000000,-0.975995,1
202,10.069245,1,1,1,1,0.966242,-0.159059,4.507182,-0.006489,-0.065404,4.293193,-0.295373,-0.531846,3.784256,-0.578983,-0.496148,3.196167,-0.741449,-0.557643,3.501785,-0.769803,-0.587903,3.476667,37.810455,-1.009102,-130.192917,111.221130,0.0,202,1,1,1,38.382462,-0.264378,-0.971741,0.095324,-0.215947,0.093054,0.995446,0.020679,0.216934,-0.000000,-0.976186,1
203,10.103728,1,1,1,1,0.966353,-0.159320,4.506810,-0.006436,-0.065637,4.293160,-0.295823,-0.530377,3.783364,-0.580804,-0.492623,3.196152,-0.743525,-0.555399,3.501376,-0.771580,-0.584386,3.476456,37.986359,-0.777896,-129.980301,111.221130,0.0,203,1,1,1,38.514801,-0.083377,-0.971850,0.095059,-0.215570,0.092803,0.995472,0.020585,0.216551,0.000000,-0.976271,1
204,10.172696,1,1,1,1,0.967152,-0.160454,4.506962,-0.006174,-0.066285,4.295053,-0.297104,-0.527596,3.783545,-0.584706,-0.486310,3.198034,-0.747127,-0.551160,3.502728,-0.774652,-0.578615,3.478184,38.317535,-0.341101,-129.679749,111.221130,0.0,204,1,1,1,38.743942,0.221305,-0.972121,0.094784,-0.214468,0.092558,0.995498,0.020420,0.215438,0.000000,-0.976518,1
205,10.207179,1,1,1,1,0.967459,-0.161000,4.506977,-0.006054,-0.066596,4.295838,-0.297563,-0.526390,3.783474,-0.586036,-0.483723,3.198684,-0.748186,-0.549241,3.503201,-0.775518,-0.576378,3.478803,38.317535,-0.170741,-129.679749,111.221130,0.0,205,1,1,1,38.816956,0.341002,-0.972249,0.094714,-0.213920,0.092502,0.995504,0.020353,0.214886,0.000000,-0.976639,1
206,10.276147,1,1,1,1,0.967996,-0.162477,4.506794,-0.005821,-0.067452,4.297146,-0.298365,-0.524066,3.782913,-0.587705,-0.478629,3.199294,-0.749027,-0.545171,3.503627,-0.776049,-0.572307,3.479447,38.560501,0.157952,-129.449615,111.221130,0.0,206,1,1,1,38.873337,0.581169,-0.972523,0.094787,-0.212635,0.092600,0.995498,0.020246,0.213597,0.000000,-0.976922,1
207,10.310631,1,1,1,1,0.968188,-0.163185,4.506663,-0.005741,-0.067865,4.297689,-0.298699,-0.523148,3.782578,-0.588066,-0.476530,3.199398,-0.749013,-0.543442,3.503675,-0.775974,-0.570642,3.479569,38.560501,0.289612,-129.449615,111.221130,0.0,207,1,1,1,38.865295,0.685091,-0.972647,0.094862,-0.212034,0.092685,0.995490,0.020205,0.212995,0.000000,-0.977053,1
208,10.379598,1,1,1,1,0.968478,-0.164770,4.506288,-0.005662,-0.069028,4.298593,-0.299268,-0.521572,3.781622,-0.588033,-0.472893,3.199038,-0.748511,-0.540664,3.503176,-0.775653,-0.568106,3.479055,38.560501,0.542959,-129.449615,111.221130,0.0,208,1,1,1,38.779068,0.869167,-0.972907,0.095101,-0.210731,0.092946,0.995468,0.020132,0.211690,-0.000000,-0.977337,1
209,10.414082,1,1,1,1,0.968578,-0.165431,4.506105,-0.005644,-0.069576,4.298968,-0.299466,-0.520903,3.781095,-0.588122,-0.471602,3.198775,-0.748768,-0.539780,3.502763,-0.776001,-0.567285,3.478599,38.560501,0.542959,-129.449615,111.221130,0.0,209,1,1,1,38.750687,0.923765,-0.973024,0.095212,-0.210142,0.093066,0.995457,0.020099,0.211101,0.000000,-0.977464,1
210,10.483049,1,1,1,1,0.968731,-0.166719,4.505670,-0.005663,-0.070840,4.299593,-0.300256,-0.520020,3.780118,-0.590760,-0.469921,3.198737,-0.753680,-0.538886,3.501889,-0.780870,-0.566416,3.477555,38.560501,0.542959,-129.060349,110.972351,0.0,210,1,1,1,38.866577,0.978906,-0.973268,0.095391,-0.208924,0.093266,0.995440,0.020021,0.209881,0.000000,-0.977727,1
211,10.517533,1,1,1,1,0.968784,-0.167261,4.505460,-0.005683,-0.071408,4.299852,-0.300638,-0.519740,3.779680,-0.593113,-0.469405,3.199016,-0.758305,-0.538387,3.501443,-0.785091,-0.565619,3.477125,38.560501,0.542959,-128.737228,110.972351,0.0,211,1,1,1,39.019073,0.984286,-0.973378,0.095456,-0.208382,0.093341,0.995434,0.019983,0.209338,0.000000,-0.977844,1
212,10.552017,1,1,1,1,0.968837,-0.167832,4.505279,-0.005683,-0.072004,4.300082,-0.301185,-0.519583,3.779320,-0.597309,-0.468892,3.199828,-0.766561,-0.536708,3.501082,-0.792215,-0.563595,3.476992,38.750732,0.542959,-128.091125,110.810333,0.0,212,1,1,1,39.322159,0.986973,-0.973484,0.095508,-0.207861,0.093402,0.995429,0.019944,0.208816,0.000000,-0.977955,1
213,10.620984,1,1,1,1,0.968970,-0.169184,4.505155,-0.005524,-0.073178,4.300464,-0.302520,-0.517741,3.778088,-0.606395,-0.450748,3.202335,-0.779919,-0.500490,3.503225,-0.806597,-0.528425,3.479387,39.351257,1.331951,-126.137955,110.397858,0.0,213,1,1,1,40.124481,2.347855,-0.973673,0.095643,-0.206915,0.093554,0.995416,0.019881,0.207868,0.000000,-0.978157,1
214,10.655468,1,1,1,1,0.969024,-0.169805,4.505131,-0.005439,-0.073624,4.300622,-0.303173,-0.516736,3.777458,-0.608922,-0.440290,3.203432,-0.782398,-0.480890,3.504657,-0.810566,-0.509393,3.480783,39.607758,1.787778,-125.385818,110.220215,0.0,214,1,1,1,40.378235,3.156990,-0.973748,0.095723,-0.206523,0.093640,0.995408,0.019860,0.207476,0.000000,-0.978240,1
215,10.724435,1,1,1,1,0.969075,-0.171692,4.505073,-0.005262,-0.074367,4.300886,-0.304488,-0.513382,3.775658,-0.609615,-0.412133,3.204978,-0.777659,-0.432064,3.508266,-0.811196,-0.461705,3.484029,40.037659,3.331253,-124.492447,110.220215,0.0,215,1,1,1,40.591187,5.318627,-0.973850,0.096183,-0.205827,0.094105,0.995364,0.019889,0.206786,0.000000,-0.978386,1
216,10.758919,1,1,1,1,0.969071,-0.172675,4.505006,-0.005210,-0.074639,4.300995,-0.305017,-0.511927,3.774784,-0.609574,-0.399311,3.205794,-0.775704,-0.408622,3.509891,-0.810474,-0.439620,3.485853,40.197205,4.075337,-124.068619,110.220215,0.0,216,1,1,1,40.676468,6.310417,-0.973884,0.096473,-0.205532,0.094394,0.995336,0.019921,0.206495,-0.000000,-0.978448,1
217,10.827886,1,1,1,1,0.968953,-0.175721,4.504644,-0.005186,-0.075111,4.301178,-0.309542,-0.506373,3.772907,-0.610386,-0.355799,3.209548,-0.775139,-0.327798,3.512807,-0.813091,-0.365371,3.490046,40.482620,6.503637,-122.108627,110.220215,0.0,217,1,1,1,40.850113,9.630312,-0.973894,0.097673,-0.204916,0.095581,0.995219,0.020111,0.205901,0.000000,-0.978573,1
218,10.862370,1,1,1,1,0.968885,-0.177114,4.504433,-0.005193,-0.075286,4.301253,-0.312501,-0.503331,3.772065,-0.610864,-0.335164,3.211690,-0.775561,-0.290583,3.513893,-0.814646,-0.330214,3.491899,40.482620,7.671002,-121.084137,110.220215,0.0,218,1,1,1,40.892273,11.177530,-0.973887,0.098328,-0.204634,0.096226,0.995154,0.020219,0.205630,0.000000,-0.978630,1
219,10.931337,1,1,1,1,0.968300,-0.180197,4.502942,-0.005228,-0.075555,4.299431,-0.320378,-0.496339,3.768728,-0.608043,-0.278405,3.217682,-0.767260,-0.193916,3.515999,-0.805707,-0.239303,3.498304,40.482620,11.143572,-118.265854,110.220215,0.0,219,1,1,1,40.800079,15.614764,-0.973769,0.100168,-0.204304,0.098034,0.994971,0.020568,0.205336,0.000000,-0.978692,1
220,10.965821,1,1,1,1,0.968085,-0.181514,4.502282,-0.005252,-0.075675,4.298675,-0.324936,-0.494032,3.767885,-0.604258,-0.251491,3.221868,-0.757792,-0.152309,3.519069,-0.795996,-0.198904,3.503473,40.482620,12.822688,-117.113617,110.220215,0.0,220,1,1,1,40.536850,17.866415,-0.973700,0.101066,-0.204193,0.098914,0.994880,0.020743,0.205244,0.000000,-0.978711,1
221,11.000305,1,1,1,1,0.967364,-0.182736,4.500539,-0.005381,-0.075751,4.295938,-0.330248,-0.492255,3.765587,-0.596711,-0.223710,3.224853,-0.742274,-0.112687,3.521641,-0.780617,-0.159880,3.508054,40.346512,14.696288,-116.126205,110.371490,0.0,221,1,1,1,39.937683,20.324205,-0.973586,0.102008,-0.204266,0.099834,0.994784,0.020946,0.205337,-0.000000,-0.978691,1
222,11.069272,1,1,1,1,0.966136,-0.185487,4.497153,-0.005929,-0.076003,4.291379,-0.344589,-0.491392,3.764617,-0.575431,-0.163951,3.238227,-0.703623,-0.032113,3.534294,-0.741407,-0.079430,3.524996,39.361542,19.673100,-114.259628,110.953796,0.0,222,1,1,1,38.093307,26.081232,-0.973256,0.104201,-0.204730,0.101969,0.994556,0.021450,0.205850,-0.000000,-0.978584,1
223,11.103756,1,1,1,1,0.965160,-0.186587,4.494533,-0.006251,-0.076034,4.287420,-0.350036,-0.490552,3.762177,-0.564390,-0.140213,3.242474,-0.685658,-0.000212,3.538085,-0.723028,-0.047774,3.530841,38.814178,21.852543,-113.473465,111.293915,0.0,223,1,1,1,37.169998,28.399151,-0.973063,0.105218,-0.205128,0.102955,0.994449,0.021704,0.206273,0.000000,-0.978494,1
224,11.172723,1,1,1,1,0.963381,-0.189031,4.489359,-0.007435,-0.076264,4.280824,-0.360528,-0.488164,3.758434,-0.540826,-0.094838,3.253931,-0.652059,0.061957,3.547141,-0.687890,0.013614,3.544243,37.228760,26.674982,-111.380280,112.315735,0.0,224,1,1,1,35.187393,32.884346,-0.972601,0.107442,-0.206163,0.105107,0.994211,0.022280,0.207364,0.000000,-0.978264,1
225,11.207207,1,1,1,1,0.962570,-0.190106,4.487026,-0.008124,-0.076471,4.278087,-0.364560,-0.486722,3.756701,-0.530962,-0.076417,3.259598,-0.638845,0.087266,3.551389,-0.674015,0.038313,3.550545,36.516968,28.681053,-110.380661,112.846375,0.0,225,1,1,1,34.378845,34.706886,-0.972393,0.108434,-0.206623,0.106066,0.994104,0.022538,0.207849,0.000000,-0.978161,1
226,11.276175,1,1,1,1,0.960449,-0.192360,4.482264,-0.010399,-0.077040,4.273529,-0.371554,-0.482077,3.752743,-0.511406,-0.041441,3.271227,-0.614052,0.132847,3.560280,-0.648214,0.082061,3.563327,34.880447,32.791843,-107.991226,114.181824,0.0,226,1,1,1,32.773315,38.084793,-0.972031,0.110453,-0.207258,0.108025,0.993881,0.023033,0.208534,-0.000000,-0.978015,1
227,11.310658,1,1,1,1,0.959524,-0.193350,4.480231,-0.011378,-0.077301,4.271637,-0.374218,-0.479673,3.750807,-0.503564,-0.026938,3.276788,-0.604303,0.151622,3.564468,-0.638269,0.099933,3.569268,34.200241,34.462746,-106.925476,114.837524,0.0,227,1,1,1,32.157013,39.481796,-0.971883,0.111343,-0.207476,0.108889,0.993782,0.023246,0.208774,0.000000,-0.977964,1
228,11.379626,1,1,1,1,0.957726,-0.195472,4.476654,-0.013254,-0.077882,4.268487,-0.380830,-0.473757,3.747356,-0.489187,-0.001004,3.287512,-0.586416,0.185668,3.572196,-0.620059,0.131032,3.580683,32.701584,37.739124,-104.612717,116.381287,0.0,228,1,1,1,30.771957,41.957703,-0.971629,0.113166,-0.207680,0.110666,0.993576,0.023654,0.209022,0.000000,-0.977911,1
229,11.414109,1,1,1,1,0.957034,-0.196334,4.475135,-0.013972,-0.078125,4.267180,-0.384089,-0.471333,3.746066,-0.483760,0.008315,3.292192,-0.579528,0.198011,3.575545,-0.613125,0.142130,3.585678,32.066223,39.027905,-103.669586,117.125793,0.0,229,1,1,1,30.157700,42.899269,-0.971526,0.113964,-0.207722,0.111445,0.993485,0.023828,0.209085,0.000000,-0.977898,1
230,11.483077,1,1,1,1,0.955759,-0.197869,4.472431,-0.015330,-0.078633,4.265003,-0.392206,-0.466951,3.744662,-0.474609,0.023698,3.301454,-0.568765,0.218418,3.582152,-0.602587,0.160119,3.595275,30.635254,41.437935,-101.840912,118.831360,0.0,230,1,1,1,28.792770,44.541027,-0.971365,0.115498,-0.207629,0.112947,0.993308,0.024142,0.209028,0.000000,-0.977910,1
231,11.517561,1,1,1,1,0.955157,-0.198425,4.471183,-0.016020,-0.078894,4.264100,-0.395948,-0.465303,3.744268,-0.471370,0.029547,3.305777,-0.565180,0.225883,3.585347,-0.599180,0.166734,3.599698,30.033859,42.380707,-101.116577,119.642029,0.0,231,1,1,1,28.227371,45.212608,-0.971309,0.116133,-0.207537,0.113570,0.993234,0.024266,0.208951,-0.000000,-0.977926,1
232,11.552044,1,1,1,1,0.954487,-0.198901,4.470040,-0.016783,-0.079227,4.263301,-0.399865,-0.463551,3.744003,-0.468884,0.035153,3.310024,-0.562676,0.232575,3.588601,-0.596975,0.172876,3.603960,29.450577,43.244759,-100.449493,120.468475,0.0,232,1,1,1,27.698471,45.840275,-0.971271,0.116690,-0.207404,0.114117,0.993168,0.024369,0.208831,0.000000,-0.977952,1
233,11.621012,1,1,1,1,0.952725,-0.199727,4.468399,-0.018574,-0.080000,4.261971,-0.407607,-0.459239,3.743397,-0.465605,0.045362,3.317321,-0.560463,0.242214,3.594780,-0.595287,0.181905,3.611449,28.267975,44.837688,-99.356934,122.272705,0.0,233,1,1,1,26.745285,46.888702,-0.971228,0.117570,-0.207109,0.114984,0.993065,0.024520,0.208555,0.000000,-0.978011,1
234,11.655495,1,1,1,1,0.951868,-0.200135,4.467873,-0.019362,-0.080324,4.261419,-0.410571,-0.457387,3.743059,-0.464500,0.049031,3.320186,-0.559975,0.244945,3.597385,-0.594845,0.184443,3.614519,27.798706,45.445877,-98.988403,123.106323,0.0,234,1,1,1,26.389084,47.272808,-0.971208,0.117922,-0.207001,0.115332,0.993023,0.024581,0.208455,0.000000,-0.978032,1
235,11.724463,1,1,1,1,0.949619,-0.201130,4.467794,-0.021141,-0.080930,4.260499,-0.415378,-0.453563,3.742002,-0.462773,0.054069,3.323660,-0.560289,0.245967,3.601160,-0.594810,0.184812,3.618840,26.917542,46.454727,-98.704498,124.766235,0.0,235,1,1,1,25.782974,47.753674,-0.971107,0.118590,-0.207093,0.115982,0.992943,0.024734,0.208565,0.000000,-0.978009,1
236,11.758947,1,1,1,1,0.948514,-0.201570,4.468023,-0.021961,-0.081154,4.260118,-0.417118,-0.452014,3.741430,-0.462137,0.055648,3.324746,-0.560618,0.245587,3.602524,-0.594982,0.184028,3.620385,26.578934,46.816933,-98.704498,125.497498,0.0,236,1,1,1,25.561829,47.904930,-0.971042,0.118884,-0.207229,0.116266,0.992908,0.024812,0.208709,-0.000000,-0.977978,1
237,11.827914,1,1,1,1,0.946007,-0.202494,4.469411,-0.023613,-0.081522,4.259483,-0.420140,-0.448439,3.739977,-0.462424,0.058941,3.325869,-0.564809,0.244809,3.604108,-0.599250,0.182319,3.621977,26.052368,47.375069,-98.704498,126.804749,0.0,237,1,1,1,25.374374,48.093719,-0.970789,0.119513,-0.208051,0.116859,0.992833,0.025044,0.209553,0.000000,-0.977797,1
238,11.862398,1,1,1,1,0.944974,-0.202969,4.470192,-0.024256,-0.081698,4.259219,-0.421191,-0.446847,3.739203,-0.463528,0.060473,3.326226,-0.568732,0.244801,3.604437,-0.603364,0.181920,3.622192,25.904099,47.569130,-98.842163,127.342590,0.0,238,1,1,1,25.458725,48.152050,-0.970649,0.119805,-0.208537,0.117132,0.992797,0.025165,0.210050,0.000000,-0.977691,1
239,11.931365,1,1,1,1,0.942952,-0.204307,4.471762,-0.025573,-0.082083,4.258780,-0.425697,-0.444133,3.738664,-0.473057,0.063705,3.328241,-0.590174,0.244936,3.604919,-0.625571,0.181385,3.621828,25.904099,47.848148,-98.842163,128.115143,0.0,239,1,1,1,26.299988,48.207413,-0.970267,0.120540,-0.209886,0.117815,0.992708,0.025486,0.211427,0.000000,-0.977394,1
240,11.965849,1,1,1,1,0.941984,-0.204888,4.472150,-0.026427,-0.082235,4.258598,-0.428864,-0.443251,3.738898,-0.479326,0.065017,3.329788,-0.602708,0.244863,3.605372,-0.638338,0.181233,3.621743,26.126709,47.848148,-98.842163,128.390503,0.0,240,1,1,1,26.795395,48.232002,-0.970092,0.120890,-0.210493,0.118141,0.992666,0.025634,0.212048,0.000000,-0.977259,1
241,12.000333,1,1,1,1,0.940494,-0.205364,4.471212,-0.027430,-0.082286,4.256369,-0.432494,-0.441818,3.737139,-0.486992,0.066569,3.329194,-0.617365,0.245012,3.603333,-0.653501,0.181620,3.618909,26.446457,47.848148,-98.674377,128.583618,0.0,241,1,1,1,27.406921,48.205002,-0.969890,0.121255,-0.211213,0.118478,0.992621,0.025801,0.212783,0.000000,-0.977099,1
242,12.069300,1,1,1,1,0.937595,-0.206274,4.468720,-0.030071,-0.082280,4.252655,-0.442689,-0.438438,3.735386,-0.511979,0.070362,3.330474,-0.659748,0.243311,3.600863,-0.696780,0.182746,3.613542,27.783279,47.848148,-97.928040,128.583618,0.0,242,1,1,1,29.504562,48.022236,-0.969466,0.122083,-0.212678,0.119247,0.992520,0.026160,0.214281,0.000000,-0.976772,1
243,12.103784,1,1,1,1,0.936379,-0.206611,4.467362,-0.031351,-0.082233,4.251114,-0.447369,-0.436923,3.734912,-0.523969,0.071845,3.331441,-0.679773,0.241410,3.599976,-0.716752,0.182809,3.611053,28.466965,47.848148,-97.552521,128.583618,0.0,243,1,1,1,30.520630,47.903965,-0.969289,0.122459,-0.213266,0.119598,0.992474,0.026314,0.214883,0.000000,-0.976640,1
244,12.172751,1,1,1,1,0.933905,-0.207241,4.463828,-0.034434,-0.082055,4.248548,-0.459826,-0.433489,3.735764,-0.555003,0.074696,3.335591,-0.728483,0.235072,3.599828,-0.764455,0.181946,3.607043,30.448715,47.848148,-96.513916,128.101318,0.0,244,1,1,1,33.000366,47.525295,-0.969056,0.123260,-0.213863,0.120364,0.992374,0.026563,0.215506,0.000000,-0.976502,1
245,12.207235,1,1,1,1,0.932922,-0.207556,4.462045,-0.035749,-0.082015,4.247483,-0.465502,-0.431725,3.736450,-0.569027,0.075994,3.337829,-0.749945,0.232453,3.599890,-0.785338,0.181670,3.605293,31.359299,47.719292,-96.022614,127.810791,0.0,245,1,1,1,34.094482,47.332226,-0.968986,0.123620,-0.213972,0.120712,0.992330,0.026656,0.215626,0.000000,-0.976476,1
246,12.276202,1,1,1,1,0.930247,-0.208065,4.455557,-0.038668,-0.081849,4.241813,-0.481352,-0.427658,3.736428,-0.600900,0.079283,3.341165,-0.794489,0.227575,3.599247,-0.828400,0.181343,3.601201,33.466125,47.387848,-94.873840,126.938354,0.0,246,1,1,1,36.178879,46.961079,-0.968908,0.124369,-0.213893,0.121445,0.992236,0.026810,0.215566,0.000000,-0.976489,1
247,12.310686,1,1,1,1,0.929262,-0.208295,4.452419,-0.039934,-0.081828,4.239460,-0.488890,-0.426308,3.737339,-0.615218,0.081231,3.344280,-0.813375,0.226096,3.600722,-0.846567,0.181663,3.601203,34.373444,47.387848,-94.365417,126.480652,0.0,247,1,1,1,37.098816,46.890320,-0.968901,0.124695,-0.213733,0.121767,0.992195,0.026861,0.215415,0.000000,-0.976523,1
248,12.379653,1,1,1,1,0.926782,-0.208359,4.443943,-0.042542,-0.081853,4.231644,-0.504126,-0.422776,3.736504,-0.644314,0.086172,3.348553,-0.850088,0.223386,3.602398,-0.880878,0.182358,3.600625,36.391617,47.119289,-93.291382,125.261353,0.0,248,1,1,1,38.990234,46.773491,-0.968931,0.125211,-0.213294,0.122283,0.992130,0.026919,0.214986,0.000000,-0.976617,1
249,12.414137,1,1,1,1,0.925865,-0.208357,4.440080,-0.043674,-0.081937,4.228402,-0.510297,-0.421143,3.736432,-0.656974,0.088592,3.351235,-0.865816,0.222584,3.603929,-0.895564,0.182848,3.601227,37.264725,47.119289,-92.828644,124.639099,0.0,249,1,1,1,39.887360,46.738197,-0.968967,0.125394,-0.213025,0.122470,0.992107,0.026925,0.214720,0.000000,-0.976676,1
250,12.483105,1,1,1,1,0.924051,-0.208231,4.432569,-0.046263,-0.082213,4.223000,-0.521939,-0.416311,3.736564,-0.682513,0.093523,3.356568,-0.895636,0.221019,3.607797,-0.923459,0.183392,3.603591,39.203949,46.859058,-91.894989,123.082947,0.0,250,1,1,1,41.700851,46.523991,-0.969176,0.125552,-0.211978,0.122653,0.992087,0.026827,0.213668,0.000000,-0.976906,1
251,12.517588,1,1,1,1,0.923255,-0.208055,4.429276,-0.047401,-0.082290,4.220759,-0.526752,-0.413880,3.736710,-0.692588,0.095393,3.358667,-0.906659,0.220462,3.609539,-0.933840,0.183532,3.604725,39.993088,46.859058,-91.538391,122.330322,0.0,251,1,1,1,42.363586,46.404083,-0.969299,0.125571,-0.211405,0.122687,0.992085,0.026758,0.213092,0.000000,-0.977032,1
252,12.552072,1,1,1,1,0.922352,-0.207638,4.426257,-0.048640,-0.082298,4.218778,-0.531369,-0.411112,3.736856,-0.701501,0.097052,3.360180,-0.915750,0.220061,3.611001,-0.942394,0.183655,3.605697,40.711060,46.709011,-91.247498,121.565552,0.0,252,1,1,1,42.867722,46.258297,-0.969446,0.125519,-0.210758,0.122654,0.992091,0.026665,0.212438,0.000000,-0.977175,1
253,12.621040,1,1,1,1,0.920160,-0.205958,4.421384,-0.051335,-0.082179,4.215477,-0.540193,-0.404875,3.737154,-0.716268,0.099960,3.361556,-0.929252,0.219463,3.613111,-0.954666,0.183706,3.607294,41.902710,46.368385,-90.959045,119.960205,0.0,253,1,1,1,43.436996,45.929810,-0.969832,0.124985,-0.209298,0.122172,0.992159,0.026366,0.210952,-0.000000,-0.977496,1
254,12.655523,1,1,1,1,0.919185,-0.205044,4.419557,-0.052430,-0.082120,4.214108,-0.543484,-0.402230,3.737197,-0.721442,0.101054,3.361740,-0.933819,0.219243,3.613715,-0.958696,0.183678,3.607750,42.321884,46.224873,-90.959045,119.231689,0.0,254,1,1,1,43.581055,45.793774,-0.970011,0.124645,-0.208667,0.121858,0.992201,0.026214,0.210307,0.000000,-0.977635,1
255,12.724491,1,1,1,1,0.917025,-0.202243,4.417362,-0.054578,-0.081985,4.211828,-0.548460,-0.397200,3.736741,-0.728424,0.103047,3.360744,-0.938922,0.218861,3.614003,-0.962881,0.183492,3.607920,42.888443,45.939365,-90.959045,117.797577,0.0,255,1,1,1,43.617920,45.571751,-0.970377,0.123353,-0.207732,0.120621,0.992363,0.025822,0.209331,0.000000,-0.977845,1
256,12.758974,1,1,1,1,0.916079,-0.200721,4.416604,-0.055522,-0.081927,4.210881,-0.550074,-0.395321,3.736358,-0.730475,0.103817,3.360010,-0.940037,0.218729,3.613954,-0.963710,0.183416,3.607828,43.061081,45.939365,-91.094116,117.164398,0.0,256,1,1,1,43.579681,45.503693,-0.970538,0.122627,-0.207407,0.119920,0.992453,0.025627,0.208984,0.000000,-0.977919,1
257,12.827942,1,1,1,1,0.913977,-0.196769,4.415646,-0.057705,-0.081737,4.209305,-0.552516,-0.392303,3.735253,-0.732426,0.105308,3.358024,-0.939838,0.218617,3.613561,-0.963310,0.183460,3.607297,43.061081,45.939365,-91.519623,115.999603,0.0,257,1,1,1,43.338425,45.478851,-0.970882,0.120413,-0.207098,0.117764,0.992724,0.025120,0.208616,0.000000,-0.977998,1
258,12.862426,1,1,1,1,0.913136,-0.195128,4.415303,-0.058585,-0.081659,4.208651,-0.553460,-0.391218,3.734756,-0.732956,0.106111,3.357231,-0.939485,0.218814,3.613515,-0.962943,0.183842,3.607159,43.061081,45.939365,-91.712158,115.501709,0.0,258,1,1,1,43.219788,45.506939,-0.971031,0.119315,-0.207031,0.116693,0.992856,0.024880,0.208521,0.000000,-0.978018,1
259,12.931393,1,1,1,1,0.911884,-0.192246,4.415348,-0.059711,-0.081624,4.207561,-0.555770,-0.389665,3.734442,-0.733359,0.106942,3.355880,-0.937655,0.219086,3.613775,-0.961507,0.184353,3.607161,43.061081,45.939365,-92.176666,114.664978,0.0,259,1,1,1,42.840866,45.582207,-0.971287,0.116790,-0.207271,0.114219,0.993157,0.024374,0.208699,-0.000000,-0.977980,1
260,12.965877,1,1,1,1,0.911685,-0.191251,4.415868,-0.059652,-0.081731,4.207109,-0.556887,-0.389202,3.734680,-0.733500,0.107081,3.355556,-0.936805,0.219310,3.614162,-0.960838,0.184606,3.607456,43.061081,45.939365,-92.373810,114.325684,0.0,260,1,1,1,42.658432,45.614353,-0.971370,0.115647,-0.207523,0.113095,0.993290,0.024162,0.208924,0.000000,-0.977932,1
261,13.000360,1,1,1,1,0.911810,-0.190531,4.416784,-0.059129,-0.081999,4.206710,-0.558366,-0.388941,3.735421,-0.733508,0.106889,3.355523,-0.935284,0.219524,3.614964,-0.959601,0.184748,3.608191,42.900436,45.939365,-92.581085,114.041687,0.0,261,1,1,1,42.417862,45.643829,-0.971411,0.114533,-0.207950,0.111995,0.993419,0.023975,0.209328,0.000000,-0.977846,1
262,13.069328,1,1,1,1,0.913003,-0.189722,4.418714,-0.057262,-0.082777,4.206044,-0.562204,-0.388727,3.738262,-0.732998,0.106075,3.356273,-0.930116,0.220912,3.617707,-0.954993,0.185550,3.611079,42.410660,45.939365,-93.098541,113.683594,0.0,262,1,1,1,41.780060,45.711731,-0.971357,0.112351,-0.209388,0.109828,0.993669,0.023675,0.210722,0.000000,-0.977546,1
263,13.103812,1,1,1,1,0.913698,-0.189497,4.419498,-0.056363,-0.083112,4.205768,-0.563847,-0.388653,3.739784,-0.732635,0.105756,3.356773,-0.927493,0.221863,3.619167,-0.952544,0.186179,3.612693,42.180405,45.939365,-93.326080,113.683594,0.0,263,1,1,1,41.488770,45.739323,-0.971308,0.111423,-0.210110,0.108904,0.993773,0.023558,0.211427,-0.000000,-0.977394,1
264,13.172779,1,1,1,1,0.914983,-0.189506,4.419691,-0.054411,-0.083726,4.203360,-0.567258,-0.388181,3.741348,-0.730517,0.105105,3.355668,-0.920788,0.224355,3.619887,-0.946073,0.187749,3.613934,41.546661,45.939365,-93.871887,113.683594,0.0,264,1,1,1,40.730652,45.780121,-0.971081,0.109813,-0.211998,0.107287,0.993952,0.023422,0.213288,-0.000000,-0.976989,1
265,13.207263,1,1,1,1,0.915554,-0.189672,4.419714,-0.053652,-0.084066,4.202361,-0.568998,-0.388096,3.742393,-0.729802,0.104903,3.355525,-0.918266,0.225456,3.620544,-0.943602,0.188436,3.614867,41.260498,45.939365,-94.108795,113.683594,0.0,265,1,1,1,40.400940,45.805077,-0.970959,0.109166,-0.212886,0.106633,0.994024,0.023380,0.214166,-0.000000,-0.976797,1
266,13.276230,1,1,1,1,0.916994,-0.190369,4.419445,-0.052105,-0.084970,4.200696,-0.572631,-0.388084,3.745136,-0.727803,0.104354,3.355720,-0.913099,0.227436,3.622150,-0.938273,0.189326,3.617208,40.560776,45.939365,-94.656311,113.683594,0.0,266,1,1,1,39.659805,45.858593,-0.970689,0.108097,-0.214657,0.105547,0.994140,0.023341,0.215923,0.000000,-0.976411,1
267,13.310714,1,1,1,1,0.917721,-0.190615,4.419357,-0.051329,-0.085248,4.200006,-0.573827,-0.388010,3.746428,-0.726721,0.104045,3.355759,-0.910777,0.228155,3.622795,-0.935797,0.189563,3.618238,40.258057,45.939365,-94.893860,113.683594,0.0,267,1,1,1,39.348770,45.855690,-0.970564,0.107679,-0.215431,0.105121,0.994186,0.023333,0.216691,-0.000000,-0.976240,1
268,13.379681,1,1,1,1,0.919813,-0.190811,4.419415,-0.049012,-0.084898,4.198855,-0.572535,-0.387170,3.747636,-0.722859,0.103232,3.354256,-0.905253,0.229541,3.622113,-0.929814,0.189886,3.618430,39.685089,45.939365,-95.359436,113.927368,0.0,268,1,1,1,38.947342,45.702908,-0.970274,0.107188,-0.216976,0.104604,0.994239,0.023392,0.218234,0.000000,-0.975897,1
269,13.414165,1,1,1,1,0.920855,-0.190823,4.419397,-0.047885,-0.084430,4.198378,-0.570910,-0.386704,3.747735,-0.720886,0.102869,3.353146,-0.902808,0.230093,3.621278,-0.927160,0.189995,3.618006,39.479538,45.939365,-95.535217,113.927368,0.0,269,1,1,1,38.862076,45.597748,-0.970138,0.107074,-0.217641,0.104477,0.994251,0.023438,0.218899,0.000000,-0.975747,1
270,13.483132,1,1,1,1,0.923866,-0.190745,4.419385,-0.045497,-0.082452,4.199532,-0.566298,-0.386381,3.749498,-0.717668,0.102290,3.353353,-0.899330,0.231355,3.621667,-0.923256,0.190446,3.619209,39.259125,45.699863,-95.535217,113.927368,0.0,270,1,1,1,38.975342,45.391487,-0.969951,0.107434,-0.218295,0.104812,0.994212,0.023589,0.219566,-0.000000,-0.975598,1
271,13.517616,1,1,1,1,0.925193,-0.190667,4.419017,-0.044509,-0.081472,4.200010,-0.563562,-0.386162,3.749753,-0.715845,0.102022,3.352934,-0.897510,0.231861,3.621255,-0.921288,0.190652,3.619155,39.259125,45.699863,-95.535217,113.927368,0.0,271,1,1,1,39.053986,45.282639,-0.969896,0.107711,-0.218404,0.105080,0.994182,0.023662,0.219683,0.000000,-0.975571,1
272,13.552100,1,1,1,1,0.926575,-0.190499,4.418169,-0.043593,-0.080351,4.200433,-0.560598,-0.385922,3.749690,-0.713837,0.101819,3.352280,-0.895595,0.232491,3.620522,-0.919302,0.191025,3.618743,39.259125,45.569267,-95.535217,113.927368,0.0,272,1,1,1,39.134338,45.176983,-0.969880,0.108090,-0.218286,0.105452,0.994141,0.023734,0.219572,0.000000,-0.975596,1
273,13.621067,1,1,1,1,0.929482,-0.189496,4.414974,-0.041877,-0.076647,4.201138,-0.555078,-0.385613,3.749723,-0.710369,0.102297,3.351943,-0.892776,0.234893,3.619663,-0.916527,0.193059,3.618416,39.259125,45.343159,-95.535217,113.927368,0.0,273,1,1,1,39.332306,45.052021,-0.970033,0.109446,-0.216927,0.106807,0.993993,0.023885,0.218238,0.000000,-0.975896,1
274,13.655551,1,1,1,1,0.930712,-0.188830,4.413146,-0.041197,-0.074672,4.201430,-0.553030,-0.385544,3.749925,-0.709153,0.102672,3.352166,-0.891877,0.236120,3.619579,-0.915678,0.194218,3.618544,39.259125,45.343159,-95.535217,113.927368,0.0,274,1,1,1,39.415085,45.019817,-0.970144,0.110170,-0.216061,0.107536,0.993913,0.023949,0.217384,0.000000,-0.976086,1
275,13.724518,1,1,1,1,0.933219,-0.186848,4.408251,-0.039971,-0.069594,4.201917,-0.549041,-0.384612,3.750298,-0.706539,0.104178,3.352736,-0.890125,0.239009,3.619415,-0.914095,0.197313,3.618641,39.259125,45.343159,-95.258942,113.927368,0.0,275,1,1,1,39.516571,44.957119,-0.970564,0.112180,-0.213125,0.109569,0.993688,0.024060,0.214478,0.000000,-0.976729,1
276,13.759002,1,1,1,1,0.934239,-0.185866,4.405874,-0.039455,-0.067225,4.202119,-0.546920,-0.383943,3.750203,-0.705292,0.104909,3.352734,-0.889132,0.240191,3.619114,-0.913213,0.198666,3.618412,39.259125,45.343159,-95.129578,113.927368,0.0,276,1,1,1,39.580200,44.906746,-0.970786,0.113170,-0.211583,0.110574,0.993576,0.024100,0.212952,0.000000,-0.977063,1
277,13.827970,1,1,1,1,0.936187,-0.183589,4.400988,-0.038368,-0.061961,4.202456,-0.540926,-0.381150,3.748603,-0.702622,0.108642,3.352271,-0.886975,0.244234,3.618165,-0.911407,0.203728,3.617325,39.546692,45.122639,-94.755432,113.927368,0.0,277,1,1,1,39.916962,44.838699,-0.971349,0.115569,-0.207668,0.113015,0.993299,0.024162,0.209069,0.000000,-0.977901,1
278,13.862453,1,1,1,1,0.936944,-0.182551,4.398825,-0.037915,-0.059760,4.202596,-0.538390,-0.379804,3.747708,-0.701661,0.110809,3.352251,-0.886213,0.246430,3.617950,-0.910811,0.206482,3.616987,39.684296,45.122639,-94.574799,113.927368,0.0,278,1,1,1,40.097641,44.847008,-0.971614,0.116677,-0.205798,0.114144,0.993170,0.024177,0.207213,0.000000,-0.978296,1
279,13.931421,1,1,1,1,0.938361,-0.180144,4.395163,-0.036882,-0.055541,4.202828,-0.533831,-0.376687,3.745788,-0.700346,0.116715,3.353145,-0.885280,0.251479,3.618702,-0.910229,0.213084,3.617260,40.054749,45.122639,-94.123169,113.927368,0.0,279,1,1,1,40.531738,44.982510,-0.972185,0.118926,-0.201775,0.116445,0.992903,0.024168,0.203217,0.000000,-0.979134,1
280,13.965904,1,1,1,1,0.938916,-0.179129,4.393670,-0.036433,-0.053894,4.202925,-0.532191,-0.375403,3.744967,-0.699959,0.119310,3.353785,-0.885021,0.253596,3.619330,-0.910110,0.215874,3.617637,40.220139,45.122639,-93.926880,113.927368,0.0,280,1,1,1,40.716919,45.065174,-0.972437,0.119893,-0.199980,0.117436,0.992787,0.024150,0.201433,-0.000000,-0.979502,1
281,14.000388,1,1,1,1,0.939430,-0.178183,4.392402,-0.035967,-0.052381,4.203010,-0.530996,-0.374244,3.744348,-0.699753,0.121810,3.354687,-0.884908,0.255508,3.620274,-0.910086,0.218392,3.618334,40.384857,45.122639,-93.737457,113.927368,0.0,281,1,1,1,40.879639,45.163784,-0.972677,0.120799,-0.198259,0.118366,0.992677,0.024126,0.199721,0.000000,-0.979853,1
282,14.069356,1,1,1,1,0.940082,-0.176370,4.389454,-0.035006,-0.050152,4.201204,-0.531542,-0.372090,3.742554,-0.698713,0.126036,3.354992,-0.883925,0.257978,3.620914,-0.909217,0.221825,3.618475,40.384857,45.122639,-93.508514,113.927368,0.0,282,1,1,1,40.771179,45.414886,-0.973086,0.122342,-0.195283,0.119950,0.992488,0.024072,0.196761,-0.000000,-0.980452,1
283,14.103839,1,1,1,1,0.940399,-0.175699,4.388252,-0.034615,-0.049610,4.200454,-0.532673,-0.371428,3.742291,-0.698478,0.127573,3.355556,-0.883585,0.258730,3.621706,-0.908848,0.222901,3.619076,40.384857,45.122639,-93.508514,113.927368,0.0,283,1,1,1,40.645615,45.546837,-0.973256,0.122918,-0.194071,0.120545,0.992417,0.024037,0.195554,-0.000000,-0.980693,1
284,14.172807,1,1,1,1,0.941383,-0.174642,4.386365,-0.033655,-0.050026,4.199206,-0.536315,-0.370526,3.742896,-0.697984,0.129922,3.357249,-0.882415,0.259417,3.624112,-0.907353,0.224030,3.621261,40.384857,45.435585,-93.508514,114.256683,0.0,284,1,1,1,40.190765,45.838524,-0.973603,0.123391,-0.192022,0.121059,0.992358,0.023876,0.193501,0.000000,-0.981100,1
285,14.207290,1,1,1,1,0.941904,-0.174284,4.385667,-0.033156,-0.050534,4.198688,-0.537856,-0.370155,3.743292,-0.697728,0.130709,3.357977,-0.881816,0.259551,3.625202,-0.906576,0.224306,3.622286,40.384857,45.564297,-93.508514,114.411926,0.0,285,1,1,1,39.977325,45.950939,-0.973757,0.123438,-0.191209,0.121125,0.992352,0.023784,0.192682,-0.000000,-0.981261,1
286,14.276258,1,1,1,1,0.943298,-0.173861,4.385015,-0.031705,-0.052138,4.197825,-0.541012,-0.369572,3.744694,-0.697463,0.131802,3.359697,-0.880843,0.259515,3.627675,-0.905162,0.224463,3.624726,40.014481,45.820793,-93.828003,114.726501,0.0,286,1,1,1,39.537613,46.151047,-0.974053,0.122930,-0.190024,0.120655,0.992415,0.023538,0.191476,0.000000,-0.981497,1
287,14.310742,1,1,1,1,0.943928,-0.173754,4.384872,-0.031020,-0.052824,4.197467,-0.542357,-0.369396,3.745520,-0.697669,0.132126,3.360638,-0.880725,0.259448,3.628964,-0.904862,0.224451,3.626018,39.856537,45.820793,-93.966766,114.863190,0.0,287,1,1,1,39.382095,46.222359,-0.974175,0.122610,-0.189605,0.120352,0.992455,0.023424,0.191046,0.000000,-0.981581,1
288,14.379709,1,1,1,1,0.944864,-0.173598,4.384224,-0.029444,-0.054035,4.194923,-0.544138,-0.368791,3.745109,-0.697344,0.132180,3.359816,-0.879704,0.259023,3.628805,-0.903539,0.224084,3.625908,39.512634,45.820793,-94.285309,115.115875,0.0,288,1,1,1,39.069824,46.278843,-0.974299,0.121732,-0.189533,0.119492,0.992563,0.023245,0.190953,-0.000000,-0.981599,1
289,14.414193,1,1,1,1,0.945295,-0.173548,4.384125,-0.028740,-0.054479,4.193867,-0.544867,-0.368652,3.745132,-0.697556,0.132031,3.359631,-0.879577,0.258769,3.628920,-0.903333,0.223770,3.626056,39.380386,45.820793,-94.415924,115.115875,0.0,289,1,1,1,38.983154,46.284218,-0.974326,0.121319,-0.189661,0.119084,0.992614,0.023181,0.191073,0.000000,-0.981576,1
290,14.483160,1,1,1,1,0.946347,-0.173394,4.384824,-0.026999,-0.055181,4.192109,-0.545382,-0.368671,3.745422,-0.697621,0.131415,3.359477,-0.878791,0.258314,3.629332,-0.902562,0.223056,3.626548,39.380386,45.820793,-94.657379,115.115875,0.0,290,1,1,1,38.906769,46.268917,-0.974253,0.120439,-0.190594,0.118198,0.992721,0.023123,0.191992,0.000000,-0.981397,1
291,14.517644,1,1,1,1,0.946829,-0.173328,4.385360,-0.026190,-0.055428,4.191379,-0.545219,-0.368705,3.745500,-0.697353,0.131130,3.359343,-0.878160,0.258164,3.629441,-0.901983,0.222780,3.626689,39.380386,45.820793,-94.657379,115.115875,0.0,291,1,1,1,38.891052,46.257454,-0.974190,0.120053,-0.191157,0.117806,0.992768,0.023116,0.192550,-0.000000,-0.981287,1
292,14.552128,1,1,1,1,0.947354,-0.173268,4.386083,-0.025309,-0.055628,4.190734,-0.544479,-0.368716,3.745372,-0.696612,0.130834,3.358984,-0.877105,0.258071,3.629288,-0.901003,0.222535,3.626569,39.380386,45.820793,-94.657379,115.115875,0.0,292,1,1,1,38.893463,46.237720,-0.974098,0.119689,-0.191851,0.117433,0.992811,0.023129,0.193240,-0.000000,-0.981152,1
293,14.621095,1,1,1,1,0.948944,-0.173253,4.388968,-0.023366,-0.055966,4.191608,-0.541852,-0.369154,3.746719,-0.694059,0.130137,3.360036,-0.874474,0.258031,3.630481,-0.898540,0.221998,3.627851,39.380386,45.820793,-94.657379,115.115875,0.0,293,1,1,1,38.938507,46.218681,-0.973851,0.119021,-0.193513,0.116739,0.992892,0.023197,0.194899,0.000000,-0.980823,1
294,14.655579,1,1,1,1,0.949584,-0.173250,4.390316,-0.022544,-0.056076,4.191970,-0.540294,-0.369291,3.746999,-0.692227,0.129669,3.359990,-0.872723,0.257886,3.630436,-0.896887,0.221522,3.627856,39.380386,45.820793,-94.657379,115.115875,0.0,294,1,1,1,38.914093,46.197098,-0.973726,0.118747,-0.194309,0.116451,0.992925,0.023238,0.195694,0.000000,-0.980665,1
295,14.724546,1,1,1,1,0.950785,-0.173217,4.392956,-0.020941,-0.056235,4.192574,-0.536209,-0.369691,3.746667,-0.686336,0.127540,3.358025,-0.867790,0.256894,3.628013,-0.892118,0.219538,3.625607,39.069870,45.820793,-94.878876,115.115875,0.0,295,1,1,1,38.670059,46.078640,-0.973419,0.118265,-0.196137,0.115935,0.992982,0.023360,0.197523,-0.000000,-0.980298,1
296,14.759030,1,1,1,1,0.951270,-0.173188,4.394176,-0.020271,-0.056282,4.192824,-0.534244,-0.369922,3.746302,-0.683394,0.126164,3.356574,-0.865311,0.256121,3.626269,-0.889669,0.218211,3.623991,38.932571,45.820793,-94.878876,115.247650,0.0,296,1,1,1,38.520157,45.988834,-0.973269,0.118068,-0.196994,0.115721,0.993006,0.023422,0.198381,0.000000,-0.980125,1
297,14.827997,1,1,1,1,0.952691,-0.173179,4.397662,-0.018820,-0.056383,4.195190,-0.530651,-0.371222,3.747728,-0.677544,0.121882,3.355108,-0.860613,0.254126,3.623752,-0.884994,0.214405,3.621972,38.584717,45.820793,-94.878876,115.247650,0.0,297,1,1,1,38.136826,45.736038,-0.972977,0.117723,-0.198637,0.115344,0.993046,0.023548,0.200028,0.000000,-0.979790,1
298,14.862481,1,1,1,1,0.953264,-0.173172,4.399250,-0.018172,-0.056408,4.196172,-0.529227,-0.371774,3.748320,-0.674968,0.119770,3.354093,-0.858525,0.253164,3.622165,-0.882973,0.212450,3.620661,38.421280,45.820793,-95.011322,115.247650,0.0,298,1,1,1,37.930344,45.595329,-0.972845,0.117585,-0.199364,0.115191,0.993063,0.023606,0.200757,0.000000,-0.979641,1
299,14.931448,1,1,1,1,0.954424,-0.173160,4.402336,-0.016713,-0.056353,4.197807,-0.526700,-0.373086,3.749515,-0.669492,0.114696,3.351353,-0.854225,0.251236,3.617850,-0.878844,0.207850,3.617135,37.978790,45.572063,-95.246887,115.247650,0.0,299,1,1,1,37.409042,45.251797,-0.972551,0.117382,-0.200913,0.114955,0.993087,0.023748,0.202312,0.000000,-0.979321,1
300,14.965932,1,1,1,1,0.954924,-0.173145,4.403729,-0.016060,-0.056296,4.198485,-0.525620,-0.373631,3.750021,-0.667120,0.112557,3.349966,-0.852297,0.250508,3.615687,-0.876955,0.206019,3.615376,37.778351,45.572063,-95.246887,115.247650,0.0,300,1,1,1,37.176270,45.092300,-0.972413,0.117311,-0.201622,0.114868,0.993095,0.023817,0.203024,0.000000,-0.979174,1
301,15.000416,1,1,1,1,0.955463,-0.173105,4.405106,-0.015333,-0.056188,4.199085,-0.524366,-0.374124,3.750410,-0.664622,0.110525,3.348453,-0.850095,0.249934,3.613399,-0.874821,0.204449,3.613497,37.571991,45.412289,-95.246887,115.247650,0.0,301,1,1,1,36.952118,44.932358,-0.972269,0.117262,-0.202343,0.114803,0.993101,0.023892,0.203748,0.000000,-0.979023,1
302,15.069383,1,1,1,1,0.956721,-0.172952,4.407975,-0.013569,-0.055881,4.200084,-0.521309,-0.374936,3.750836,-0.659190,0.106871,3.345123,-0.844845,0.249499,3.608484,-0.870007,0.202359,3.609323,37.121567,45.065594,-95.246887,115.247650,0.0,302,1,1,1,36.541611,44.619194,-0.971924,0.117235,-0.204011,0.114734,0.993104,0.024083,0.205427,0.000000,-0.978672,1
303,15.103867,1,1,1,1,0.957261,-0.172872,4.409283,-0.012811,-0.055753,4.200499,-0.520084,-0.375234,3.751008,-0.656962,0.105532,3.343634,-0.842638,0.249470,3.606278,-0.867968,0.201742,3.607449,36.934479,44.921944,-95.246887,115.247650,0.0,303,1,1,1,36.372482,44.490452,-0.971759,0.117232,-0.204794,0.114712,0.993105,0.024175,0.206216,-0.000000,-0.978506,1
304,15.172834,1,1,1,1,0.958367,-0.172690,4.411623,-0.011359,-0.055622,4.201189,-0.518029,-0.375700,3.751314,-0.653023,0.103591,3.341022,-0.838969,0.250002,3.602166,-0.864494,0.201472,3.603971,36.563171,44.644283,-95.246887,115.247650,0.0,304,1,1,1,36.085098,44.286774,-0.971403,0.117213,-0.206491,0.114651,0.993107,0.024371,0.207924,0.000000,-0.978145,1
305,15.207318,1,1,1,1,0.958815,-0.172618,4.412616,-0.010795,-0.055604,4.201476,-0.517436,-0.375863,3.751523,-0.651630,0.102982,3.340008,-0.837716,0.250378,3.600458,-0.863288,0.201663,3.602536,36.414703,44.644283,-95.246887,115.247650,0.0,305,1,1,1,35.968719,44.211548,-0.971242,0.117196,-0.207254,0.114616,0.993109,0.024458,0.208692,0.000000,-0.977981,1
306,15.276286,1,1,1,1,0.959632,-0.172501,4.414254,-0.009840,-0.055635,4.201953,-0.516935,-0.375616,3.751964,-0.649734,0.103709,3.338962,-0.836190,0.252906,3.598041,-0.861768,0.204510,3.600525,36.155777,44.644283,-95.246887,115.521729,0.0,306,1,1,1,35.822388,44.192013,-0.970926,0.117124,-0.208770,0.114507,0.993117,0.024621,0.210217,0.000000,-0.977655,1
307,15.310769,1,1,1,1,0.959958,-0.172460,4.414902,-0.009486,-0.055656,4.202151,-0.516839,-0.375338,3.752137,-0.649238,0.104512,3.338724,-0.835823,0.254485,3.597175,-0.861404,0.206393,3.599807,36.155777,44.644283,-95.246887,115.521729,0.0,307,1,1,1,35.797089,44.209427,-0.970790,0.117085,-0.209422,0.114452,0.993122,0.024690,0.210872,0.000000,-0.977514,1
308,15.379737,1,1,1,1,0.960690,-0.172442,4.416026,-0.008697,-0.055709,4.202480,-0.516802,-0.373691,3.752198,-0.649334,0.108187,3.338983,-0.835995,0.259555,3.596312,-0.861563,0.213126,3.598972,36.155777,44.644283,-95.018494,115.817932,0.0,308,1,1,1,35.909332,44.331600,-0.970533,0.117001,-0.210658,0.114338,0.993132,0.024818,0.212115,0.000000,-0.977245,1
309,15.414220,1,1,1,1,0.961048,-0.172466,4.416584,-0.008274,-0.055730,4.202617,-0.516800,-0.372697,3.752166,-0.649690,0.110175,3.339269,-0.836315,0.262186,3.596097,-0.861889,0.216705,3.598701,36.155777,44.644283,-94.878052,115.957520,0.0,309,1,1,1,36.005020,44.394852,-0.970419,0.116968,-0.211199,0.114293,0.993136,0.024874,0.212659,0.000000,-0.977126,1
310,15.483188,1,1,1,1,0.961974,-0.172609,4.417738,-0.007149,-0.055766,4.202845,-0.516756,-0.369611,3.751794,-0.651032,0.115104,3.339894,-0.837308,0.267771,3.596056,-0.862867,0.224564,3.598350,36.155777,44.644283,-94.476654,116.292267,0.0,310,1,1,1,36.291779,44.510368,-0.970180,0.116949,-0.212308,0.114245,0.993138,0.025001,0.213774,0.000000,-0.976883,1
311,15.517672,1,1,1,1,0.962410,-0.172682,4.418273,-0.006619,-0.055779,4.202940,-0.516730,-0.368199,3.751589,-0.651644,0.117166,3.340164,-0.837730,0.269919,3.596112,-0.863279,0.227620,3.598236,36.155777,44.644283,-94.303528,116.456818,0.0,311,1,1,1,36.421997,44.552452,-0.970071,0.116950,-0.212803,0.114234,0.993138,0.025059,0.214273,0.000000,-0.976774,1
312,15.552155,1,1,1,1,0.962884,-0.172739,4.418802,-0.006047,-0.055789,4.203023,-0.516676,-0.366810,3.751376,-0.652280,0.119131,3.340454,-0.838147,0.271763,3.596289,-0.863688,0.230267,3.598228,36.155777,44.644283,-94.140076,116.628998,0.0,312,1,1,1,36.558624,44.589764,-0.969963,0.116959,-0.213291,0.114230,0.993137,0.025119,0.214765,-0.000000,-0.976666,1
313,15.621123,1,1,1,1,0.964010,-0.172761,4.419733,-0.004774,-0.055791,4.203162,-0.516299,-0.364252,3.750902,-0.653488,0.122580,3.341013,-0.838818,0.274211,3.596998,-0.864344,0.233973,3.598538,36.460968,44.644283,-93.875488,117.012817,0.0,313,1,1,1,36.853912,44.643829,-0.969743,0.116977,-0.214275,0.114222,0.993135,0.025239,0.215756,0.000000,-0.976447,1
314,15.655606,1,1,1,1,0.964523,-0.172743,4.420106,-0.004221,-0.055788,4.203220,-0.516015,-0.363288,3.750652,-0.653931,0.123826,3.341223,-0.839043,0.274919,3.597344,-0.864557,0.235132,3.598698,36.592026,44.644283,-93.875488,117.191284,0.0,314,1,1,1,36.985703,44.660614,-0.969648,0.116981,-0.214703,0.114215,0.993134,0.025290,0.216187,0.000000,-0.976352,1
315,15.724574,1,1,1,1,0.965706,-0.172656,4.420494,-0.003098,-0.055756,4.203316,-0.515179,-0.361298,3.749966,-0.654237,0.125648,3.341015,-0.839051,0.275042,3.597653,-0.864421,0.235515,3.598743,36.847305,44.644283,-93.875488,117.542114,0.0,315,1,1,1,37.176010,44.637661,-0.969486,0.116968,-0.215443,0.114182,0.993136,0.025374,0.216932,-0.000000,-0.976187,1
316,15.759058,1,1,1,1,0.966268,-0.172617,4.420522,-0.002620,-0.055730,4.203356,-0.514742,-0.360419,3.749587,-0.654244,0.126264,3.340731,-0.838982,0.274917,3.597627,-0.864277,0.235355,3.598629,36.847305,44.644283,-93.875488,117.694763,0.0,316,1,1,1,37.242401,44.612164,-0.969425,0.116959,-0.215724,0.114166,0.993137,0.025405,0.217214,0.000000,-0.976124,1
317,15.828025,1,1,1,1,0.967416,-0.172662,4.420205,-0.001726,-0.055653,4.203423,-0.512713,-0.359132,3.748262,-0.653541,0.126311,3.339163,-0.838305,0.273367,3.596622,-0.863189,0.232935,3.597709,37.080658,44.644283,-93.875488,117.694763,0.0,317,1,1,1,37.381134,44.480553,-0.969353,0.116975,-0.216035,0.114174,0.993135,0.025445,0.217528,0.000000,-0.976054,1
318,15.862509,1,1,1,1,0.967883,-0.172761,4.419947,-0.001397,-0.055676,4.203451,-0.511328,-0.359267,3.747512,-0.653150,0.125837,3.338436,-0.837989,0.272110,3.596175,-0.862693,0.230916,3.597381,37.080658,44.644283,-93.875488,117.694763,0.0,318,1,1,1,37.493835,44.428490,-0.969335,0.116991,-0.216106,0.114188,0.993133,0.025457,0.217601,0.000000,-0.976038,1
319,15.931476,1,1,1,1,0.969553,-0.173193,4.421131,-0.000884,-0.055933,4.207393,-0.499203,-0.365772,3.746793,-0.650800,0.116025,3.337676,-0.835252,0.254907,3.597697,-0.860140,0.209102,3.598978,37.699097,44.322853,-94.514771,117.694763,0.0,319,1,1,1,38.495377,43.908978,-0.969490,0.117050,-0.215379,0.114264,0.993126,0.025385,0.216869,0.000000,-0.976201,1
320,15.965960,1,1,1,1,0.970139,-0.173225,4.421632,-0.000683,-0.056060,4.209029,-0.491262,-0.370401,3.745436,-0.649178,0.109456,3.336443,-0.833648,0.243637,3.597863,-0.858565,0.195948,3.599020,38.059601,44.139618,-94.864990,117.513428,0.0,320,1,1,1,39.142487,43.589218,-0.969592,0.117055,-0.214915,0.114281,0.993125,0.025331,0.216403,0.000000,-0.976304,1
321,16.000444,1,1,1,1,0.970560,-0.172953,4.422094,-0.000588,-0.056232,4.210475,-0.481224,-0.377810,3.743664,-0.647116,0.100106,3.335196,-0.831638,0.227357,3.598492,-0.856133,0.178701,3.599346,38.537811,43.913162,-95.311035,117.225769,0.0,321,1,1,1,39.974213,43.232956,-0.969722,0.116988,-0.214368,0.114230,0.993133,0.025252,0.215850,0.000000,-0.976427,1
322,16.069410,1,1,1,1,0.971043,-0.170359,4.427363,-0.000612,-0.057133,4.216781,-0.444207,-0.410837,3.742793,-0.632470,0.044192,3.327272,-0.814552,0.135942,3.597982,-0.836047,0.085726,3.596961,39.858185,42.516846,-98.293518,116.046997,0.0,322,1,1,1,41.558319,40.718922,-0.970108,0.115870,-0.213225,0.113169,0.993264,0.024874,0.214671,0.000000,-0.976686,1
323,16.103895,1,1,1,1,0.970637,-0.168707,4.430689,-0.000781,-0.057836,4.219397,-0.425679,-0.428183,3.742413,-0.623750,0.013710,3.322095,-0.803095,0.086785,3.596760,-0.823196,0.035972,3.594563,40.416428,41.718830,-100.031769,115.387695,0.0,323,1,1,1,42.093216,39.321823,-0.970272,0.115073,-0.212910,0.112399,0.993357,0.024664,0.214333,-0.000000,-0.976761,1
324,16.172861,1,1,1,1,0.967276,-0.164225,4.445197,-0.001837,-0.060358,4.227652,-0.382588,-0.466825,3.745121,-0.594125,-0.081882,3.302493,-0.764513,-0.066918,3.584016,-0.781911,-0.117956,3.577338,40.932861,38.346882,-106.884857,113.584839,0.0,324,1,1,1,41.597839,34.005089,-0.970332,0.111848,-0.214351,0.109215,0.993725,0.024126,0.215704,0.000000,-0.976459,1
325,16.207346,1,1,1,1,0.965558,-0.162340,4.453951,-0.002538,-0.061628,4.233145,-0.365745,-0.482815,3.748649,-0.580084,-0.125414,3.294115,-0.746351,-0.135204,3.578114,-0.762071,-0.186354,3.569271,40.932861,36.613060,-110.191910,112.674225,0.0,325,1,1,1,40.992935,31.405178,-0.970288,0.110117,-0.215444,0.107499,0.993919,0.023869,0.216762,-0.000000,-0.976224,1
326,16.276314,1,1,1,1,0.957192,-0.158483,4.476607,-0.005378,-0.064700,4.242295,-0.333294,-0.509684,3.753007,-0.545915,-0.227378,3.269701,-0.705170,-0.286989,3.555203,-0.715234,-0.337996,3.541970,40.074585,31.282215,-118.060669,110.243469,0.0,326,1,1,1,38.969482,24.418354,-0.969483,0.105494,-0.221298,0.102849,0.994420,0.023477,0.222540,0.000000,-0.974924,1
327,16.310797,1,1,1,1,0.952611,-0.156830,4.487926,-0.006980,-0.065958,4.246091,-0.320122,-0.519536,3.754364,-0.530843,-0.269102,3.257872,-0.686504,-0.348512,3.543518,-0.694076,-0.398612,3.528540,39.576584,28.796709,-121.227081,109.005432,0.0,327,1,1,1,38.080673,21.330515,-0.968916,0.103274,-0.224801,0.100602,0.994653,0.023341,0.226010,0.000000,-0.974125,1
328,16.379765,1,1,1,1,0.940431,-0.153148,4.513917,-0.010728,-0.069108,4.252415,-0.296415,-0.532535,3.753940,-0.490818,-0.355020,3.230300,-0.627062,-0.481095,3.513560,-0.634074,-0.523065,3.495934,37.764709,22.513695,-128.187302,106.209351,0.0,328,1,1,1,35.431793,14.423844,-0.966727,0.097931,-0.236322,0.095130,0.995193,0.023255,0.237463,0.000000,-0.971397,1
329,16.414248,1,1,1,1,0.935218,-0.151614,4.527599,-0.012674,-0.070859,4.257107,-0.288405,-0.537076,3.755425,-0.474757,-0.392478,3.219718,-0.601367,-0.537763,3.501194,-0.609557,-0.575945,3.482412,36.898727,19.702425,-131.116165,104.936157,0.0,329,1,1,1,34.297379,11.257670,-0.965519,0.095363,-0.242236,0.092497,0.995443,0.023206,0.243345,0.000000,-0.969940,1
330,16.483215,1,1,1,1,0.922133,-0.148635,4.553575,-0.019423,-0.076652,4.264923,-0.275596,-0.541659,3.754319,-0.439348,-0.477094,3.196992,-0.548169,-0.658176,3.472036,-0.556508,-0.690435,3.451238,34.627548,12.696996,-137.028442,102.490936,0.0,330,1,1,1,31.703247,3.676982,-0.962338,0.088840,-0.256929,0.085834,0.996046,0.022916,0.257949,0.000000,-0.966159,1
331,16.517698,1,1,1,1,0.916491,-0.147565,4.565510,-0.023015,-0.079840,4.269199,-0.271037,-0.542930,3.753938,-0.423547,-0.509837,3.187483,-0.524708,-0.701409,3.460566,-0.533224,-0.731598,3.439161,33.613922,9.709222,-139.560272,101.441742,0.0,331,1,1,1,30.569077,0.734268,-0.960766,0.085646,-0.263804,0.082589,0.996326,0.022677,0.264777,0.000000,-0.964310,1
332,16.552183,1,1,1,1,0.910803,-0.146665,4.576486,-0.026892,-0.083487,4.272981,-0.266878,-0.543622,3.752673,-0.406851,-0.536431,3.177927,-0.500221,-0.732520,3.450813,-0.509373,-0.761234,3.429110,32.565704,6.878971,-142.441147,100.523132,0.0,332,1,1,1,29.417191,-1.622263,-0.959134,0.082227,-0.270740,0.079135,0.996614,0.022338,0.271660,-0.000000,-0.962393,1
